﻿<?xml version="1.0" encoding="utf-8"?>
<!--Arbortext, Inc., 1988-2004, v.4002-->
<!DOCTYPE dita PUBLIC "-//IBM//DTD DITA Composite//EN"
 "ditabase.dtd">
<?Pub UDT instructions _comment FontColor="red"?>
<?Pub UDT template _font?>
<dita xmlns:atict="http://www.arbortext.com/namespace/atict"><atict:info tracking="off"
ref="0"/><atict:user user="laleskin" fullname="Leskinen Lauri (EXT-Kudos-MSW/Helsinki)"/>
<atict:user user="petuomin" fullname="Tuominen Petteri (Nokia-TP-MSW/Helsinki)"/>
<topic id="mainTopic" otherprops="" product="documentTitle" rev="DN0667502">
<title>S60 Geocoding API Specification</title>
<prolog>
<copyright><copyryear year="2006"/><copyrholder>Nokia Corporation and/or its
subsidiaries<?Pub Caret?></copyrholder></copyright>
<metadata>
<category>Domain</category>
</metadata></prolog>
<body>
<table audience="S60 licensees" platform="3.2" rev="S603.2licensee">
<title>Changes in S60 3.2 Geocoding API documentation</title>
<tgroup cols="4">
<?PubTbl tgroup rth="1.00pt"?>
<colspec colname="col1" colwidth="0.67*"/><colspec colname="col2" colwidth="0.67*"/>
<colspec colname="col3" colwidth="1.33*"/><colspec colname="col4" colwidth="1.33*"/>
<thead>
<row>
<entry>Version</entry>
<entry>Date</entry>
<entry>Status</entry>
<entry>Description</entry>
</row>
</thead>
<tbody>
<row>
<entry>1.0</entry>
<entry>11.09.2006</entry>
<entry>Approved</entry>
<entry></entry>
</row>
</tbody>
</tgroup>
</table>
<table audience="S60 SDK" platform="3.2" rev="S603.2SDK">
<title>Changes in S60 3.2 Geocoding API </title>
<tgroup cols="2"><colspec colname="COLSPEC0" colwidth="0.33*"/><colspec colname="col1"
colwidth="1.67*"/>
<thead>
<row>
<entry>Version</entry>
<entry>Description</entry>
</row>
</thead>
<tbody>
<row>
<entry>1.0</entry>
<entry>First release</entry>
</row>
</tbody>
</tgroup>
</table>
</body>
</topic>
<topic id="topic1">
<title>Purpose</title>
<body>
<p>Geocoding API accompanies Map and Navigation API and enables clients access
geocoding features of provider applications, such as conversion street address
to coordinates and backwards.</p>
</body>
<topic id="topic1.1">
<title>S60 or Symbian OS exceptions</title>
<body>
<p>This API is available on S60 release 3.2 and later.</p>
</body>
</topic>
</topic>
<topic id="topic2">
<title>API Description</title>
<body>
<p>This API is intended for end-user applications, which possess any location-related
information and wish to utilize it with geocoding features. This is Client-Server
type of Library API. </p>
<p>This API does not implement these features itself but instead serves as
a gateway between client applications and provider applications, which actually
implement geocoding services. Provider applications are application servers
and perform in their own processes. Client applications can only request certain
services, which are executed in a separate application.</p>
</body>
<topic id="topic2.1">
<title>Use cases</title>
<body>
<p>The main use cases provided by the API are the following:</p>
<ul>
<li>Geocoding - retrieving coordinates for given address information</li>
<li>Reverse geocoding - retrieving address information for given coordinates</li>
</ul>
</body>
</topic>
<topic id="topic2.2">
<title>API class structure</title>
<body>
<p>This API provides single interface to geocoding features:<apiname>CMnGeocoder</apiname> class.<fig>
<title>Geocoding API Class Structure</title>
<image href="images\Geocoding_API_Class_Structure.PNG"></image></fig> This
class represents the connection to a provider application. It defines asynchronous
methods for making geocoding requests.</p>
</body>
</topic>
</topic>
<topic id="topic3">
<title>Using the Geocoding API</title>
<body>
<p>This API relies on functionality provided by external applications, Provider
Applications, which are executed in a separate process from client. Geocoding
services are accessed through the <apiname>CMnGeocoder</apiname> class. Client
creates it using either <codeph>NewL</codeph> or <codeph>NewChainedL</codeph> methods,
which differ in the way in which the provider application will be executed. </p>
<p>There are two execution modes available: standalone (the user can switch
between the client application and the provider application), initiated by
the <codeph>NewL</codeph> method, and "chained" (when provider application's
main window group is made child of client's window group, hiding the client
application from the user and making it impossible to switch back until the
provider application is closed), initiated by the <codeph>NewChainedL</codeph> method. </p>
<p>Some methods of <apiname>CMnGeocoder</apiname> are asynchronous, and they
must be completed or cancelled before any other asynchronous requests are
made. If an asynchronous method can leave, and it leaves, then no asynchronous
request is outstanding.</p>
<p>The connection to the provider application is closed when this class is
destroyed, but it does not necessarily mean that the provider application
is closed too. This depends on user actions and/or provider application behavior.</p>
<p>When <apiname>CMnGeocoder</apiname> is destroyed, the connection to the
provider application is closed. The further behavior of the provider application
depends on the mode it was started in:<ul>
<li>The provider application closes too, if started in chained (embedded)
mode.</li>
<li>If started standalone:<ul>
<li>if no views are open, the provider application closes.</li>
<li>if any view is open, the provider application remains running until it
is closed by the user.</li>
</ul></li>
</ul>Client can also set up observer object to be informed when provider application
exits, if it happens during the time <apiname>CMnGeocoder</apiname> object
is still in use. This may be caused, for example, if application crashes or
user closes it. Observer can be set up by calling <apiname>CMnGeocoder::SetObserverL()</apiname> and
removed by <apiname>CMnGeocoder::RemoveObserver()</apiname>. If such event
is received, client has to destroy appropriate <apiname>CMnMapView</apiname> or <apiname>CMnNavigator</apiname> objects.</p>
</body>
<topic id="topic3.1">
<title>Geocoding</title>
<body>
<p>Geocoding features allow client to find coordinates of a location, represented
by address information. Address information can be supplied as a landmark,
which has appropriate positioning fields set (see <codeph>_TPositionFieldId</codeph> in <i>LbsFieldIds.h</i>)
or as a plain string. There are two different overloads of the <codeph>FindCoordinateByAddressL</codeph> method
provided. These requests are asynchronous and must be completed or cancelled
before new requests are issued.</p>
<p>The result can be retrieved by <apiname>CMnGeocoder::RetrieveGeocodingResultL</apiname> to
a landmark. Coordinate information of the landmark is updated with the result
of the operation (if it completed successfully).</p>
<p>Address information may be incomplete or ambiguous, in which case the provider
application shows a dialog to the user asking to clarify the address. If it
is not acceptable, use <apiname>CMnGeocoder::EOptionDialogDisabled</apiname> with
the <apiname>CMnGeocoder::SetOptions</apiname> method to disable any dialogs
and ensure silent execution of the request. Note that only one result is returned
for geocoding requests, which means that if the address information cannot
be resolved to coordinate, the request completes with an error.<fig>
<title>Geocoding sequence diagram</title>
<image href="images\Geocoding_API_Geocoding_Sequence.PNG"></image></fig></p>
</body>
</topic>
<topic id="topic3.2">
<title>Reverse geocoding</title>
<body>
<p>Reverse geocoding features allow the client to find the address of a location,
represented by coordinates. The coordinate is supplied as a landmark, which
has a coordinate information set. Use overloads of the <apiname>CMnGeocoder::FindAddressByCoordinateL</apiname> method.
This is an asynchronous requests and must be completed or cancelled before
new requests are issued.</p>
<p>The result can be retrieved by <apiname>CMnGeocoder::RetrieveGeocodingResultL</apiname> to
a landmark. Address positioning fields of the landmark (see <codeph>_TPositionFieldId</codeph> in <i>LbsFieldIds.h</i>)
will be updated accordingly to the result of the operation.</p>
<p>Sometimes several address information sets may be available for a coordinate
(e.g. coordinate of the middle of a street is given), in which the case provider
application shows a dialog to the user asking to clarify the case. If it is
not acceptable, use <apiname>CMnGeocoder::EOptionDialogDisabled</apiname> with
the <apiname>CMnGeocoder::SetOptions</apiname> method to disable any dialogs
and ensure silent execution of the request. Note that only one result is returned
for reverse geocoding requests, which means that in unclear case the request
may be completed with an error.<fig>
<title>Reverse geocoding sequence diagram</title>
<image href="images\Geocoding_API_ReverseGeocoding_Sequence.PNG"></image>
</fig></p>
</body>
</topic>
<topic id="exGeocoding">
<title>Geocoding handler example</title>
<body>
<p>This chapter shows how clients call asynchronous geocoding services using
active objects.</p>
<p>In this example, the application defines a class derived from <codeph>CActive</codeph>,
which handles asynchronous geocoding operations. It also defines an observer
class with a callback method, which is called, once the requested operation
is completed.</p>
<example><codeblock>// The observer class
class MGeocodingObserver 
    {     
    public:
        // client must implement it
        virtual void HandleGeocodingCompletedL( CMnGeocoder&amp; aGeocoder, TInt aError ) = 0;     
    }; 

// The asynchronous operation handler class
class CActiveSelector : public CActive
    {
    public:         
        CActiveSelector( MGeocodingObserver&amp; aObserver );
        ~CActiveSelector();          
        
        // CActive-related methods
 	      void RunL();         
        void DoCancel();
        TInt RunError( TInt aError );          
        
        // Main operations
        
        // geocoding
        void FindCoordinateL( CPosLandmark&amp; aAddress, CMnProvider&amp; aProvider );
        // geocoding with plain string address 
        void FindCoordinateL( const TDesC&amp; aPlainAddress, CMnProvider&amp; aProvider );
        // reverse geocoding
        void FindAddressL( CPosLandmark&amp; aCoordinate, CMnProvider&amp; aProvider );
        
     private:        

        // disconnects from provider, when operation is completed         
        void Reset();
     
     private:         
        MGeocodingObserver&amp;    iObserver;
        CMnGeocoder*           iGeocoder;     
     }; 

CActiveGeocoder::CActiveGeocoder( MObserver&amp; aObserver ) 
:   CActive( CActive::EPriorityStandard ),
    iObserver( aObserver )
    {
    CActiveScheduler::Add( this );
    }

CActiveGeocoder::~CActiveGeocoder()
    {
    Cancel();
    }

void CActiveGeocoder::FindAddressL( CPosLandmark&amp; aCoordinate, CMnProvider&amp; aProvider )
    {
    if ( IsActive() )
        {
        // avoid two simultaneous asynchronous requests
        User::Leave( KErrInUse );
        }
        
    // create connection
    iGeocoder = CMnGeocoder::NewL( aProvider );
    
    // start request
    iGeocoder->FindAddressByCoordinateL( aCoordinate, iStatus );
    SetActive();
    }
    
void CActiveGeocoder::FindCoordinateL( CPosLandmark&amp; aAddress, CMnProvider&amp; aProvider )
    {
    if ( IsActive() )
        {
        // avoid two simultaneous asynchronous requests
        User::Leave( KErrInUse );
        }
        
    // create connection
    iGeocoder = CMnGeocoder::NewL( aProvider );
    
    // start request
    iGeocoder->FindCoordinateByAddressL( aAddress, iStatus );
    SetActive();
    }

void CActiveGeocoder::FindCoordinateL( const TDesC&amp; aPlainAddress, CMnProvider&amp; aProvider )
    {
    if ( IsActive() )
        {
        // avoid two simultaneous asynchronous requests
        User::Leave( KErrInUse );
        }
        
    // create connection
    iGeocoder = CMnGeocoder::NewL( aProvider );
    
    // start request
    iGeocoder->FindCoordinateByAddressL( aPlainAddress, iStatus );
    SetActive();
    }

void CActiveGeocoder::RunL()
    {
    // request is completed, inform observer
    iObserver.HandleGeocodingCompletedL( *iGeocoder, iStatus.Int() );
    Reset(); // disconnect once observer has retrieved result
    }
    
TInt CActiveGeocoder::RunError( TInt /*aError*/ )
    {
    Reset();
    return KErrNone;
    }

void CActiveGeocoder::DoCancel()
    {
    if ( IsActive() &amp;&amp; iGeocoder )
        {
        iGeocoder->Cancel();
        }
    Reset();
    }
    
void CActiveGeocoder::Reset()
    {
    delete iGeocoder;
    iGeocoder = NULL;
    }</codeblock></example>
<p>The application can use this helper class as shown below. Client's class
overrides <codeph>MGeocodingObserver::HandleGeocodingCompletedL</codeph> in
order to be informed when the geocoding operation is completed and retrieve
the result.</p>
<example><codeblock>// Some client's class
class CClient : public CBase, public MGeocodingObserver
    {
    ...
    public: // These methods start various geocoding operations
        void FetchAddressL();
        void FetchCoordinateL();
        void FetchCoordinateByPlainAddressL();
    
    protected: 
        void ConstructL();
    
    protected: // from MGeocodingObserver       
        // this is called by CActiveGeocoder when request done
        void HandleGeocodingCompletedL( CMnGeocoder&amp; aGeocoder, TInt aError );

    private:
        CActiveGeocoder* iGeocoder;
        CMnProvider*     iProvider;
    };
    
void CMnTestClientAppUi::ConstructL()
    {
    ...
    iGeocoder = new (ELeave) CActiveGeocoder( *this );
    
    // iProvider must be initialized to some provider application, 
    // which supports CMnProvider::EServiceGeocoding
    }

void CClientAppUi::FetchAddressL()
    {
    CPosLandmark* landmark = CPosLandmark::NewLC();

    TLocality loc( TCoordinate( 61.5, 23.4, 0 ), 0, 0 );
    landmark->SetPositionL(loc);

    // start operation using pre-chosen provider application
    iGeocoder->FindAddressL( *landmark, *iProvider );

    CleanupStack::PopAndDestroy( landmark );
    }
    
void CClientAppUi::FetchCoordinateL()
    {
    CPosLandmark* landmark = CPosLandmark::NewLC();
    lm->SetPositionFieldL( EPositionFieldCity, _L("Tampere") );

    // start operation using pre-chosen provider application
    iGeocoder->FindCoordinateL( *landmark, *iProvider );

    CleanupStack::PopAndDestroy( landmark );
    }

void CClientAppUi::FetchCoordinateByPlainAddressL()
    {
    _LIT( KPlainAddress, "Visiokatu Tampere Finland" );

    // start operation using pre-chosen provider application
    iGeocoder->FindCoordinateL( KPlainAddress, *iProvider );
    }

void CClientAppUi::HandleGeocodingCompletedL( CMnGeocoder&amp; aGeocoder, TInt aError )
    {
    // selection is done, analyze error code first...
    if ( aError )
        {
        // geocoding failed
        }
    else
        {
        // ... and retrieve result
        CPosLandmark* landmark = CPosLandmark::NewLC();
        aGeocoder.RetrieveGeocodingResultL( *landmark );
        
        // landmark contains requested data: address info or coordinate
        
        CleanupStack::PopAndDestroy( landmark );
        }
    }    </codeblock></example>
</body>
</topic>
<topic id="topic3.3">
<title>Error handling</title>
<body>
<p>This API uses only standard Symbian OS leave codes. Panic codes are defined
in <i>mnerrors.h</i> header file.</p>
<p><table>
<tgroup cols="2"><colspec colname="col1" colwidth="0.66*"/><colspec colname="col2"
colwidth="1.34*"/>
<tbody>
<row>
<entry><b>Panic code</b></entry>
<entry><b>Reason</b></entry>
</row>
<row>
<entry><codeph>KMnPanicDuplicateRequest</codeph></entry>
<entry>Raised if the client issues a new asynchronous request before the previous
one is completed or cancelled. For this API it happens if the client calls
one of asynchronous requests before the previous request is completed or cancelled.</entry>
</row>
</tbody>
</tgroup>
</table></p>
</body>
</topic>
<topic id="topic3.4">
<title>Memory overhead</title>
<body>
<p>The RAM usage of this API does not exceed usual overhead related to object
creation.</p>
</body>
</topic>
<topic id="topic3.5">
<title>Extensions to the API</title>
<body>
<p>This API does not allow extending.</p>
</body>
</topic>
<topic id="topicSeeAlso">
<title>See also</title>
<body>
<p>See also related APIs:<ul>
<li>Map and Navigation Provider Discovery API</li>
<li>Map and Navigation API</li>
<li>Map and Navigation AIW API</li>
<li>Landmarks API</li>
<li>Location Acquisition API</li>
</ul></p>
</body>
</topic>
</topic>
<topic id="topic4">
<title>Glossary</title>
<body></body>
<topic id="topic4.2">
<title>Definitions</title>
<body>
<p></p>
<table frame="all">
<title>Geocoding API definitions</title>
<tgroup cols="2"><colspec colname="col1"/><colspec colname="col2"/>
<tbody>
<row>
<entry colsep="1" rowsep="1"><p>Landmark</p></entry>
<entry rowsep="1"><p>A landmark is principally a location with a name.</p></entry>
</row>
<row>
<entry>Provider Application</entry>
<entry>An application, which implements map, navigation and geocoding services
and provides access to these features for clients of Map and Navigation API
and Geocoding API.</entry>
</row>
<row>
<entry>Geocoding</entry>
<entry>The process of translating address information to coordinates.</entry>
</row>
<row>
<entry>Reverse geocoding</entry>
<entry>The process of resolving address information by coordinates.</entry>
</row>
</tbody>
</tgroup>
</table>
</body>
</topic>
</topic>
</dita>
<?Pub *0000017747 0?>
