<?xml version="1.0" encoding="utf-8"?>
<!--Arbortext, Inc., 1988-2004, v.4002-->
<!DOCTYPE dita PUBLIC "-//IBM//DTD DITA Composite//EN"
 "ditabase.dtd">
<?Pub UDT instructions _comment FontColor="red"?>
<?Pub UDT template _font?>
<dita xmlns:atict="http://www.arbortext.com/namespace/atict"><atict:info tracking="off"
ref="0"/><atict:user user="laleskin" fullname="Leskinen Lauri (EXT-Kudos-MSW/Helsinki)"/>
<atict:user user="petuomin" fullname="Tuominen Petteri (Nokia-TP-MSW/Helsinki)"/>
<topic id="mainTopic" otherprops="" product="LandmarksDbMgmtAPI_1" rev="DN0669287">
<title>S60 Landmarks Database Management API</title>
<prolog>
<copyright><copyryear year="2006"/><copyrholder>Nokia Corporation and/or its
subsidiaries</copyrholder></copyright>
<metadata>
<category>SDK</category>
</metadata></prolog>
<body>
<table audience="S60 licensees" platform="3.1" rev="S603.1licensee">
<title>Changes in S60 3.1 Landmarks Database Management API documentation</title>
<tgroup cols="4">
<?PubTbl tgroup rth="1.00pt"?>
<colspec colname="col1" colwidth="0.67*"/><colspec colname="col2" colwidth="0.67*"/>
<colspec colname="col3" colwidth="1.33*"/><colspec colname="col4" colwidth="1.33*"/>
<thead>
<row>
<entry>Version</entry>
<entry>Date</entry>
<entry>Status</entry>
<entry>Description</entry>
</row>
</thead>
<tbody>
<row>
<entry>1.0</entry>
<entry>12.07.2005</entry>
<entry>Approved</entry>
<entry></entry>
</row>
<row>
<entry>2.0</entry>
<entry>10.10.2006</entry>
<entry>Approved</entry>
<entry>Documentation revised</entry>
</row>
</tbody>
</tgroup>
</table>
<table audience="S60 SDK" platform="3.1" rev="S603.1SDK">
<title>Changes in S60 3.1 Landmarks Database Management API </title>
<tgroup cols="2"><colspec colname="COLSPEC0" colwidth="0.33*"/><colspec colname="col1"
colwidth="1.67*"/>
<thead>
<row>
<entry>Version</entry>
<entry>Description</entry>
</row>
</thead>
<tbody>
<row>
<entry>1.0</entry>
<entry>First version</entry>
</row>
<row>
<entry>2.0</entry>
<entry>Documentation revised</entry>
</row>
</tbody>
</tgroup>
</table>
</body>
</topic>
<topic id="topic1">
<title>Purpose</title>
<body>
<p>The purpose of Landmarks Database Management API is to allow clients to
manage landmark databases, for example creating new databases or deleting
existing databases. The API is used mainly by end-user applications. In order
to access the databases, the client needs to use <xref format="html" href="Landmarks_APIIndexPage.html">Landmarks
API</xref>.</p>
</body>
<topic id="topic1.1">
<title>S60 or Symbian OS exceptions</title>
<body>
<p>Release validity set for release 3.1 but Landmarks Database Management
API is available from S60 release 3.0 onwards.<?Pub Caret?></p>
</body>
</topic>
</topic>
<topic id="topic2">
<title>API Description</title>
<body>
<p>Landmarks Database Management API is a Library API. Technically it is Client-Server
interface (implementation encapsulates a server session).</p>
</body>
<topic id="topic2.1">
<title>Use cases</title>
<body>
<ul>
<li>Getting information about available databases</li>
<li>Modifying database settings</li>
<li>Managing landmark databases</li>
<li>Listening to database-related events</li>
</ul>
</body>
</topic>
<topic id="topic2.2">
<title>API class structure</title>
<body>
<p>The main interface to the API is the<apiname>CPosLmDatabaseManager</apiname> class.
 The class <apiname>HPosLmDatabaseInfo</apiname> holds information about a
database and <apiname>TPosLmDatabaseSettings</apiname> is used to read or
change the settings for a database. The <apiname>TPosLmDatabaseEvent</apiname> class
is used when notifications about changes are requested.<fig>
<title>Landmarks Database Management API class structure</title>
<image href="images\Landmarks_DbMgmt_API_Class_Structure.png"></image></fig></p>
<p>This API also contains the <codeph>CPosLmDatabaseManagerPluginBase</codeph> class,
but it is not supposed to use by clients and reserved for future extensions.</p>
</body>
</topic>
</topic>
<topic id="topic3">
<title>Using the Landmarks Database Management API</title>
<body></body>
<topic id="topicListInfo">
<title>Listing landmark databases</title>
<body>
<p>The client can request list of all available landmark databases by using
the <apiname>CPosLmDatabaseManager::ListDatabasesLC()</apiname> method. It
is also possible to specify that only databases of some protocol should be
listed. For example, to get a list of only the local native databases, use
"file" protocol as input parameter, as in the first of the following examples.</p>
<p>The client can get more information about a database than only the database
URI. By using <apiname>CPosLmDatabaseManager::ListDatabasesL()</apiname> or <apiname>CPosLmDatabaseManager::GetDatabaseInfoL()</apiname> methods,
the client receives an instance of the <apiname>HPosLmDatabaseInfo</apiname> class,
which contains such properties as media where database is located, drive for
local database. whether this database is default or not, etc.</p>
<p>The first example uses less memory at the cost of performance, by first
getting URIs of databases and then retrieving database info for every particular
database.</p>
<example>           <codeblock>CPosLmDatabaseManager* dbManager = CPosLmDatabaseManager::NewL();
CleanupStack::PushL( dbManager );

// Get a list of databases
_LIT( KFileProtocol, "file" );
CDesCArray* dbList = dbManager->ListDatabasesLC( KFileProtocol );

for ( TInt i = 0; i &lt; dbList->Count(); ++i )
    {
    TPtrC dbUri = ( *dbList )[i];
    HPosLmDatabaseInfo* dbInfo = HPosLmDatabaseInfo::NewLC( dbUri );
    dbManager->GetDatabaseInfoL( *dbInfo ); // this is client-server call

    // Get information about the database
    TPtrC uri = dbInfo->DatabaseUri();
    TPtrC protocol = dbInfo->Protocol();
    TBool defaultDb = dbInfo->IsDefault();
    TChar drive = dbInfo->DatabaseDrive();
    TInt size = dbInfo->Size();

    CleanupStack::PopAndDestroy( dbInfo );
    }

// Destroy list
CleanupStack::PopAndDestroy( dbList );
CleanupStack::PopAndDestroy( dbManager );
</codeblock></example>
<p>The example below allocates memory for holding information about all the
databases at once.</p>
<example><codeblock>CPosLmDatabaseManager* dbManager = CPosLmDatabaseManager::NewL();
CleanupStack::PushL(dbManager);

// Get a list of database information
RPointerArray&lt;HPosLmDatabaseInfo> dbInfoList;
dbManager->ListDatabasesL( dbInfoList );

for ( TInt i = 0; i &lt; dbInfoList.Count(); ++i )
    {
    HPosLmDatabaseInfo* dbInfo = dbInfoList[i];

    // Get settings
    const TPosLmDatabaseSettings&amp; settings = dbInfo->Settings();
    // Check if a display name is set
    if ( settings.IsAttributeSet( TPosLmDatabaseSettings::EName ) )
        {
        TPtrC displayName = settings.DatabaseName();
        }
    }

// Destroy list
dbInfoList.ResetAndDestroy();

CleanupStack::PopAndDestroy( dbManager );
</codeblock></example>
</body>
</topic>
<topic id="topicGetInfo">
<title>Modifying database settings</title>
<body>
<p>The client applications can customize some settings of landmark databases
via the <apiname>CPosLmDatabaseManager::ModifyDatabaseSettingsL</apiname> method. <apiname>TPosLmDatabaseSettings</apiname> encapsulates
the attributes that can be set for a landmark database. Currently only database
name attribute is supported. The example below shows how to set a friendly
name for a database. Typically, applications will display this name instead
of the URI.</p>
<p>The following diagram shows how the client can change the display name
of a database.</p>
<fig>
<title>Modifying database name sequence diagram</title>
<image href="images\Landmarks_DbMgmt_API_Settings_Sequence.png"></image></fig>
<p>The following code example shows how the client can change the display
name of a database:</p>
<example><codeblock>_LIT( KDatabaseUri, "file://c:myLandmarks.ldb" );
_LIT( KDisplayname, "My landmarks" );

CPosLmDatabaseManager* dbManager = CPosLmDatabaseManager::NewL();
CleanupStack::PushL( dbManager );
HPosLmDatabaseInfo* dbInfo = HPosLmDatabaseInfo::NewLC( KDatabaseUri );

TPosLmDatabaseSettings&amp; settings = dbInfo->Settings();
settings.SetDisplayName( KDisplayName );
dbManager->ModifyDatabaseSettingsL( KDatabaseUri, settings );

CleanupStack::PopAndDestroy( dbInfo );
CleanupStack::PopAndDestroy( dbManager );
</codeblock></example>
</body>
</topic>
<topic id="topicManage">
<title> Managing landmark databases</title>
<body>
<p>To start managing landmark databases, the client needs to create an instance
of the <apiname>CPosLmDatabaseManager</apiname> class. Database URIs are used
to refer to landmarks databases (see <xref format="html" href="Landmarks_APIIndexPage.html">Landmarks
API</xref>).</p>
<p>Clients can create, copy, move and delete landmark databases. For example,
to create a new landmark database use the following code:</p>
<example><codeblock>_LIT(KDatabaseUri, "file://c:myLandmarks.ldb");

CPosLmDatabaseManager* dbManager = CPosLmDatabaseManager::NewL();
CleanupStack::PushL( dbManager );

HPosLmDatabaseInfo* dbInfo = HPosLmDatabaseInfo::NewLC( KDatabaseUri );
dbManager->CreateDatabaseL( *dbInfo );

CleanupStack::PopAndDestroy( dbInfo );
CleanupStack::PopAndDestroy( dbManager );
</codeblock></example>
<p>The actual implementation used to create the database depends on the type
of the URI. Method calls that have a URI parameter are blocking and can take
a long time to complete. This should be taken into consideration if the used
protocol is slow to perform the task. For local file access, this is fast.</p>
<p>The example below shows how to move a database between two drives on terminal:</p>
<example><codeblock>_LIT( KSourceUri, "file://c:myLandmarks.ldb" );
_LIT( KDestUri, "file://e:myLandmarks.ldb" );

CPosLmDatabaseManager* dbManager = CPosLmDatabaseManager::NewL();
CleanupStack::PushL( dbManager );

dbManager->CopyDatabaseL( KSourceUri, KDestUri );
dbManager->DeleteDatabaseL( KSourceUri );

CleanupStack::PopAndDestroy( dbManager );
</codeblock></example>
</body>
<topic id="topic3.1.1">
<title>Registering landmark databases</title>
<body>
<p>Some protocols may not support creating and deleting databases. In that
case, the client should use <apiname>CPosLmDatabaseManager::RegisterDatabaseL()</apiname> and <apiname>CPosLmDatabaseManager::UnregisterDatabaseL()</apiname
> respectively instead. By registering a database, a link is created so that
it is listed when a list of all landmarks databases is requested. Registering
is only done for remote databases. It is not supported for local files (those
of "file" protocol).</p>
</body>
</topic>
</topic>
<topic id="topicEvents">
<title>Listening to events</title>
<body>
<p>The client listens to database events such as creation of a new database
or changing default database location. Event notification is implemented via
asynchronous requests. <apiname>TPosLmDatabaseEvent</apiname> holds information
about the occurred event. Some events are associated with the URI of an affected
database, which can be retrieved by <apiname>CPosLmDatabaseManager::DatabaseUriFromLastEventLC()</apiname>. <b>Note:</b> This
should be done before a new request for notification is made.</p>
<p>The following diagram shows basic steps that the client performs to get
informed about, and to analyze database-related events.           <fig>
<title>Listening to database events                           </title>
<image href="images\Landmarks_DbMgmt_API_Events_Sequence.png"></image></fig></p>
</body>
</topic>
<topic id="topic3.2">
<title>Error handling</title>
<body>
<p>Landmarks Database Management API uses the standard Symbian error reporting
mechanism. In case of a serious error, panics are used. Otherwise, errors
are reported through return codes or leaves.</p>
<p>Landmarks Database Management API uses the same panic code category as <apiname>Landmarks
API</apiname>. The panic codes are documented in <xref format="html" href="Landmarks_API4.html#topicErrorHandling">Landmarks
API</xref> specification. </p>
</body>
</topic>
<topic id="topic3.3">
<title>Memory overhead</title>
<body>
<p>Depending on the type of the URI, an ECom plug-in will be loaded for the
used protocol. Memory usage will depend on the protocol. For local file access,
the memory usage will be low.</p>
</body>
</topic>
<topic id="topic3.4">
<title>Extensions to the API</title>
<body>
<p>This version of the API does not allow extensions.</p>
</body>
</topic>
<topic id="topicSecurity">
<title>Security issues</title>
<body>
<p>Landmarks are considered as important user data and this applies some access
limitations to client applications. For example, in order to be able to create
or remove landmark databases client must have <codeph>WriteUserData</codeph> capability.
Whenever special capabilities are needed, they are listed in appropriate class
and method descriptions.</p>
</body>
</topic>
</topic>
<topic id="topic4">
<title>Glossary</title>
<body></body>
<topic id="topic4.1">
<title>Abbreviations</title>
<body>
<table frame="all">
<title>Abbreviations</title>
<tgroup cols="2"><colspec colname="col1"/><colspec colname="col2"/>
<tbody>
<row>
<entry colsep="1">None</entry>
<entry></entry>
</row>
</tbody>
</tgroup>
</table>
</body>
</topic>
<topic id="topic4.2">
<title>Definitions</title>
<body>
<table frame="all">
<title>Definitions</title>
<tgroup cols="2"><colspec colname="col1"/><colspec colname="col2"/>
<tbody>
<row>
<entry colsep="1" rowsep="1">Landmark</entry>
<entry rowsep="1">A landmark is a named object that contains a location. The
location can be defined by various attributes, e.g. WGS 84 coordinates or
a textual address.</entry>
</row>
<row>
<entry colsep="1">Landmark database</entry>
<entry>Persistent storage of a collection of landmarks and landmark categories.</entry>
</row>
</tbody>
</tgroup>
</table>
</body>
</topic>
</topic>
<topic id="topic">
<title>References</title>
<body>
<table>
<tgroup cols="2"><colspec colname="col1"/><colspec colname="col2"/>
<tbody>
<row>
<entry>None</entry>
<entry></entry>
</row>
</tbody>
</tgroup>
</table>
</body>
</topic>
</dita>
<?Pub *0000014075 0?>
