﻿<?xml version="1.0" encoding="utf-8"?>
<!--Arbortext, Inc., 1988-2004, v.4002-->
<!DOCTYPE dita PUBLIC "-//IBM//DTD DITA Composite//EN"
 "ditabase.dtd">
<?Pub UDT instructions _comment FontColor="red"?>
<?Pub UDT template _font?>
<dita xmlns:atict="http://www.arbortext.com/namespace/atict"><atict:info tracking="off"
ref="0"/><atict:user user="laleskin" fullname="Leskinen Lauri (EXT-Kudos-MSW/Helsinki)"/>
<atict:user user="petuomin" fullname="Tuominen Petteri (Nokia-TP-MSW/Helsinki)"/>
<topic id="mainTopic" otherprops="" product="documentTitle" rev="DN0669115">
<title>S60 Map and Navigation Provider Discovery API</title>
<prolog>
<copyright><copyryear year="2006"/><copyrholder>Nokia Corporation and/or its
subsidiaries<?Pub Caret?></copyrholder></copyright>
<metadata>
<category>Domain</category>
</metadata></prolog>
<body>
<table audience="S60 licensees" platform="3.2" rev="S603.2licensee">
<title>Changes in S60 3.2 Map and Navigation Provider Discovery API documentation</title>
<tgroup cols="4">
<?PubTbl tgroup rth="1.00pt"?>
<colspec colname="col1" colwidth="0.67*"/><colspec colname="col2" colwidth="0.67*"/>
<colspec colname="col3" colwidth="1.33*"/><colspec colname="col4" colwidth="1.33*"/>
<thead>
<row>
<entry>Version</entry>
<entry>Date</entry>
<entry>Status</entry>
<entry>Description</entry>
</row>
</thead>
<tbody>
<row>
<entry>1.0</entry>
<entry>10.12.2006</entry>
<entry>Approved</entry>
<entry></entry>
</row>
</tbody>
</tgroup>
</table>
<table audience="S60 SDK" platform="3.2" rev="S603.2SDK">
<title>Changes in S60 3.2 Map and Navigation Provider Discovery API </title>
<tgroup cols="2"><colspec colname="COLSPEC0" colwidth="0.33*"/><colspec colname="col1"
colwidth="1.67*"/>
<thead>
<row>
<entry>Version</entry>
<entry>Description</entry>
</row>
</thead>
<tbody>
<row>
<?PubTbl row rht="0.34in"?>
<entry>1.0</entry>
<entry>First release</entry>
</row>
</tbody>
</tgroup>
</table>
</body>
</topic>
<topic id="topic1">
<title>Purpose</title>
<body>
<p>This API enables client to find out what provider applications are installed
and available to use with <apiname>Map and Navigation API</apiname> and <apiname>Geocoding
API</apiname> and retrieve their related information.</p>
</body>
<topic id="topic1.1">
<title>S60 or Symbian OS exceptions</title>
<body>
<p>This API is available from S60 release 3.2 onwards.</p>
</body>
</topic>
</topic>
<topic id="topic2">
<title>API Description</title>
<body>
<p>This API is intended for applications, which utilize <apiname>Map and Navigation
API</apiname> and/or <apiname>Geocoding API</apiname>. It gives access to
the list of available provider applications, which can be used with those
APIs and detailed information about them.</p>
</body>
<topic id="topic2.1">
<title>Use cases</title>
<body>
<p>The main use cases provided by the API are the following:</p>
<ul>
<li>Find provider applications:<ul>
<li>Find all provider applications</li>
<li>Find provider applications by services</li>
</ul></li>
<li>Retrieve provider application information</li>
</ul>
</body>
</topic>
<topic id="topic2.2">
<title>API class structure</title>
<body>
<p>This API provides two main classes:<ul>
<li><apiname>CMnProvider</apiname> - includes information about the provider
application, related to Map and Navigation and Geocoding APIs</li>
<li><apiname>MnProviderFinder</apiname> - allows discovering available provider
applications.</li>
</ul><fig>
<title>Map and Navigation Provider Discovery API Class Structure</title>
<image href="images\MapNavProviderDiscovery_API_Class_Structure.PNG"></image>
</fig><apiname>MnProviderFinder</apiname> is a static class. The <apiname>CMnProvider</apiname> instance
can be only retrieved from the result of discovery operations executed by <apiname>MnProviderFinder</apiname>.</p>
</body>
</topic>
</topic>
<topic id="topic3">
<title>Using the Map and Navigation Provider Discovery API</title>
<body>
<p>This API is a helper for <apiname>Map and Navigation API</apiname> and <apiname>Geocoding
API</apiname>. Its main purpose is to find provider applications, which can
be used with these APIs, and supply related information on them.</p>
</body>
<topic id="topic3.1">
<title> Find providers</title>
<body>
<p>In order to find provider applications for map view, navigation and geocoding
services, the client uses the <apiname>MnProviderFinder</apiname> class. It
is a static class, which implements two use cases: find all provider applications
or find only those applications, which support specific features.</p>
</body>
<topic id="topic3.1.1">
<title>Find all providers</title>
<body>
<p>The <apiname>MnProviderFinder</apiname> class defines the overload of the <codeph>FindProvidersL</codeph> method,
which accepts only one parameter - output list of pointers to the provider
information class, <apiname>CMnProvider</apiname>. The result is the list
of all provider applications available in the system. Detailed information
about what particular services they support can be found in the <apiname>CMnProvider::SupportedServices</apiname> method.<fig>
<title>Find All Providers sequence diagram</title>
<image href="images\MapNavProviderDiscovery_API_FindAll_Sequence.PNG"></image>
</fig></p>
<p>The following example shows how to find a specific provider application
(explicitly identified by its application UID) among all available provider
applications. The example is given in the form of a function, which retrieves
a list of all providers, compares all providers with the given UID and returns
the matching one, if found. The client gets ownership of the object. The function
leaves if no match is found.</p>
<example><codeblock>CMnProvider* GetProviderL( TInt aUid )
{
    CMnProvider* provider = NULL;
    RPointerArray&lt;CMnProvider> providers;

    // get all providers
    MnProviderFinder::FindProvidersL( providers );

    // now find the one, which matches given UID
    for ( TInt i = 0; i &lt; providers.Count(); i++ )
        {
        if ( providers[i]->Uid().iUid == aUid )
            {
            provider = providers[i];
            break;
            }
        }

    // cleanup array and return result
    if ( provider )
        {
        // if found, remove it from the array
        TInt pos = providers.Find( provider );
        providers.Remove( pos );

        // others are destroyed
        providers.ResetAndDestroy();
        }
    else
        {
        // if nothing's found, destroy all and leave
        providers.ResetAndDestroy();
        User::Leave( KErrNotFound );
        }
    return provider;
    }
</codeblock></example>
</body>
</topic>
<topic id="topic3.1.2">
<title>Find providers by services</title>
<body>
<p>If a client is only interested in providers, which support particular services,
it can retrieve such a list by calling another overload of the <codeph>FindProvidersL</codeph> method,
the one which accepts the second argument of type <apiname>CMnProvider::TServices</apiname>.
This data type is a bitmap of constants, defined in <apiname>CMnProvider::TService</apiname>,
each of which represents a specific map and navigation service. Provider applications,
which do not support any of the specified services are not returned.<fig>
<title>Find providers by services sequence diagram</title>
<image href="images\MapNavProviderDiscovery_API_FindByService_Sequence.PNG">
</image></fig></p>
<p>The following example shows how to find a provider application, which supports
specified services among all available provider applications. The example
is given in the form of a function, which retrieves a list of providers, supporting
specified services and returns the first one found. The client gets ownership
of the object. The function returns NULL if a match is not found.</p>
<example><codeblock>CMnProvider* GetFirstProviderL( CMnProvider::TServices aServicesNeeded )
    {
    RPointerArray&lt;CMnProvider> providers;

    MnProviderFinder::FindProvidersL( providers, aServicesNeeded );

    TInt count = providers.Count();
    CMnProvider* provider = NULL;

    if ( count )
        {
        provider = providers[0];
        providers.Remove( 0 );
        }

    providers.ResetAndDestroy();
    return provider;
    }
</codeblock></example>
<p>The input parameter of the function is the bitmap of service constants,
defined in the <apiname>CMnProvider</apiname> class. Callers may request that
the provider should support only a single service or a set of services.</p>
<example><codeblock>// find provider for map view service
CMnProvider* mapViewProvider = GetFirstProviderL( CMnProvider::EServiceMapView );

// find provider for geocoding and navigation services
const CMnProvider::TServices neededServices = 
       CMnProvider::EServiceNavigation | 
       CMnProvider::EServiceGeocoding;
CMnProvider* geocodingAndNavigationProvider = GetFirstProviderL( neededServices );</codeblock></example>
<p>Note that in the latter case, if no providers support both geocoding and
navigation services, NULL is returned.</p>
</body>
</topic>
</topic>
<topic id="topic3.2">
<title>Retrieve provider information</title>
<body>
<p>Provider application information can be retrieved from the <apiname>CMnProvider</apiname> class.
Methods of the class return various information about the provider application,
such as application and vendor localized names, application UID and version,
supported services. See <apiname>CMnProvider</apiname> class documentation
for details.</p>
</body>
</topic>
<topic id="topic3.3">
<title>Error handling</title>
<body>
<p>This API uses only standard Symbian OS leave codes.</p>
</body>
</topic>
<topic id="topic3.4">
<title>Memory overhead</title>
<body>
<p>The RAM usage of this API does not exceed usual overhead related to object
creation.</p>
</body>
</topic>
<topic id="topic3.5">
<title>Extensions to the API</title>
<body>
<p>This API does not allow extending,</p>
</body>
</topic>
<topic id="topicSeeAlso">
<title>See also</title>
<body>
<p>See also related APIs:<ul>
<li><apiname>Map and Navigation API</apiname></li>
<li><apiname>Geocoding API</apiname></li>
</ul></p>
</body>
</topic>
</topic>
<topic id="topic4">
<title>Glossary</title>
<body></body>
<topic id="topic4.2">
<title>Definitions</title>
<body>
<p></p>
<table frame="all">
<title>Map and Navigation Provider API definitions</title>
<tgroup cols="2"><colspec colname="col1"/><colspec colname="col2"/>
<tbody>
<row>
<entry colsep="1" rowsep="1"><p>Landmark</p></entry>
<entry rowsep="1"><p>A landmark is principally a location with a name.</p></entry>
</row>
<row>
<entry>Provider application</entry>
<entry>An application, which implements map, navigation and geocoding services
and provides access to these features for clients of Map and Navigation API
and Geocoding API.</entry>
</row>
</tbody>
</tgroup>
</table>
</body>
</topic>
</topic>
</dita>
<?Pub *0000010845 0?>
