<?xml version="1.0" encoding="utf-8"?>
<!--Arbortext, Inc., 1988-2004, v.4002-->
<!DOCTYPE dita PUBLIC "-//IBM//DTD DITA Composite//EN"
 "ditabase.dtd">
<?Pub UDT _bookmark _target?>
<?Pub UDT instructions _comment FontColor="red"?>
<?Pub UDT template _font?>
<dita xmlns:atict="http://www.arbortext.com/namespace/atict"><atict:info tracking="off"
ref="0"/><atict:user user="laleskin" fullname="Leskinen Lauri (EXT-Kudos-MSW/Helsinki)"/>
<atict:user user="petuomin" fullname="Tuominen Petteri (Nokia-TP-MSW/Helsinki)"/>
<topic id="Landmarks_API_1" otherprops="" product="Landmarks_API" rev="DN0669224">
<title>S60 Landmarks API Specification</title>
<prolog>
<copyright><copyryear year="2009"/><copyrholder>Nokia Corporation and/or its
subsidiaries</copyrholder></copyright>
<metadata><?Pub Caret?>
<category>SDK  </category>
</metadata></prolog>
<body>
<table audience="S60 licensees" platform="5.0" rev="S605.0licensee">
<title>Changes in S60 5.0 Landmarks API documentation</title>
<tgroup cols="4">
<?PubTbl tgroup rth="1.00pt"?>
<thead>
<row>
<entry>Version</entry>
<entry>Date</entry>
<entry>Status</entry>
<entry>Description</entry>
</row>
</thead>
<tbody>
<row>
<entry>1.0</entry>
<entry>11.07.2005</entry>
<entry>Approved</entry>
<entry></entry>
</row>
<row>
<entry>2.0</entry>
<entry>18.11.2005</entry>
<entry>Approved</entry>
<entry>Landmark and category serialization support added.</entry>
</row>
<row>
<entry>3.0</entry>
<entry>10.10.2006</entry>
<entry>Approved</entry>
<entry>Documentation revised</entry>
</row>
<row>
<entry>4.0</entry>
<entry>09.05.2007</entry>
<entry>Approved</entry>
<entry>GPX format import support added</entry>
</row>
<row>
<entry>5.0</entry>
<entry>26.09.2008</entry>
<entry>Approved</entry>
<entry>KML format import support added</entry>
</row>
<row>
<entry>6.0</entry>
<entry>10.06.2009</entry>
<entry>Approved</entry>
<entry>URL Encoding &amp; Decoding support added</entry>
</row>
</tbody>
</tgroup>
</table>
<table audience="S60 SDK" platform="5.0" rev="S605.0SDK">
<title>Changes in S60 5.0 Landmarks API</title>
<tgroup cols="2"><colspec colname="COLSPEC0" colwidth="0.33*"/><colspec colname="col1"
colwidth="1.67*"/>
<thead>
<row>
<entry>Version</entry>
<entry>Description</entry>
</row>
</thead>
<tbody>
<row>
<?PubTbl row rht="0.33in"?>
<entry>1.0</entry>
<entry>First version</entry>
</row>
<row>
<entry>2.0</entry>
<entry>Landmark and category serialization support added.</entry>
</row>
<row>
<entry>3.0</entry>
<entry>Documentation revised</entry>
</row>
<row>
<entry>4.0</entry>
<entry>GPX format import support added</entry>
</row>
<row>
<entry>5.0</entry>
<entry>KML format import support added</entry>
</row>
<row>
<entry>6.0</entry>
<entry>URL Encoding &amp; Decoding support added</entry>
</row>
</tbody>
</tgroup>
</table>
</body>
</topic>
<topic id="topic1">
<title>Purpose</title>
<body>
<p>The purpose of Landmarks API is to enable terminal applications to manage
landmarks in a consistent way. For instance, if a landmark is received in
an email and the user chooses to store the landmark in the terminal, the landmark
is instantly available for a map application.</p>
<p>This API does not provide search functionality. Search is provided by Landmarks
Search API.</p>
</body>
<topic id="topic1.1">
<title>S60 or Symbian OS exceptions</title>
<body>
<p>Landmarks API is available from S60 release 3.0 onwards. Support for importing
GPX content is added since S60 release 5.0. </p>
<p>Support for importing KML/KMZ content added since S60 release 5.1</p>
<p>Support for URL encoding &amp; decoding added since S60 release 5.2</p>
</body>
</topic>
</topic>
<topic id="topic2">
<title><?Pub Dtl?>API Description</title>
<body>
<p>Landmarks API is mainly targeted for end-user applications. It lets clients
access landmark databases and read/edit their content.</p>
<p>This API uses position classes and generic position field IDs from Location
Acquisition API to define the location of a landmark.</p>
<p>Landmarks API enables defining landmark categories. Landmark categories
are labels, which can be assigned to a landmark to define the type of the
landmark. For instance, a landmark of some restaurant could be a assigned
with category “Restaurants”.</p>
<p>Landmarks API provides an interface for listening to database events. Clients
can be notified when a landmark database is edited. </p>
<p>Landmarks API also offers methods for exporting landmark data to and importing
from exchange format, which enables exchanging landmarks between terminals.</p>
<p>As a part of the exchange format support,it provides encoding of a landmark
object into an URL &amp; parsing of an URL and decoding it into a landmark
object.</p>
<p>The logical type of the API is Library API. Technically it is method-call
interface. Landmarks API loads the implementation at run time but the implementation
consists only of local objects.</p>
</body>
<topic id="topicLandmarks">
<title><?Pub Dtl?>Landmarks</title>
<body>
<p>Landmark is a location with a name and it may also contain other data,
such as description, icon, address details etc. Landmarks are organized in
landmark databases, which reside on terminal or may be remote. Client can
read landmarks from a database, add new, modify and remove existing landmarks.</p>
</body>
<topic id="topicLmAttrs">
<title><?Pub Dtl?>Landmark attributes</title>
<body>
<p>A landmark can contain the following attributes:</p>
<table>
<title>Landmark attributes</title>
<tgroup cols="2">
<thead>
<row>
<entry>Landmark attribute</entry>
<entry>Description</entry>
</row>
</thead>
<tbody>
<row>
<entry>Item ID</entry>
<entry>This ID is a reference to the landmark in a landmark database. It is
locally unique within one database.</entry>
</row>
<row>
<entry>Landmark name</entry>
<entry>The name of the landmark can contain a maximum of 255 characters. The
landmark name does not have to be unique in a database.</entry>
</row>
<row>
<entry>Position</entry>
<entry>The WGS84 coordinate for the landmark.</entry>
</row>
<row>
<entry>Coverage radius</entry>
<entry>Coverage radius is set if the landmark is big, for example, a city.
It defines the size of the area, which the landmark represents. The coverage
area is specified in meters.</entry>
</row>
<row>
<entry>Category info</entry>
<entry>The categories related to the landmark, e.g. restaurant, gas station,
grocery store, etc. For more information about categories, see section <xref
format="html" href="#topicLmCats"><?Pub Dtl?>Landmark categories</xref>. 
 </entry>
</row>
<row>
<entry>Icon</entry>
<entry>A reference to an icon in an icon file which can be used to symbolize
the landmark in a UI. An icon mask can also be specified from the same icon
file.</entry>
</row>
<row>
<entry>Description</entry>
<entry>A textual description of the landmark, for example, “Chinese restaurant.
Nice atmosphere and the service is superb”. The description has a maximum
length of 4095 characters.</entry>
</row>
<row>
<?PubTbl row rht="1.41in"?>
<entry>Position fields</entry>
<entry>Generic position fields as defined by Location Acquisition API . A
position field can, for instance, be the street address of the landmark or
the name of the city where the landmark is found. Landmarks API only supports
text position fields. If the client wants to store a non-text field, the value
must first be converted to a textual representation. A landmark can contain
any number of position fields.</entry>
</row>
<row>
<?PubTbl row rht="1.41in"?>
<entry>Place ID</entry>
<entry>The unique id specified by the client for any location.</entry>
</row>
<row>
<entry>TimeStamp</entry>
<entry>The time associated with a landmark.The format that is used for timestamp
is YYYYMMDD:HHMMSS.MMMMMM wherein the date field is mandatory.Validations
for this field are the same as in TTime object.</entry>
</row>
</tbody>
</tgroup>
</table>
</body>
</topic>
</topic>
<topic id="topicLmCats">
<title><?Pub Dtl?>Landmark categories</title>
<body>
<p>A landmark may be assigned to one or many categories (or none at all).
Categories help to classify landmarks, group them, enable finer search criteria
etc. Landmark categories are also stored in landmark databases.</p>
</body>
<topic id="topicLocalGlobal">
<title><?Pub Dtl?>Local and global landmark categories</title>
<body>
<p>Landmark categories may be local or global. Local categories are defined
by the user. They are stored in a database and cannot be reused by multiple
databases unless the user creates the same category in several databases. </p>
<p>Global categories are predefined in the terminal and may be reused in multiple
databases and multiple phones and on different platforms. The Global Category
ID uniquely specifies a global category, which makes global categories localizable.
The names and icons of global categories are predefined in a resource file
and the category name is automatically changed in the database when it is
open if the terminal language changes since the last usage of the database. <b><?Pub Dtl?>Note:</b> The
global category name will not be changed to the newly selected language if
the user has previously renamed this category. </p>
<p>The predefined global landmark categories are listed in the following table:</p>
<table>
<title>Predefined global landmark categories</title>
<tgroup cols="3"><colspec colname="col1"/><colspec colname="col2"/><colspec
colname="col3"/>
<thead>
<row>
<entry>ID</entry>
<entry>Name</entry>
<entry>Purpose (examples of landmarks)</entry>
</row>
</thead>
<tbody>
<row>
<entry>3000</entry>
<entry>Accommodation</entry>
<entry>Hotel, Camping site</entry>
</row>
<row>
<entry>6000</entry>
<entry>Business</entry>
<entry>Bank, Factory, Office</entry>
</row>
<row>
<entry>9000</entry>
<entry>Communication</entry>
<entry>Internet Access Point, Public Telephone, Wireless LAN Hot Spot</entry>
</row>
<row>
<entry>12000</entry>
<entry>Educational institute</entry>
<entry>School, College</entry>
</row>
<row>
<entry>15000</entry>
<entry>Entertainment</entry>
<entry>Amusement park, Cinema, Concert hall, Night club</entry>
</row>
<row>
<entry>18000</entry>
<entry>Food &amp; Beverage</entry>
<entry>Fast food, Restaurant, Café, Bar</entry>
</row>
<row>
<entry>21000</entry>
<entry>Geographical area</entry>
<entry>City, City center, Town</entry>
</row>
<row>
<entry>24000</entry>
<entry>Outdoor activities</entry>
<entry>Camping site, Fishing place, Hunting, National park, Playground</entry>
</row>
<row>
<entry>27000</entry>
<entry>People</entry>
<entry>My home, My friend’s home, Father’s summer cottage, Child’s school</entry>
</row>
<row>
<entry>30000</entry>
<entry>Public service</entry>
<entry>Tourist information office, Government office, Library, Post office,
Hospital, Police</entry>
</row>
<row>
<entry>33000</entry>
<entry>Religious places</entry>
<entry>Church, Mosque</entry>
</row>
<row>
<entry>36000</entry>
<entry>Shopping</entry>
<entry>Market Place, Pharmacy, Shop, Shopping Center</entry>
</row>
<row>
<entry>39000</entry>
<entry>Sightseeing</entry>
<entry>Monument, Mountain top, Museum</entry>
</row>
<row>
<entry>42000</entry>
<entry>Sports</entry>
<entry>Bowling, Golf course, Ice hockey hall, Stadium</entry>
</row>
<row>
<entry>45000</entry>
<entry>Transport</entry>
<entry>Airport, Bus stop, Harbour, Railway Station, Rest area</entry>
</row>
</tbody>
</tgroup>
</table>
<p><?Pub Dtl?>Other IDs are reserved for future use. Names are given only
for reference purposes, localized names are defined for all languages supported
by the platform.</p>
</body>
</topic>
<topic id="topicCatAttrs"><?Pub Dtl?>
<title><?Pub Dtl?>Category attributes</title>
<body><?Pub Dtl?>
<p><?Pub Dtl?>A landmark category contains the following attributes:   </p>
<table><?Pub Dtl?>
<title>Landmark category attributes</title>
<tgroup cols="2">
<thead>
<row>
<entry>Category attribute</entry>
<entry>Description</entry>
</row>
</thead>
<tbody>
<row>
<entry>Item ID</entry>
<entry>This ID is a reference to the category in a landmark database. It is
locally unique within one database.</entry>
</row>
<row>
<entry>Category name</entry>
<entry>The name of the category can contain a maximum of 124 characters. The
category name must be unique in a database. If the client tries to change
the name of a category and that name is already occupied by another category,
the update fails.</entry>
</row>
<row>
<entry>Global category ID</entry>
<entry>This ID refers to a category in a globally defined category set.</entry>
</row>
<row>
<entry>Icon</entry>
<entry>A reference to an icon in an icon file, which can be used to symbolize
the category in a UI. An icon mask can also be specified from the same icon
file.</entry>
</row>
</tbody>
</tgroup>
</table>
</body>
</topic>
</topic>
<topic id="topicLmUrl">
<title><?Pub Dtl?>Landmark URL format specification</title>
<body>
<p>The URL that is required to be encoded or parsed should be specified according
to the following format.Check<xref href="#topic4.2"> References</xref> section
for more details.</p>
</body>
<topic id="topicNotations">
<title><?Pub Dtl?>Notations Used </title>
<body>
<p>* 	- 0 or more occurences  </p>
<p>1* 	- 1 or more occurrences </p>
<p>[]	- optional contents</p>
<p> ‘’	- literals </p>
<p> X*Y	- between X &amp; Y occurences ( For Eg : 2*5	- between 2 &amp; 5
occurences )</p>
</body>
</topic>
<topic id="topicGrammar">
<title><?Pub Dtl?>Grammar Definition</title>
<body>
<p>url -> [ protocol  ‘://’ ] hostname ‘/?’ location *[ ‘??’ location ]  
				        </p>
<p>protocol -> ‘http’ | ‘https’</p>
<p>hostname -> [‘www.’] ‘maps.ovi.com’ </p>
<p>location -> locationparams *[ '&amp;' locationparams ]</p>
<p>locationparams -> placeid | latitude | longitude | name | street | housenumber
| postalcode | city | state | country | telephone | web | category | description
| positionaccuracy | altitude | altitudeaccuracy | speed | heading | timestamp </p>
<lines>

</lines>
<p>placeid -> ‘pid =’ placeidvalue  </p>
<p>placeidvalue ->  0*255 [ alphanum | escaped ]  			 </p>
<p>alphanum -> alpha | digit </p>
<p>alpha    -> lowalpha | upalpha</p>
<p>lowalpha -> ‘a’ | ‘b’ | ‘c’ | ‘d’ | ‘e’ | ‘f’ | ‘g’ | ‘h’ | ‘i’ | ‘j’ |
‘k’ | ‘l’ | ‘m’ | ‘n’ | ‘o’ | ‘p’ | ‘q’ | ‘r’ | ‘s’ | ‘t’ | ‘u’ | ‘v’ | ‘w’
| ‘x’ | ‘y’ | ‘z’ </p>
<p>upalpha  -> ‘A’ | ‘B’ | ‘C’ | ‘D’ | ‘E’ | ‘F’ | ‘G’ | ‘H’ | ‘I’ | ‘J’ |
‘K’ | ‘L’ | ‘M’ | ‘N’ | ‘O’ | ‘P’ | ‘Q’ | ‘R’ | ‘S’ | ‘T’ | ‘U’ | ‘V’ | ‘W’
| ‘X’ | ‘Y’ | ‘Z’ </p>
<p>digit -> ‘0’ | ‘1’ | ‘2’ | ‘3’ | ‘4’ | ‘5’ | ‘6’ | ‘7’ | ‘8’ | ‘9’</p>
<p>escaped -> ‘%’ hex hex           </p>
<p>hex -> digit | ‘a’ | ‘b’ | ‘c’ | ‘d’ | ‘e’ | ‘f’ | ‘A’ | ‘B’ | ‘C’ | ‘D’
| ‘E’ | ‘F’</p>
<lines>

</lines>
<p>latitude -> ‘la =’ latitudevalue </p>
<p> latitudevalue -> [sign] 1*2 digit [ ‘.’0 *6 digit ]	 </p>
<p>sign -> ‘+’ | ‘-’</p>
<p><lines>

</lines></p>
<p>longitude -> ‘lo =’ longitudevalue </p>
<p>longitudevalue -> [sign] 1*3 digit [ ‘.’0 *6 digit ] <lines>

</lines></p>
<p>name -> ‘n =’ namevalue  </p>
<p>namevalue -> 0*255 ( alphanum | escaped ) </p>
<p><lines>

</lines></p>
<p>street -> ‘s =’ streetvalue  </p>
<p>streetvalue -> 0*255 ( alphanum | escaped )<lines>

</lines></p>
<p>housenumber -> ‘sn =’ housenumbervalue </p>
<p>housenumbervalue -> 0*255 ( alphanum | escaped )<lines>

</lines></p>
<p>postalcode -> ‘pz =’ postalcodevalue  </p>
<p>postalcodevalue -> 0*255 ( alphanum | escaped )<lines>

</lines></p>
<p>city -> ‘c =’ cityvalue  </p>
<p>cityvalue -> 0*255 ( alphanum | escaped )<lines>

</lines></p>
<p>state -> ‘sp =’ statevalue  </p>
<p>statevalue -> 0*255 ( alphanum | escaped )<lines>

</lines></p>
<p>country -> ‘cr =’ countryvalue  </p>
<p>countryvalue -> 0*255 ( alphanum | escaped ) <lines>

</lines></p>
<p>telephone -> ‘t =’ telephonevalue  </p>
<p>telephonevalue ->  0*255 ( alphanum | escaped )   <lines>

</lines>  </p>
<p>web -> ‘w =’ webvalue </p>
<p>webvalue ->0 *255 ( alphanum | escaped )<lines>

</lines></p>
<p>category -> ‘cat =’ categoryvalue  </p>
<p>categoryvalue -> 0*124 ( alphanum | escaped )<lines>

</lines></p>
<p>description -> ‘d =’ descriptionvalue  </p>
<p>descriptionvalue -> 0*4095 ( alphanum | escaped )<lines>

</lines></p>
<p>positionaccuracy -> ‘pa =’ positionaccuracyvalue         </p>
<p> positionaccuracyvalue -> 1* digit [ ‘.’ 0*2digit ]<lines>

</lines></p>
<p>altitude -> ‘a=’ altitudevalue  </p>
<p>altitudevalue -> [sign] 1* digit [ ‘.’ 0*2 digit ] <lines>

</lines></p>
<p>altitudeaccuracy -> ‘aa =’ altitudeaccuracyvalue  </p>
<p>altitudeaccuracyvalue -> 1* digit [ ‘.’0 *2 digit ] <lines>

</lines>                 </p>
<p>speed -> ‘v =’ speedvalue  </p>
<p>speedvalue -> 1* digit [ ‘.’0 *2 digit ]<lines>

</lines></p>
<p>heading -> ‘h =’ headingvalue   </p>
<p>headingvalue -> 1* digit [ ‘.’0 *2 digit ]    <lines>

</lines>        </p>
<p>timestamp -> ‘ts =’ timestampvalue  </p>
<p>timestampvalue -> full-date ':' [ full-time ]		 </p>
<p>full-date -> date-fullyear date-month date-mday </p>
<p>full-time -> time-hour time-minute time-second ['.'time-microseconds]</p>
<p>time-microseconds -> 0*6digit </p>
<p>time-second -> 2digit </p>
<p>time-minute -> 2digit  </p>
<p>time-hour -> 2digit  </p>
<p>date-mday -> 2digit  </p>
<p>date-month -> 2digit   </p>
<p>date-fullyear -> 4digit </p>
</body>
</topic>
<topic id="topicRestrictions">
<title><?Pub Dtl?>Restrictions</title>
<body>
<p><table>
<tgroup cols="2"><colspec colname="col1" colwidth="0.54*"/><colspec colname="col2"
colwidth="1.46*"/>
<tbody>
<row>
<entry>locationparams</entry>
<entry>Latitude &amp; longitude params are mandatory.Except the category param
( cat ),if there is repetition of any other params then only the value of
the first occurrence is considered.The category param is allowed to be repeated
in order to support multiple categories to be associated with a single landmark.</entry>
</row>
<row>
<entry>latitudevalue</entry>
<entry>Value ranges between -90 and +90,where negative values indicate southern
hemisphere &amp; positive values indicate northern hemisphere.The decimal
number is rounded upto 6 decimal digits.</entry>
</row>
<row>
<entry>longitudevalue</entry>
<entry>Value ranges between -180 and +180,where negative values indicate western
hemisphere &amp; positive values indicate eastern hemisphere.The decimal number
is rounded upto 6 decimal digits.</entry>
</row>
<row>
<entry>escaped</entry>
<entry>Only special characters whose Ascii value ( provided in hex ) ranges
between these are to be escaped : 20 – 2F , 3A – 40 , 5B – 60 , 7B – 7E  
 . Refer <xref href="#topic4.2">References</xref> section for ascii table</entry>
</row>
<row>
<entry>positionaccuracyvalue</entry>
<entry>Max value is that of max value of TReal32 .The metric considered here
is metres.The decimal number is rounded upto 2 decimal digits.</entry>
</row>
<row>
<?PubTbl row rht="0.55in"?>
<entry>altitudevalue</entry>
<entry>Max value is that of max value of TReal32 .The metric considered here
is metres.The decimal number is rounded upto 2 decimal digits.</entry>
</row>
<row>
<entry>altitudeaccuracyvalue</entry>
<entry>Max value is that of max value of TReal32 The metric considered here
is metres.The decimal number is rounded upto 2 decimal digits.</entry>
</row>
<row>
<?PubTbl row rht="0.33in"?>
<entry>speedvalue</entry>
<entry>Max value is that of max value of TReal32 .The metric considered here
is metres/second.The decimal number is rounded upto 2 decimal digits.</entry>
</row>
<row>
<entry>headingvalue</entry>
<entry>Max value is that of max value of TReal32 .The metric considered here
is degrees.The decimal number is rounded upto 2 decimal digits.</entry>
</row>
<row>
<entry>timestampvalue</entry>
<entry>The full date is mandatory for this field to be encoded/parsed whereas
if the full time is not specified then the default value assumed for time
will be 0.</entry>
</row>
</tbody>
</tgroup>
</table></p>
</body>
</topic>
<topic id="topicExampleUrl">
<title><?Pub Dtl?>Example URL</title>
<body>
<p>Sample URL containing all the location information and conforming to the
grammar as defined above.</p>
<p>"http://www.maps.ovi.com/?la=23.134&amp;lo=120.22&amp;pid=12&amp;n=Placemark&amp;s=HighStreet&amp;sn=1234&amp;pz=123457&amp;c=Bangalore&amp;sp=Karnataka&amp;cr=India&amp;t=9812434125&amp;w=www.weburl.com&amp;cat=MyLandmarks&amp;cat=MyFavouritePlaces&amp;d=Placemark%20from%20Bangalore&amp;pa=12.22&amp;a=43215&amp;v=0&amp;h=0&amp;ts=20090304:121209.123456"</p>
</body>
</topic>
</topic>
<topic id="topicUseCases">
<title><?Pub Dtl?>Use cases</title>
<body>
<p><?Pub Dtl?>These a main use cases for Landmarks API:</p>
<ul>
<li>Opening landmark databases</li>
<li>Managing landmarks</li>
<li>Managing landmark categories</li>
<li>Assigning categories to landmarks</li>
<li>Exchanging landmarks</li>
<li>Observing landmark database events</li>
</ul>
</body>
</topic>
<topic id="topicApiClasses">
<title><?Pub Dtl?>API class structure</title>
<body><?Pub Dtl?>
<p><?Pub Dtl?>The following subchapters describe the Landmarks API class structure.
UML diagrams are used to present the classes and their dependencies.  <b><?Pub Dtl?>Note</b>:
The UML diagrams do not show all the available methods, and some of or all
of the method parameters may be left out.</p>
</body>
<topic id="topicDatabaseAccessClasses"><?Pub Dtl?>
<title><?Pub Dtl?>Database access</title>
<body><?Pub Dtl?>
<p><?Pub Dtl?>Landmarks are stored in databases. A client accesses landmark
databases through the <apiname><?Pub Dtl?>CPosLandmarkDatabase</apiname> class.
Each instance of CPosLandmarkDatabase is a handle to exactly one landmark
database. All operations upon a landmark database are performed through instances
of <codeph><?Pub Dtl?>CPosLandmarkDatabase</codeph>.</p>
<p><?Pub Dtl?><apiname><?Pub Dtl?>CPosLandmark</apiname> represents the content
of a landmark, for example the landmark name and landmark position. This class
is used in <codeph><?Pub Dtl?>CPosLandmarkDatabase</codeph> methods to let
the client read or edit a landmark in the database.</p>
<p><?Pub Dtl?>A landmark stored in a database is referenced by an ID (<apiname><?Pub Dtl?>TPosLmItemId</apiname>),
which is unique within the database. To access a landmark through CPosLandmarkDatabase,
the client must specify the ID of the landmark.   </p>
<p><?Pub Dtl?>It is common that a client needs to retrieve a set of landmarks,
for instance when listing the content of a landmark database. In Landmarks
API, a landmark set is accessed by using an iterator object. <apiname><?Pub Dtl?>CPosLmItemIterator</apiname> lets
the client retrieve the IDs of the iterated landmarks. The client can iterate
all the landmarks in a database by retrieving a <codeph><?Pub Dtl?>CPosLmItemIterator</codeph> instance
from <codeph><?Pub Dtl?>CPosLandmarkDatabase</codeph>. </p>
<p><?Pub Dtl?>Clients may require retrieving landmarks in a certain sort order.
In Landmarks API, the client specifies sort preference by using a   <apiname><?Pub Dtl?>TPosLmSortPref</apiname> object.</p>
<p><?Pub Dtl?>If a client is not interested in full landmark information,
it can perform a partial read. For instance, the client may only be interested
in the name of the landmark. By using a <apiname><?Pub Dtl?>CPosLmPartialReadParameters</apiname> object,
the client can specify which landmark information is of interest.</p>
<fig><?Pub Dtl?>
<title><?Pub Dtl?>Landmark database access classes   </title>
<image href="images\Landmarks_API_DbAccess_Class_Structure.png"><?Pub Dtl?>
</image></fig>
</body>
</topic>
<topic id="topicCategoryMgmtClasses"><?Pub Dtl?>
<title><?Pub Dtl?>Category management</title>
<body><?Pub Dtl?>
<p><?Pub Dtl?>A landmark database can contain landmark categories. To access
categories in the database, the client must create a <apiname><?Pub Dtl?>CPosLmCategoryManager</apiname> object
connected to the database. Through this object, the client can retrieve information
about the categories in the database or edit the category content.</p>
<p><?Pub Dtl?><apiname><?Pub Dtl?>CPosLandmarkCategory</apiname> represents
information about a landmark category. It is used in the <codeph><?Pub Dtl?>CPosLmCategoryManager</codeph> interface
to pass category information from/to the client.</p>
<p><?Pub Dtl?>A landmark category stored in a database is referenced by an
ID (<apiname><?Pub Dtl?>TPosLmItemId</apiname>), which is unique within the
database. To refer to a landmark category, the client specifies the ID of
the category. <b><?Pub Dtl?>Note:</b> The same type, <codeph><?Pub Dtl?>TPosLmItemId</codeph>,
is used to refer to landmarks and categories. It is possible that a landmark
and a category have the same ID.</p>
<p><?Pub Dtl?>Categories can be iterated, just like landmarks. <apiname><?Pub Dtl?>CPosLmItemIterator</apiname> is
used for iterating both landmark and category sets.  <b><?Pub Dtl?>Note:</b> The
iterator is never used to iterate a mixed set of landmarks and categories.</p>
<fig><?Pub Dtl?>
<title><?Pub Dtl?>Landmark category management classes   </title>
<image href="images\Landmarks_API_CatMgmt_Class_Structure.png"><?Pub Dtl?>
</image></fig>
</body>
</topic>
<topic id="topicEventClasses"><?Pub Dtl?>
<title><?Pub Dtl?>Database events</title>
<body><?Pub Dtl?>
<p><?Pub Dtl?>A client can listen to events from landmark databases. To listen
to the next event, the client calls <apiname><?Pub Dtl?>CPosLandmarkDatabase::NotifyDatabaseEvent()</apiname>.
The client passes a <apiname><?Pub Dtl?>TRequestStatus</apiname>, which will
be completed when an event is detected. When an event has been retrieved,
the client must renew the <codeph><?Pub Dtl?>NotifyDatabaseEvent()</codeph> request
to listen to further events.   <fig><?Pub Dtl?>
<title><?Pub Dtl?>Classes for listening to landmark database events   </title>
<image href="images\Landmarks_API_Events_Class_Structure.png"><?Pub Dtl?>
</image></fig></p>
</body>
</topic>
<topic id="topicExchangeOpsClasses">
<title><?Pub Dtl?>Exchange operations</title>
<body>
<p>A client can exchange landmark data with another party by using the import
and export functionality. If a client has received a file or buffer containing
landmark data and the client is connected to a landmark database, the client
can use Landmarks API to import landmarks to the landmark database. To import
landmarks, the client has to create an instance of the <apiname><?Pub Dtl?>CPosLandmarkParser</apiname> class.</p>
<p>The client can also use Landmarks API to export landmarks from the landmark
database. This will result in a file or buffer containing the landmark data.
To export landmarks, the client has to create an instance of the <apiname><?Pub Dtl?>CPosLandmarkEncoder</apiname> class.</p>
<p>The exchange of landmarks is also supported via an URL.The client can encode
a landmark object into an URL containing all the location inforamtion.To encode
a landmark to an URL ,the client has to create an instance of the <apiname><?Pub Dtl?>CPosLandmarkEncoder
class.</apiname></p>
<p><?Pub Dtl?>Also the client can parse a given URL to decode the location
information present in the URL and create a landmark object.To parse an URL
,the client has to create an instance of the <apiname><?Pub Dtl?>CPosLandmarkParser
class.</apiname></p>
<fig>
<title><?Pub Dtl?>Classes for handling exchange of landmark content   </title>
<image href="images\Landmarks_API_Exchange_Class_Structure.png"><?Pub Dtl?>
</image></fig>
</body>
</topic>
<topic id="topicOperationClasses"><?Pub Dtl?>
<title><?Pub Dtl?>Incremental operations</title>
<body><?Pub Dtl?>
<p><?Pub Dtl?>Some operations in Landmarks API can potentially take a long
time. These operations can therefore be run incrementally. The client retrieves
a <apiname><?Pub Dtl?>CPosLmOperation</apiname> object, which can either be
run incrementally or all at once.</p>
<p><?Pub Dtl?>If the operation is run incrementally, the client can read the
operation progress between incremental steps.</p>
<fig><?Pub Dtl?>
<title><?Pub Dtl?>Classes for handling incremental operations in Landmarks
API   </title>
<image href="images\Landmarks_API_Incremental_Class_Structure.png"><?Pub Dtl?>
</image></fig>
</body>
</topic>
<topic id="topicSerializationClasses">
<title><?Pub Dtl?>Serialization support</title>
<body>
<p><?Pub Dtl?>A client can pack a landmark or a landmark category object into
a buffer for further serialization. This can be used e.g. for sending data
over process boundaries. On the receiving side packed objects can be unpacked
from buffer. The <apiname><?Pub Dtl?>PosLandmarkSerialization</apiname> class
contains static methods <codeph><?Pub Dtl?>PackL()</codeph> and <codeph><?Pub Dtl?>UnpackL()</codeph> for
packing and unpacking <apiname><?Pub Dtl?>CPosLandmark</apiname> instances. <apiname><?Pub Dtl?>PosLmCategorySerialization</apiname> class
contains appropriate methods for packing and unpacking <apiname><?Pub Dtl?>CPosLandmarkCategory</apiname> instances. </p>
<p>This feature is added in S60 3.1.   <fig><?Pub Dtl?>
<title><?Pub Dtl?>Classes for packing landmark and categories into buffer
and unpacking back </title>
<image href="images\Landmarks_API_Serialz_Class_Structure.png"><?Pub Dtl?>
</image></fig></p>
</body>
</topic>
</topic>
</topic>
<topic id="topic3">
<title>Using the Landmarks API</title>
<body></body>
<topic id="topicUsingDb"><?Pub Dtl?>
<title> Using landmarks database</title>
<body><?Pub Dtl?>
<p>To start accessing landmarks in a landmark database, the client only has
to create an instance of the <apiname>CPosLandmarkDatabase</apiname> class.
This is accomplished by calling one of the <codeph>CPosLandmarkDatabase::OpenL()</codeph> overloads.
The default landmark database is opened by calling the overload with no parameters.
(If the client wants to open any other landmark database, a URI is used to
specify which database to open, which is described in <xref format="html"
href="#topicDbUri">Database URI</xref> chapter).</p>
<p>When the client has opened a landmark database, the database may have to
be initialized. There is a method <apiname>CPosLandmarkDatabase::IsInitializingNeeded()</apiname> for
checking if the database has to be initialized and a method <apiname>CPosLandmarkDatabase::InitializeL()</apiname> for
performing initialization. If the database is not initialized, the client
will not be able to access the database. The client may also be required to
call <codeph>InitializeL()</codeph> in the case when the database needs recovery
(which may happen if a modifying transaction has failed).</p>
<p>When the client has a <apiname>CPosLandmarkDatabase</apiname> object, it
can start reading or editing the database content. <b>Note:</b> It is not
possible to edit the database content if the database is read-only.  </p>
<p>The database handle is closed by destroying the <apiname>CPosLandmarkDatabase</apiname> object.
Closing the handle is not allowed while there are still operations running
on it. Doing so will result in a panic.</p>
<p>When the client is done using Landmarks API, it has to call the global
method <xref format="html" href="EPos__Landmarks_8h.html">ReleaseLandmarkResources()</xref>.
If this method is not called, the client may get a memory leak. This method
is described in <xref format="html" href="#topicRelease">Releasing resources</xref> section.
  <fig>
<title>Using database sequence diagram   </title>
<image href="images\Landmarks_API_UsingDb_Sequence.png"></image></fig></p>
<p>It is recommended to execute initialization operation incrementally (i.e.
asynchronously), see <xref format="html" href="#topicIncrementalExecution">Executing
incremental operations</xref> for more details.</p>
</body>
<topic id="topicDbUri">
<title>Database URI</title>
<body>
<p><apiname>CPosLandmarkDatabase</apiname> contains a method <codeph>OpenL()</codeph>,
which takes a database URI as input. The URI consists of a scheme and the
database location, i.e. <codeph>&lt;scheme>://&lt;location></codeph>. If the
scheme is left out, it is understood that the database is local on the terminal
and is accessed through the file system. The URI   <i>c:landmarks.LDB</i> is
therefore the same thing as <i>file://c:landmarks.ldb</i>.</p>
<p>The location part of a landmark database URI for a database residing in
the terminal is specified by a drive letter, a database name and the LDB extension.
The format is <i>&lt;drive>:&lt;database name>.ldb</i>, e.g. <i>c:landmarks.ldb</i>. <b>Note:</b> A
path cannot be specified. If the URI does not specify the drive letter, for
example <i>landmarks.ldb</i>, the default landmark database drive will be
assumed.</p>
<p><apiname>CPosLandmarkDatabase</apiname> provides also method <apiname>DatabaseUriLC()</apiname>,
which retrieves the URI of the open database.</p>
</body>
</topic>
<topic id="topicCompactDb">
<title>Compacting database</title>
<body>
<p>When modifying a landmark database, the database size increases. Some of
this memory is not really used. The client should therefore supervise the
database usage using the <apiname>CPosLandmarkDatabase::SizeL()</apiname> method
and compact the database if there is too much unused space. <apiname>CPosLandmarkDatabase::CompactL()</apiname> is
used to perform compacting and it can be run incrementally.</p>
<p>Compaction is done internally in Landmarks as fallback in case the client
does not do it. This will lock the database and clients will not be able to
access the database until the compaction is complete. This is unexpected behavior
from the user’s point of view and it is therefore recommended that the client
performs the compaction itself.</p>
<p>It is recommended to perform compaction when the usage level drops below
70%.</p>
</body>
</topic>
<topic id="topicRelease">
<title>Releasing resources</title>
<body>
<p>The Landmarks subsystem uses ECom plug-ins that provide the implementation
for accessing landmark databases. ECom allocates resources that are not released
when the plug-in is unloaded. These must be explicitly released by the client
at shutdown. This is done by calling the global method <xref format="html"
href="EPos__Landmarks_8h.html">ReleaseLandmarkResources()</xref>, which has
the same effect as <apiname>REComSession::FinalClose()</apiname>. </p>
<p>The most common way to release landmark resources is to call <xref format="html"
href="EPos__Landmarks_8h.html">ReleaseLandmarkResources()</xref> last in the
client’s destructor.</p>
</body>
</topic>
</topic>
<topic id="topicReadLandmarks"><?Pub Dtl?>
<title>Managing landmarks</title>
<body>
<p>Landmark properties are maintained by <apiname>CPosLandmark</apiname> class.
Client uses this class to get and set landmark data.</p>
<p>The following example shows how to open database and read landmarks.</p>
<example><codeblock>// Open a handle to the default landmark database.
CPosLandmarkDatabase* db = CPosLandmarkDatabase::OpenL();
CleanupStack::PushL( db );

// Perform initialization. 
// If initialization is not needed, this method will not do anything.
ExecuteAndDeleteLD( db->InitializeL() );

// Create an iterator for iterating the landmarks in the database
CPosLmItemIterator* iter = db->LandmarkIteratorL();
CleanupStack::PushL( iter );

// Read each landmark in the database and do something.
TPosLmItemId lmID = KPosLmNullItemId;
while ( ( lmID = iter->NextL() ) != KPosLmNullItemId )
    {
    CPosLandmark* lm = db->ReadLandmarkLC( lmID );
    // Do something with the landmark information
    CleanupStack::PopAndDestroy( lm );
    }
// Close the iterator and the database handle.
CleanupStack::PopAndDestroy( iter );
CleanupStack::PopAndDestroy( db );</codeblock></example>
<p>The client can also edit the attributes of a landmark in the database.
In order to save changes permanently in database the <apiname>CPosLandmarkDatabase::UpdateLandmarkL</apiname> method
needs to be used.</p>
<p>The following example shows how to change the name of a landmark (<codeph>aDatabase</codeph> is
an open <apiname>CPosLandmarkDatabase</apiname> handle).</p>
<example><codeblock>void RenameLandmarkL( 
    CPosLandmarkDatabase&amp; aDatabase,
    TPosLmItemId aLandmarkId,
    const TDesC&amp; aNewName )
{
// Read the landmark from the database. 
CPosLandmark* lm = aDatabase.ReadLandmarkLC( aLandmarkId );

// Set the new name and update the database
lm->SetLandmarkNameL( aNewName );
aDatabase.UpdateLandmarkL( *lm );

CleanupStack::PopAndDestroy( lm );
}</codeblock></example>
<p>The following example shows how a landmark is added to a landmark database
(<codeph>aDatabase</codeph> is an open <apiname>CPosLandmarkDatabase</apiname> pointer).</p>
<example><codeblock>_LIT( KName, "My Thai" );
_LIT( KDescription, "Best Thai restaurant ever. Spicy food." );

TLocality pos;
pos.SetCoordinate( 61.1120, 23.4231 );

// Create the landmark object and set available information.
CPosLandmark* lm = CPosLandmark::NewLC();
lm->SetLandmarkNameL( KName );
lm->SetLandmarkDescriptionL( KDescription );
lm->SetPositionL( pos );

// Add the landmark to the database.
aDatabase->AddLandmarkL(*lm);

CleanupStack::PopAndDestroy(lm);</codeblock></example>
</body>
<topic id="topicReadPartial">
<title>Reading partial landmarks</title>
<body>
<p>Landmark data could be spread among different tables in the landmark database.
When landmark is read from database, all those tables need to be accessed.
However, in many cases when many landmarks are read (e.g. for landmark list)
applications need only partial information for every landmark. In this case
amount of tables accessed and data transferred during reading can be reduced
(thus improving performance) by using "partial read" mechanism of Landmarks
API. Following diagram shows basic steps of partial read.<fig>
<title>Partial read sequence diagram</title>
<image href="images\Landmarks_API_ReadPartial_Sequence.png"></image></fig></p>
<p>The following example shows how the client can efficiently read just the
names of all the landmarks using partial read. <codeph>aDatabase</codeph> is
an open <apiname>CPosLandmarkDatabase</apiname> handle. For simplicity the
incremental operation is executed in one batch in this example.</p>
<example><codeblock>CArrayPtr&lt;CPosLandmark>* ReadLandmarkNamesOnlyLC( CPosLandmarkDatabase&amp; aDatabase )
{
// Retrieve IDs for all landmarks in the database.
RArray&lt;TPosLmItemId> landmarkIds;
CleanupClosePushL( landmarkIds );
CPosLmItemIterator* iter = aDatabase->LandmarkIteratorL();
CleanupStack::PushL( iter );
iter->GetItemIdsL( landmarkIds, 0, iter->NumOfItemsL() );
CleanupStack::PopAndDestroy(iter);

// Set partial parameters so that only the landmark name will be retrieved.
CPosLmPartialReadParameters* part = CPosLmPartialReadParameters::NewLC();
part->SetRequestedAttributes( CPosLandmark::ELandmarkName );
aDatabase->SetPartialReadParametersL( *part );
CleanupStack::PopAndDestroy( part );

// Start collecting the partial landmark data. Note that
// this will be quicker than reading full landmarks.
CPosLmOperation* op = aDatabase->PreparePartialLandmarksL( landmarkIds );
CleanupStack::PushL( op );
op->ExecuteL();

// The landmark objects can be retrieved from the operation object. These
// landmark objects now contain only the names of the landmarks so
// the heap is used efficiently.
CArrayPtr&lt;CPosLandmark>* lmData = aDatabase->TakePreparedPartialLandmarksL( op );
CleanupStack::PopAndDestroy(op);
CleanupStack::PopAndDestroy( &amp;landmarkIds );

CleanupStack::PushL( lmData ); // there is a slot for it freed by previous Pop
return lmData;
}</codeblock></example>
</body>
</topic>
</topic>
<topic id="topicAccessCats"><?Pub Dtl?>
<title>Managing categories</title>
<body>
<p>To access categories in a landmark database, the classes described in section <xref
format="html" href="Landmarks_API3.html#topicCategoryMgmtClasses">Category
management</xref> are used. The client must first have a handle to a landmark
database (<apiname>CPosLandmarkDatabase</apiname>). This handle is passed
to   <apiname>CPosLmCategoryManager::NewL()</apiname> to create a category
manager. After this, the client can read and edit category content in the
database. Category properties are maintained by <apiname>CPosLandmarkCategory</apiname> class.</p>
<p>The following example shows how to read all landmark categories in a database
and retrieve their names. aDb is an open database handle.</p>
<example><codeblock>void ReadAllCategoriesInDatabase( CPosLandmarkDatabase&amp; aDb )
{
// Create the category manager
CPosLmCategoryManager* categoryManager = CPosLmCategoryManager::NewL( aDb );
CleanupStack::PushL( categoryManager );

// Create an iterator for iterating the landmarks in the database
CPosLmItemIterator* iter = categoryManager->CategoryIteratorL();
CleanupStack::PushL( iter );

// Read each category in the database and do something.
TPosLmItemId catID;
while ( ( catID = iter->NextL() ) != KPosLmNullItemId )
    {
    CPosLandmarkCategory* cat = categoryManager->ReadCategoryLC( catID );

    // do something with the category information
    TPtrC catName;
    cat->GetCategoryName( catName );

    // if any changes made, following code saves them to database
    // categoryManager->UpdateCategoryL( *cat );

    CleanupStack::PopAndDestroy( cat );
    }

// Close the iterator and the category manager.
CleanupStack::PopAndDestroy( iter );
CleanupStack::PopAndDestroy( categoryManager );
}</codeblock></example>
</body>
<topic id="topicAddNewCat">
<title>Creating local category</title>
<body>
<p>The following example shows how the client can create a new category and
add it to database.</p>
<example><codeblock>// Create a local category object
CPosLandmarkCategory* category = CPosLandmarkCategory::NewLC();
_LIT( KRestaurant, "Restaurant" );
category->SetCategoryNameL( KRestaurant );

// Add it to database
TPosLmItemId categoryId = aCategoryManager->AddCategoryL( *category );
CleanupStack::PopAndDestroy( category );</codeblock></example>
</body>
</topic>
</topic>
<topic id="topicAddCatToLm"><?Pub Dtl?>
<title>Assigning categories to landmarks</title>
<body>
<p>There is a "many-to-many" relationship between landmarks and landmarks
categories: landmark can be assigned to zero or more categories and one category
may be assigned to zero or more landmarks.</p>
<p>The following example shows how the client can add a category to a landmark.</p>
<example><codeblock>void AddCategoryToLandmarkL(
    CPosLandmarkDatabase&amp; aDatabase,
    TPosLmItemId aLandmarkId,
    TPosLmItemId aCategoryId )
{
// Find landmark in database
CPosLandmark* landmark = aDatabase.ReadLandmarkLC( aLandmarkId );
// Add category. If it is already added, nothing happens
landmark->AddCategoryL( aCategoryId );
// Save to database
aDatabase.UpdateLandmarkL( *landmark );
// Cleanup
CleanupStack::PopAndDestroy( landmark );
}</codeblock></example>
<p>The following code example shows how the client can add a category to multiple
landmarks. A global category is assigned to a set of landmarks in this example.</p>
<example><codeblock>void AddLandmarksToGlobalCategoryL(
    CPosLandmarkDatabase&amp; aDatabase,
    RPointerArray&lt;TPosLmItemId>&amp; aLandmarkIds,
    TPosLmGlobalCategory aGlobalCategoryID )
{
CPosLmCategoryManager* categoryManager = CPosLmCategoryManager::NewL( aDatabase );
CleanupStack::PushL( categoryManager );

// Find ID of the given global category in given database
TPosLmItemId categoryId = categoryManager->GetGlobalCategory( aGlobalCategoryID );

// Add given landmarks to this category
ExecuteAndDeleteLD(
 categoryManager->AddCategoryToLandmarksL( categoryId, aLandmarkIds ) );

CleanupStack::PopAndDestroy( categoryManager );
}</codeblock></example>
</body>
</topic>
<topic id="topicListenEvents"><?Pub Dtl?>
<title>Listening to database events</title>
<body>
<p>To listen to changes in a landmark database, the classes described in <xref
format="html" href="Landmarks_API3.html#topicEventClasses">Database events</xref> are
used. The following sequence shows how a client can listen to database events.
 </p>
<p><ol>
<li>The client has a handle to a landmark database; that is, a <apiname>CPosLandmarkDatabase</apiname> instance.</li>
<li>The client calls <apiname>CPosLandmarkDatabase::NotifyDatabaseEvent()</apiname>,
which takes a <apiname>TPosLmEvent</apiname> object and <apiname>TRequestStatus</apiname>.</li>
<li> <apiname>TRequestStatus</apiname> is completed when there is an event.
Information about the event is found in the <apiname>TPosLmEvent</apiname> object
supplied by the client. </li>
<li>When the event is handled, the client renews the <codeph>NotifyDatabaseEvent()</codeph> request
to listen to the next event. </li>
<li>When the client does not want to listen to events any more, it stops calling <codeph>NotifyDatabaseEvent()</codeph>.
If the client has an outstanding request to <codeph>NotifyDatabaseEvent()</codeph>,
it can cancel the request by calling <codeph>NotifyDatabaseEvent()</codeph>.</li>
</ol>The <apiname>TPosLmEvent</apiname> object consists of an event type and
an item ID. The event type specifies what has happened and in some events
the item ID specifies a database item involved in the event (for example,
the ID of a newly added landmark).</p>
<p>The following table lists defined events:</p>
<table>
<title>Landmark database events</title>
<tgroup cols="3"><colspec colname="col1"/><colspec colname="col2"/><colspec
colname="col3"/>
<thead>
<row>
<entry>Event type</entry>
<entry>Description</entry>
<entry>Item Id</entry>
</row>
</thead>
<tbody>
<row>
<entry><codeph>EPosLmEventUnknownChanges</codeph></entry>
<entry>Unknown change event. Something has been changed in the database but
no further details are given. All content, which is of interest for the client,
should be read again from the database. This event may be received if there
are big changes in the database.</entry>
<entry></entry>
</row>
<row>
<entry><codeph>EPosLmEventNewDefaultDatabaseLocation</codeph></entry>
<entry>This event is received if the default landmark database location is
changed. The client has to open a new <apiname>CPosLandmarkDatabase</apiname> handle
to access the default database from the new location. </entry>
<entry></entry>
</row>
<row>
<entry><codeph><codeph>EPosLmEventMediaRemoved</codeph> </codeph> </entry>
<entry>This event is received if the media where the database is stored is
removed. After this, the database cannot be accessed. If the media is inserted
again, the database must still be reopened by the client.</entry>
<entry></entry>
</row>
<row>
<entry><codeph>EPosLmEventLandmarkUnknownChanges</codeph></entry>
<entry>Unknown change event concerns only landmarks. This is analogous to <codeph>EPosLmEventUnknownChanges</codeph> but
it is known that only landmark data has been modified.</entry>
<entry></entry>
</row>
<row>
<entry><codeph>EPosLmEventLandmarkCreated</codeph></entry>
<entry>A new landmark has been created in the database.</entry>
<entry>The ID of the new landmark.</entry>
</row>
<row>
<entry><codeph>EPosLmEventLandmarkDeleted</codeph></entry>
<entry>A landmark has been deleted from the database.</entry>
<entry>The ID of the deleted landmark.</entry>
</row>
<row>
<entry> <codeph>EPosLmEventLandmarkUpdated</codeph></entry>
<entry>A landmark in the database has been updated.</entry>
<entry>The ID of the updated landmark.</entry>
</row>
<row>
<entry><codeph>EPosLmEventCategoryUnknownChanges</codeph></entry>
<entry>Unknown change event concerning only landmark categories. This is analogous
to <codeph>EPosLmEventUnknownChanges</codeph> but it is known that only landmark
category data has been modified.   </entry>
<entry></entry>
</row>
<row>
<entry> <codeph>EPosLmEventCategoryCreated</codeph></entry>
<entry>A new landmark category has been created in the database.</entry>
<entry>The ID of the new landmark category.</entry>
</row>
<row>
<entry><codeph>EPosLmEventCategoryDeleted</codeph></entry>
<entry>A landmark category has been deleted from the database. <b>Note:</b> No
events relating to landmarks are sent even if the deleted category was assigned
to some landmarks.   </entry>
<entry>The ID of the deleted landmark category.</entry>
</row>
<row>
<entry> <codeph>EPosLmEventCategoryUpdated</codeph></entry>
<entry>A landmark category in the database has been updated.</entry>
<entry>The ID of the updated landmark category.</entry>
</row>
</tbody>
</tgroup>
</table>
<p>The following code example shows how to implement a class, which listens
to changes in a landmark database. The following code section shows how the
class is defined.</p>
<example><codeblock>class CLandmarkEventListener : public CActive
    {
    public: // constructor and destructor

        static CLandmarkEventListener* NewL( CPosLandmarkDatabase* aDatabase );
        virtual ~CLandmarkEventListener();

    public: // From CActive

        void RunL();
        void DoCancel();
        TInt RunError( TInt aError );

    private:
        CLandmarkEventListener( CPosLandmarkDatabase* aDatabase );
        void ConstructL();

    private:
        CPosLandmarkDatabase* iDatabase;
        TPosLmEvent iEvent;
    };</codeblock></example>
<p>The following code section shows the source code for <codeph>CLandmarkEventListener</codeph>.</p>
<example><codeblock>CLandmarkEventListener::CLandmarkEventListener( CPosLandmarkDatabase* aDatabase )
: CActive( EPriorityStandard ), iDatabase( aDatabase )
    {
    }

void CLandmarkEventListener::ConstructL()
    {
    // Start listening for events.
    iDatabase->NotifyDatabaseEvent( iEvent, iStatus );
    SetActive();
    }

CLandmarkEventListener* CLandmarkEventListener::NewL(
    CPosLandmarkDatabase* aDatabase)
    {
    CLandmarkEventListener* self =
        new (ELeave) CLandmarkEventListener( aDatabase );
    CleanupStack::PushL( self );
    self->ConstructL();
    CleanupStack::Pop( self );
    return self;
    }

CLandmarkEventListener::~CLandmarkEventListener()
    {
    // Cancel any outstanding event request.
    Cancel();
    }

void CLandmarkEventListener::RunL()
    {
    if ( iStatus != KErrNone )
        {
        // Unexpected error. This should be handled in some way, e.g.
        // shut down application, try to listen again, notify user, etc.
        }
    switch ( iEvent.iEventType )
        {
        case EPosLmEventLandmarkCreated :
            {
            TPosLmItemId newLandmarkId = iEvent.iLandmarkItemId;
            // Read new landmark from database and add it to UI.
            }
            break;
        case EPosLmEventLandmarkDeleted :
            {
            TPosLmItemId deletedLandmarkId = iEvent.iLandmarkItemId;
            // Remove the landmark from the UI.
            }
            break;
        }
    // Resume event listening
    iDatabase->NotifyDatabaseEvent( iEvent, iStatus );
    SetActive();
    }

void CLandmarkEventListener::DoCancel()
    {
    iDatabase->CancelNotifyDatabaseEvent();
    }

TInt CLandmarkEventListener::RunError( TInt /*aError*/ )
    {
    // process leaves from RunL, if any
    return KErrNone;
    }</codeblock></example>
</body>
</topic>
<topic id="topicExchange">
<title>Exchanging landmarks</title>
<body>
<p>A client can exchange landmark data with another party by using the import
and export functionality. Two classes, <apiname>CPosLandmarkEncoder</apiname> and <apiname>CPosLandmarkParser</apiname> are
used to convert landmark data to exchange format and from. The exchange format
is defined by specifying its MIME type. The recommended format is "application/vnd.nokia.landmarkcollection+xml".
Since S60 5.0 also GPX format parsing supported. GPX format is identified
by MIME "application/gps+xml".</p>
<p>since S60 5.1 KML/KMZ format parsing supported. KML format is identified
by MIME "application/vnd.google-earth.kml+xml " and KMZ formate is identified
by MIME "application/vnd.google-earth.kmz "</p>
<p>Since S60 5.2, Encoding and Parsing of an URL is also supported.The mime
type to be specified here ,while creating an instance of the <apiname>CPosLandmarkEncoder</apiname> and <apiname>CPosLandmarkParser </apiname>class
is the hostname of the URL to be parsed.For eg: If the URL to be parsed is
"http://www.maps.ovi.com/? la = 23.45 &amp; lo = 45.65 " then the mime type
to be passed will be " maps.ovi.com" . Currently there is support only for
this hostname.</p>
</body>
<topic id="topicExport"><?Pub Dtl?>
<title>Exporting landmarks</title>
<body>
<p>To export a set of landmarks, the client must first create a <apiname>CPosLandmarkEncoder</apiname> object
for the landmark content format in which the landmarks should be encoded.
The client can add some information of the landmark collection in the encoder
as well.</p>
<p>The client must also provide a list of the landmarks to be exported. If
some of the landmarks are not found in the database, the export operation
fails with the error code <codeph>KErrNotFound</codeph>. The client does not
have to add any landmarks to the encoder object. The export operation will
add the ones specified in the ID array. The method returns an operation object,
which can be run in incremental mode (see <xref format="html" href="#topicIncrementalExecution">Executing
incremental operations</xref>). If it is run incrementally, the client can
supervise the progress of the operation.</p>
<p>If the <apiname>CPosLmOperation</apiname> object is deleted before the
operation is complete, it is possible that only a subset of the landmarks
is exported. The client takes ownership of the returned operation object.
When all the landmarks have been exported, the client must finalize the encoding
by calling <apiname>CPosLandmarkEncoder::FinalizeEncodingL()</apiname>.</p>
<p>The sequence diagram below describes basic steps a client does to export
landmarks from a database to a file.</p>
<p><fig>
<title>Exporting landmarks sequence diagram</title>
<image href="images\Landmarks_API_Export_Sequence.png"></image></fig></p>
<p>The following example shows how the client can export landmarks to a file
using the <apiname>CPosLandmarkDatabase::ExportLandmarksL()</apiname> method.
aDatabase is an open <apiname>CPosLandmarkDatabase</apiname> handle. In this
example incremental operations are executed synchronously.</p>
<example><codeblock>void ExportSelectedLandmarksL( 
    CPosLandmarkDatabase&amp; aDatabase,
    RArray&lt;TPosLmItemId>&amp; aSelectedLandmarks)
{
_LIT( KExportFilePath, "c:\\eposLmExport.lmx" );
// Mime type of landmarks exchange format
_LIT8( KPosMimeTypeLandmarkCollectionXml, 
 "application/vnd.nokia.landmarkcollection+xml" );

// Create the encoder to be used for exporting landmarks
CPosLandmarkEncoder* encoder = 
	  CPosLandmarkEncoder::NewL( KPosMimeTypeLandmarkCollectionXml );
CleanupStack::PushL( encoder );

// Point out the file to export landmark data to
encoder->SetOutputFileL( KExportFilePath );

// Execute the operation in one batch
// Note: There must be landmarks for specified IDs in the database,
// otherwise operation will fail with KErrNotFound leave code
ExecuteAndDeleteLD( aDatabase->ExportLandmarksL( 
 *encoder, aSelectedLandmarks, CPosLandmarkDatabase::EIncludeCategories ) );

// Finalize encoding to complete export
ExecuteAndDeleteLD( encoder->FinalizeEncodingL() );
CleanupStack::PopAndDestroy( encoder );
}</codeblock></example>
</body>
</topic>
<topic id="topicImport"><?Pub Dtl?>
<title>Importing landmarks</title>
<body>
<p>To import landmark content, the client must first create a parser object
of class <apiname>CPosLandmarkParser</apiname>, which can parse the landmark
content. The client does not have to call <apiname>CPosLandmarkParser::ParseContentL()</apiname> first.
If the content is not already parsed, this will be handled by the import operation.</p>
<p>There are two different <apiname>CPosLandmarkDatabase::ImportLandmarksL()</apiname> overloads
defined that can be used to import landmark data. In one of them, the client
can pass an array defining a subset of the landmarks in the parser object.
This way the client can select to import only a part of the landmark content.
The other method does not take any parameters and imports all landmarks. Both
the import methods return an operation object, which can be run in incremental
mode (see <xref format="html" href="#topicIncrementalExecution">Executing
incremental operations</xref>). If it is run incrementally, the client can
supervise the progress of the operation.</p>
<p>If the <apiname>CPosLmOperation</apiname> object is deleted before the
operation is complete, it is possible that only a subset of the landmarks
is imported. The client takes ownership of the returned operation object.
After completion, <apiname>CPosLandmarkDatabase::ImportedLandmarksIteratorL()</apiname> can
be called to retrieve the IDs of the added landmarks. If the database is read-only,
this operation will complete with the error code <codeph>KErrAccessDenied</codeph>.
If the client specifies invalid transfer option values, this operation will
panic.</p>
<p><b>Note:</b> The <apiname>CPosLmOperation::NextStep()</apiname> method
cannot be executed synchronously using <apiname>User::WaitForRequest()</apiname> for
the import operations. Doing so may cause the operation to hang. <apiname>CPosLmOperation::NextStep()</apiname> must
be executed using an active object. </p>
<p>The diagram below describes general steps, which client does when imports
landmarks from a file.</p>
<p><fig>
<title>Importing landmarks sequence diagram</title>
<image href="images\Landmarks_API_Import_Sequence.png"></image></fig></p>
<p>The following example shows how the client can import landmarks from file
using the <apiname>CPosLandmarkDatabase::ImportLandmarksL()</apiname> method.
aDatabase is an open <apiname>CPosLandmarkDatabase</apiname> handle.</p>
<example><codeblock>void ImportLandmarksL( 
    CPosLandmarkDatabase&amp; aDatabase,
    const TDesC&amp; aImportFilePath )
{
// Mime type of landmarks exchange format
_LIT8( KPosMimeTypeLandmarkCollectionXml, 
    "application/vnd.nokia.landmarkcollection+xml");

// Create the parser to be used for importing landmarks
CPosLandmarkParser* parser = 
    CPosLandmarkParser::NewL( KPosMimeTypeLandmarkCollectionXml );
CleanupStack::PushL( parser );

// Point out the file to import landmark data from
parser->SetInputFileL( aImportFilePath );
CPosLmOperation* op = aDatabase->ImportLandmarksL( 
    *parser, CPosLandmarkDatabase::EDefaultOptions );
CleanupStack::PushL( op );
// Execute the operation in one batch
op->ExecuteL();

// Fetch the landmark iterator of imported landmark IDs
CPosLmItemIterator* iter = aDatabase->ImportedLandmarksIteratorL( op );
CleanupStack::PushL( iter ); 

// Fetch imported landmark data using this iterator

// Cleanup
CleanupStack::PopAndDestroy( iter );
CleanupStack::PopAndDestroy( op );
CleanupStack::PopAndDestroy( parser );
}</codeblock></example>
</body>
</topic>
<topic id="topicEncodetoURL">
<title>Encoding of Landmarks to URL</title>
<body>
<p>To encode a landmark to an URL ,the client has to first create an instance
of <apiname>CPosLandmarkEncoder </apiname>class with the URL hostname as the
MIME type.( which is 'maps.ovi.com' ).The output buffer into which the encoded
URL is written can be set using the <apiname>CPosLandmarkEncoder::SetUseOutputBufferL.The
output can also be encoded into a file by setting the output file using CPosLandmarkEncoder::SetUseOutputFileL.</apiname></p>
<p>The client can specify the landmark to be encoded by using <apiname>CPosLandmarkEncoder::AddLandmarkL() </apiname>method.When
the landmark has been encoded, the client must finalize the encoding by calling <apiname>CPosLandmarkEncoder::FinalizeEncodingL().</apiname></p>
<p>The sequence diagram below describes basic steps a client does to encode
landmark to a URL.Currently encoding of only a single landmark is supported.Therefore
if AddLandmarkL() method is called more than once during the encoding process
KErrNotSupported is returned.</p>
<fig>
<title>Encoding landmark to URL sequence diagram</title>
<image href="html\images\Landmarks_API_EncodingLandmarktoURL_sequence.png">
</image></fig>
<p>The following example shows how the client can encode landmark to an URL
using <apiname>CPosLandmarkEncoder class.</apiname><codeblock>void EncodeLandmarktoUrl ( CPosLandmark&amp; aLandmark )
{
//Mime type used for encoding URL
_LIT8( KUrlMimeType , "maps.ovi.com" );

// Create the encoder to be used for encoding landmark to URL
CPosLandmarkEncoder* encoder = 
	  CPosLandmarkEncoder::NewL( KUrlMimeType );
CleanupStack::PushL( encoder );

// Set output buffer into which the encoded URL will be written
CBufBase* outputBuffer = encoder->SetUseOutputBufferL();

// Add the landmark to be encoded
encoder->AddLandmarkL( aLandmark );

// Perform required operation on the outputBuffer
// Delete the buffer
delete outputBuffer;

// Finalize encoding
ExecuteAndDeleteLD( encoder->FinalizeEncodingL() );
CleanupStack::PopAndDestroy( encoder );

}</codeblock></p>
</body>
</topic>
<topic id="topicParsingURL">
<title>Parsing URL to obtain a landmark</title>
<body>
<p>The client can parse an URL and decode the landmark information present
in the URL by using the <apiname>CPosLandmarkParser </apiname>class.In order
to do this,the client has to first create an instance of the <apiname>CPosLandmarkParser </apiname>with
the MIME type as the hostname of the URL( which is 'maps.ovi.com' ).</p>
<p>The URL can be provided as an input buffer or input file by using the <apiname>CPosLandmarkParser::SetInputBuffer
method and CPosLandmarkParser::SetInputFileL or CPosLandmarkParser::SetInputFileHandleL
methods respectively.</apiname></p>
<p>The URL can then be parsed by calling the CPosLandmarkParser::ParseContentL
method.This method returns a pointer to the <apiname>CPosLmOperation class
, which is then used to call the </apiname><apiname>CPosLmOperation::ExecuteL
method to complete the parsing operation.</apiname></p>
<p>The parsed landmark can then be retrieved using the <apiname>CPosLandmarkParser::LandmarkLC
method.</apiname></p>
<p>The sequence diagram below describes basic steps a client does to parse
an URLand decode it to a landmark Currently decoding of only a single landmark
is supported.</p>
<fig>
<title><?Pub Dtl?>Sequence diagram for Parsing URL to obtain a Landmark</title>
<image href="html\images\Landmarks_API_ParsingURL_Sequence.png"><?Pub Dtl?>
</image></fig>
<p>The following example shows how the client can parse an URL using <apiname><?Pub Dtl?>CPosLandmarkParser
class.</apiname><codeblock>void ParseURLtoLandmark ( TDesC&amp; aUrl )
{
//Mime type used for encoding URL
_LIT8( KUrlMimeType , "maps.ovi.com" );

// Create the parser to be used for parsing the URL
CPosLandmarkParser* parser = 
	  CPosLandmarkParser::NewL( KUrlMimeType );
CleanupStack::PushL( parser );


// Set the input buffer that contains the URL to be parsed
parser->SetInputBuffer( aUrl );

// Parse the URL
CPosLmOperation* op  = parser->ParseContentL();
CleanupStack::PushL( op );
// Execute the operation in one batch
op -> ExecuteL();

// Retrieve the parsed landmark
CPosLandmark* parsedLandmark = parser->LandmarkLC();

// Client can perform required operation on the parsedLandmark

CleanupStack::PopAndDestroy( parsedLandmark );
CleanupStack::PopAndDestroy( op );
CleanupStack::PopAndDestroy( parser );

}</codeblock></p>
</body>
</topic>
</topic>
<topic id="topicIncrementalExecution">
<title>Incremental operations</title>
<body>
<p>Some operations in Landmarks API can take a long time to complete. It is
recommended to run them incrementally. The client can use an active object
to run the incremental operations in the background so that other tasks can
be handled in the meantime, in particular handling UI events. To use an incremental
operation in Landmarks API, the classes described in the <xref format="html"
href="Landmarks_API3.html#topicOperationClasses">Incremental operations</xref> section
are used.  </p>
<p>The following sequence shows a typical usage of an incremental operation.</p>
<ol>
<li> <p>The client requests an incremental operation, for example <apiname>CPosLandmarkDatabase::CompactL()</apiname>.</p></li>
<li> <p>The Landmarks API method returns a <apiname>CPosLmOperation</apiname> object,
which the client takes ownership of.</p></li>
<li> <p>The client uses an active object and calls <apiname>CPosLmOperation::NextStep()</apiname> once
every time the active object is scheduled. <codeph>NextStep()</codeph> returns
a progress value, which the client uses to display a progress bar to the user.
The client stops when <codeph>NextStep()</codeph> reports the status <codeph>KErrNone</codeph> or
an error code.</p></li>
<li> <p>When <codeph>NextStep()</codeph> reports that the operation is complete,
the client is responsible for deleting the <apiname>CPosLmOperation</apiname> object.</p></li>
</ol>
<p>The operation can be cancelled by deleting the operation object before
the operation is complete. <b>Note:</b> Changes that were already done before
the operation was cancelled are not rolled back. These changes will be a part
of the database. </p>
<p><b>Note:</b> It is still possible to run the operation all at once. This
is done by calling <apiname>CPosLmOperation::ExecuteL()</apiname> instead
of <apiname>CPosLmOperation::NextStep()</apiname>. If there is some error, <codeph>ExecuteL()</codeph> will
leave. There is a utility method, <codeph><xref format="html" href="EPos__CPosLmOperation_8h.html">ExecuteAndDeleteLD()</xref></codeph>,
which first calls <codeph>ExecuteL()</codeph> and then deletes the operation
object. The utility method leaves if the operation fails. This utility method
is useful when the client does not need to use the operation object after
it has completed.<codeblock>ExecuteAndDeleteLD( database->InitializeL() );</codeblock></p>
<p><b>Note:</b> The usage of <codeph>ExecuteL()</codeph> and <codeph>NextStep()</codeph> cannot
be mixed. For instance, if <codeph>NextStep()</codeph> has been called, any
call to <codeph>ExecuteL()</codeph> will panic.</p>
<p>The next example shows how to handle the compaction of a landmark database
using incremental execution of operations. <codeph>CCompactHandler</codeph> is
responsible for the compact operation, and to be able to handle incremental
execution asynchronously, it inherits from <apiname>CActive</apiname>.</p>
<p>The <codeph>CCompactHandler</codeph> class is defined as follows:</p>
<example><codeblock>class CCompactHandler : public CActive
    {
    public:
       CCompactHandler( CPosLandmarkDatabase* aDatabase );
       virtual ~CCompactHandler();

       void CompactIfNeededL();

    public: // from CActive
       void RunL();
       void DoCancel();

    private:
       CPosLandmarkDatabase* iDatabase;
       CPosLmOperation* iCompactOperation;
       TReal32 iProgress;
 };</codeblock></example>
<p>The following code section shows implementation of <codeph>CCompactHandler</codeph>.</p>
<example> <codeblock>CCompactHandler::CCompactHandler( CPosLandmarkDatabase* aDatabase )
: CActive( EPriorityIdle ), iDatabase( aDatabase )
    {
    }

CCompactHandler::~CCompactHandler()
    {
    Cancel();
    delete iCompactOperation;
    }

void CCompactHandler::CompactIfNeededL()
    {
    // Only compact if not started yet.
    if ( !iCompactOperation )
        {
        CPosLandmarkDatabase::TSize size = iDatabase->SizeL();
        // When to compact is up to the client. 
        // In this example we compact when
        // less than 70% of the database is used.
        const TReal32 KPercentage = 0.70f;
        if ( size.iUsage &lt; KPercentage )
            {
            iCompactOperation = iDatabase->CompactL();
            }
        iCompactOperation->NextStep( iStatus, iProgress );
        SetActive();
        }
    }

void CCompactHandler::RunL()
    {
    if ( iStatus == KPosLmOperationNotComplete )
        { // The compact operation has not completed.

        // Use the value iProgress to show progress bar to the phone user.
        // Perform the next compact step
        iCompactOperation->NextStep( iStatus, iProgress );
        SetActive();
        }
    else
        { // The compact operation has completed.
        if ( iStatus != KErrNone )
            {
            // Notify user of error
            }
        delete iCompactOperation;
        iCompactOperation = NULL;
        }
    }

void CCompactHandler::DoCancel()
    {
    // Cancel is done by deleting the operation object.
    delete iCompactOperation;
    iCompactOperation = NULL;
    }</codeblock></example>
</body>
</topic>
<topic id="topicErrorHandling"><?Pub Dtl?>
<title>Error handling</title>
<body>
<p>Landmarks API uses the standard Symbian error reporting mechanism. In case
of an irrecoverable error, panics are used. Otherwise, errors are reported
through return codes or leaves.</p>
<p>For incremental operations (see <xref format="html" href="#topicIncrementalExecution">Executing
incremental operations</xref> section), <apiname>CPosLmOperation::NextStep()</apiname> returns
a status, which indicates if there has been an error.</p>
<p>The following table lists the panic codes defined by Landmarks API and
other Landmarks APIs (Landmarks Search API and Landmarks Database Management
API). The panic category is "Landmarks Client".</p>
<table>
<title>Landmarks panic codes</title>
<tgroup cols="3"><colspec colname="col1" colwidth="0.36*"/><colspec colname="col2"
colwidth="1.32*"/><colspec colname="col3" colwidth="1.32*"/>
<thead>
<row>
<entry>Panic code</entry>
<entry>Panic name</entry>
<entry>Description</entry>
</row>
</thead>
<tbody>
<row>
<entry>0</entry>
<entry>EPosInvalidPositionFieldId</entry>
<entry>A client has specified a position field ID that is invalid for the
landmark.</entry>
</row>
<row>
<entry>1</entry>
<entry>EPosNoneOrMultipleLandmarkAttributeSet</entry>
<entry>A client has specified none or multiple landmark attributes.</entry>
</row>
<row>
<entry>2</entry>
<entry>EPosSpecifiedIntervalLiesOutsideIteratedSet</entry>
<entry>A client has specified an interval that lies partially outside the
iterated set.</entry>
</row>
<row>
<entry>3</entry>
<entry>EPosNaNCoordinate</entry>
<entry>A client has specified a coordinate with latitude and/or longitude
set to NaN.</entry>
</row>
<row>
<entry>4</entry>
<entry>EPosInvalidLandmarkAttribute</entry>
<entry>A client has specified a landmark attribute that is invalid.</entry>
</row>
<row>
<entry>5</entry>
<entry>EPosInvalidValueSpecifiedInResourceFile</entry>
<entry>An invalid value has been detected in an internal resource file. Configuration
problem.</entry>
</row>
<row>
<entry>6</entry>
<entry>EPosInvalidPartialReadParameters</entry>
<entry>The client has specified invalid partial read parameters in <apiname>CPosLmPartialReadParameters</apiname>.
  </entry>
</row>
<row>
<entry>7</entry>
<entry>EPosInvalidRequestedPositionFields</entry>
<entry>The client has specified invalid requested position fields in <apiname>CPosLmPartialReadParameters</apiname>.
  </entry>
</row>
<row>
<entry>8</entry>
<entry>EPosNegativeValue</entry>
<entry>The client specified a negative value where a negative value was not
allowed.</entry>
</row>
<row>
<entry>9</entry>
<entry>EPosInvalidOperationMode</entry>
<entry>Invalid operation mode. Caused by mixed calls to <codeph>NextStep</codeph> and <codeph>ExecuteL</codeph> for
a <apiname>CPosLmOperation</apiname> object or subsequent calls to <codeph>NextStep</codeph>.</entry>
</row>
<row>
<entry>10</entry>
<entry>EPosInvalidEnumValue</entry>
<entry>Invalid enumeration value.</entry>
</row>
<row>
<entry>11</entry>
<entry>EPosLmProtocolBreak</entry>
<entry>The protocol of <apiname>CPosLandmarkEncoder</apiname> or <apiname>CPosLandmarkParser</apiname> is
not followed.</entry>
</row>
<row>
<entry>12</entry>
<entry>EPosLmInvalidArgument</entry>
<entry>A client has passed an invalid argument.</entry>
</row>
<row>
<entry>14</entry>
<entry>EPosInvalidIndex</entry>
<entry>A client has specified an invalid index.</entry>
</row>
<row>
<entry>15</entry>
<entry>EPosInvalidItemType</entry>
<entry>A client has specified an invalid item type.</entry>
</row>
<row>
<entry>16</entry>
<entry>EPosSearchOperationInUse</entry>
<entry>A client has tried to set/unset display data during an ongoing search.</entry>
</row>
</tbody>
</tgroup>
</table>
</body>
</topic>
<topic id="topic3.3"><?Pub Dtl?>
<title>Memory overhead</title>
<body>
<p>When using Landmarks API, the memory overhead is dependent on the amount
of classes instantiated by the client, but there are also some cases where
extra memory usage can be involved and cannot be controlled by the client.</p>
<p><apiname>CPosLmItemIterator</apiname> objects may use a caching scheme
to enable fast access to landmarks that have already been read. This means
that the iterator can use memory that the client cannot control. This memory
will be released when the iterator is destroyed.</p>
<p><apiname>CPosLandmarkDatabase::PreparePartialLandmarksL()</apiname> allocates
a lot of information on the heap if many landmarks are read, especially if
partial read parameters are set to include a lot of landmark attributes. These
landmark objects are stored inside the <apiname>CPosLmOperation</apiname> object
until retrieved by the client.</p>
<p>Clients take ownership of the <apiname>CPosLmOperation</apiname> objects
and should delete them as soon as they are not needed in order to release
unused heap memory.</p>
</body>
</topic>
<topic id="topic3.4"><?Pub Dtl?>
<title>Extensions to the API</title>
<body>
<p>This API does not allow extensions.</p>
</body>
</topic>
<topic id="topicSecurity"><?Pub Dtl?>
<title>Security issues</title>
<body>
<p>Landmarks are considered as important user data and this applies some access
limitations to client applications. For example, in order to be able to read
landmarks from landmark database client must have <codeph>ReadUserData</codeph> capability
and <codeph>WriteUserData</codeph> in order to modify it. Whenever special
capabilities are needed to work with landmarks database, they are listed in
appropriate class and method descriptions.</p>
</body>
</topic>
</topic>
<topic id="topic4"><?Pub Dtl?>
<title>Glossary</title>
<body></body>
<topic id="topic4.1">
<title>Abbreviations</title>
<body>
<table frame="all">
<title>Abbreviations</title>
<tgroup cols="2"><colspec colname="col1"/><colspec colname="col2"/>
<thead>
<row>
<entry>Abbreviation</entry>
<entry>Description</entry>
</row>
</thead>
<tbody>
<row>
<entry>WGS 84</entry>
<entry>World Geodetic System 1984</entry>
</row>
<row>
<entry>GPX</entry>
<entry>GPS Exchange (format)</entry>
</row>
</tbody>
</tgroup>
</table>
</body>
</topic>
<topic id="topic4.2">
<title>Definitions</title>
<body>
<table frame="all">
<title>Definitions</title>
<tgroup cols="2"><colspec colname="col1"/><colspec colname="col2"/>
<tbody>
<row>
<entry>Landmark</entry>
<entry>A landmark is a named object that contains a location. The location
can be defined by various attributes, e.g. WGS 84 coordinates or a textual
address.</entry>
</row>
<row>
<entry>Landmark category</entry>
<entry>A landmark can be categorized by assigning a landmark category to it.
A typical landmark category is “Restaurant”.</entry>
</row>
<row>
<entry>Landmark database</entry>
<entry>Persistent storage of a collection of landmarks and landmark categories.</entry>
</row>
</tbody>
</tgroup>
</table>
</body>
</topic>
</topic>
<topic id="topic">
<title>References</title>
<body>
<table>
<tgroup cols="2"><colspec colname="col1"/><colspec colname="col2"/>
<tbody>
<row>
<entry>GPX</entry>
<entry><xref format="html" href="http://www.topografix.com/GPX">http://www.topografix.com/GPX</xref></entry>
</row>
<row>
<entry>KML</entry>
<entry><xref format="html" href="http://code.google.com/apis/kml/documentation/kmlreference.html">http://code.google.com/apis/kml/documentation/kmlreference.html</xref
></entry>
</row>
<row>
<entry>URL</entry>
<entry><xref format="html" href="http://www.rfc-editor.org/rfc/rfc2396.txt">http://www.rfc-editor.org/rfc/rfc2396.txt</xref><xref
format="html" href="http://www.rfc-editor.org/rfc/rfc1738.txt">http://www.rfc-editor.org/rfc/rfc1738.txt</xref></entry>
</row>
<row>
<entry>ASCII table</entry>
<entry><xref format="html" href="http://www.asciitable.com/">http://www.asciitable.com/</xref></entry>
</row>
</tbody>
</tgroup>
</table>
</body>
</topic>
</dita>
<?Pub *0000076232?>
