<?xml version="1.0" encoding="utf-8"?>
<!--Arbortext, Inc., 1988-2004, v.4002-->
<!DOCTYPE dita PUBLIC "-//IBM//DTD DITA Composite//EN"
 "ditabase.dtd">
<?Pub Inc?>
<dita>
<topic id="mainTopic" otherprops="" product="SUPL Settings API Specification"
rev="DN0756875">
<title>S60 5.2 SUPL Settings API<?Pub Caret?></title>
<prolog>
<copyright><copyryear year="2009"/><copyrholder>Nokia Corporation and/or its
subsidiaries</copyrholder></copyright>
<metadata>
<category>Domain</category>
</metadata></prolog>
<body>
<!--Change history table for S60 licensees in S60 release. Table must have the following attributes: 
audience=S60 licensees (always this name)
platform= 'platform release number'
rev='revision number to identify the change history table' (must always have a value)
Create new Change history table for each platform release e.g. by copying the table below.
-->
<table audience="S60 licensees" platform="3.2" rev="S603.2licensee">
<title>Changes in S60 5.2 OMA SUPL Settings API documentation</title>
<tgroup cols="4"><colspec colname="COLSPEC0" colwidth="0.67*"/><colspec colname="COLSPEC1"
colwidth="0.87*"/><colspec colname="COLSPEC2" colwidth="0.80*"/><colspec colname="COLSPEC3"
colwidth="1.66*"/>
<thead>
<row>
<?PubTbl row rht="0.39in"?>
<entry>Version</entry>
<entry>Date</entry>
<entry>Status</entry>
<entry>Description</entry>
</row>
</thead>
<tbody>
<row>
<entry>1.0</entry>
<entry>29.06.2009</entry>
<entry>Approved</entry>
<entry></entry>
</row>
</tbody>
</tgroup>
</table>
</body>
</topic>
<topic id="Changes">
<title>Changes</title>
<body>
<p></p>
<p>The following header file(s) have been added in S60 5.2:<ul>
<li><i>epos_msuplsessionobserver.h</i></li>
</ul></p>
<p>The following header file(s) have been modified in S60 5.2:<ul>
<li>epos_csuplsettings.h</li>
</ul></p>
<table frame="all">
<tgroup cols="3"><colspec colname="col1" colwidth="0.59*"/><colspec colname="COLSPEC4"
colwidth="0.68*"/><colspec colname="col2" colwidth="2.36*"/>
<thead>
<row>
<entry>Type</entry>
<entry>Class</entry>
<entry>Change</entry>
</row>
</thead>
<tbody>
<row>
<entry>New public method</entry>
<entry><?Pub _cellfont?><codeph>CSuplSettings</codeph></entry>
<entry><codeph>TInt GetTriggerParams(RPointerArray&lt;CTriggerParams>&amp;
aParamValues ) const</codeph></entry>
</row>
<row>
<entry>New public method</entry>
<entry><codeblock><codeph>CSuplSettings</codeph></codeblock></entry>
<entry><codeph>TInt GetTriggerParams( TInt aSessionId,                   
                  CTriggerParams*&amp; aParamValues ) const</codeph></entry>
</row>
<row>
<entry>New public method</entry>
<entry><codeph>CSuplSettings</codeph></entry>
<entry><codeph>TInt SetNotificationStatus( TInt aSessionId,TBool aTriggerNotificationStatus)</codeph></entry>
</row>
<row>
<entry>New public method</entry>
<entry><codeph>CSuplSettings</codeph></entry>
<entry><codeph><codeph>TInt CancelTriggerSession( TInt aSessionId )</codeph></codeph></entry>
</row>
</tbody>
</tgroup>
</table>
<p><ul>
<li>epos_csuplsettingparams.h </li>
</ul></p>
<p><table frame="all">
<tgroup cols="3">
<?PubTbl tgroup rth="1.00pt"?>
<colspec colname="col1" colwidth="0.59*"/><colspec colname="col2" colwidth="0.68*"/>
<colspec colname="col3" colwidth="2.36*"/>
<thead>
<row>
<entry>Type</entry>
<entry>Class</entry>
<entry>Change</entry>
</row>
</thead>
<tbody>
<row>
<entry>New public method</entry>
<entry> <codeph>CTriggerParams</codeph></entry>
<entry><codeph>TInt Set()</codeph></entry>
</row>
<row>
<entry>New public method</entry>
<entry> <codeph>CTriggerParams</codeph></entry>
<entry><codeph>TInt Get()</codeph></entry>
</row>
</tbody>
</tgroup>
</table></p>
<p><ul>
<li>epos_csuplsettingconstants.h</li>
</ul></p>
<p><table frame="all">
<tgroup cols="3">
<?PubTbl tgroup rth="1.00pt"?>
<colspec colname="col1" colwidth="0.59*"/><colspec colname="col2" colwidth="0.68*"/>
<colspec colname="col3" colwidth="2.36*"/>
<thead>
<row>
<entry>Type</entry>
<entry>Class</entry>
<entry>Change</entry>
</row>
</thead>
<tbody>
<row>
<entry>New constant</entry>
<entry> </entry>
<entry><codeph>const TInt KMaxTriggerSessionNameLen=256;</codeph></entry>
</row>
</tbody>
</tgroup>
</table></p>
</body>
</topic>
<topic id="topic1">
<title>Purpose</title>
<body>
<p>SUPL Settings API is intended for applications or components which need
to read and update SUPL settings and listen to SUPL settings changes. SUPL
Settings API provides a way to retrieve IMSI and generating HSLP address from
IMSI. Client can also read/store active SUPL trigger session information using
this API.</p>
</body>
<topic id="topic1.1">
<title>Constraints</title>
<body>
<p>None. </p>
</body>
</topic>
<topic id="topic1.2">
<title>Classification and release information</title>
<body>
<p>The SUPL Settings API is a Domain API and part of S60 release 3.1 and onwards.
This document is valid for S60 5.2 and onwards.</p>
</body>
</topic>
<topic id="topic1.2">
<title>Emulator support</title>
<body>
<p>This API is supported in the WINS/WINSCW emulator environment, with the
following exceptions:<ul>
<li>IMSI related methods will not work properly</li>
</ul></p>
</body>
</topic>
</topic>
<topic id="topic2">
<title>API description</title>
<body>
<p></p>
<p>SUPL Settings API can be used to read and change SUPL settings and to listen
to changes in SUPL settings. This API is meant for clients who want to read/change
SUPL settings and listen to changes in SUPL settings.</p>
<p>SUPL settings contain following information:</p>
<p><table>
<tgroup cols="2"><colspec colname="col1"/><colspec colname="col2"/>
<tbody>
<row>
<entry>HSLP Properties</entry>
<entry>HSLP properties refers to properties of Home SUPL Location Platform
which includes such as protocol version supported, TLS support etc. </entry>
</row>
<row>
<entry>IMSI</entry>
<entry>IMSI is the mobile subscriber identity.</entry>
</row>
<row>
<entry>SUPL Usage</entry>
<entry>SUPL Usage indicates whether user should be notified or not before
using SUPL.</entry>
</row>
<row>
<entry>Fallback</entry>
<entry>Fallback is used for storing information about whether fallback can
happen or not if the connection/session with one of the HSLP fails.</entry>
</row>
<row>
<entry>Fallback timer</entry>
<entry>Fallback timer indicate for how long fallback can happen. This is represented
in seconds.</entry>
</row>
<row>
<entry>Active SUPL triggering session parameters</entry>
<entry>It indicates the information about ongoing SUPL triggering sessions.
Parameter like "Notification status" can be configured by Settings API client.</entry>
</row>
</tbody>
</tgroup>
</table></p>
<p></p>
<p>HSLP Properties refers to the different parameters pertaining to HSLP.
There can be any number of HSLP properties present in SUPL settings. </p>
<p>The currently active IMSI value is obtained from the system during SUPL
Settings initialization time. The IMSI value obtained during initialization
can also be retrieved using SUPL Settings API.</p>
<p>The IMSI value stored in the SUPL settings can be used by the client to
check whether IMSI has changed and to generate HSLP address. For example,
the HSLP address can be generated from IMSI if HSLP address read from SUPL
settings is empty or not valid. </p>
<p>The SUPL Usage value indicates whether user intervention is required before
using SUPL or not. By default SUPL Usage is set to "Always ask". If SUPL Usage
has value indicating automatic, SUPL can be used to make location request
or to get assistance data. If SUPL Usage has value indicating automatic in
home network, a confirmation dialog is shown before using SUPL when the terminal
is roaming. If SUPL Usage has value indicating always ask, a confirmation
dialog is shown before using SUPL. If SUPL Usage has value indicating disabled,
SUPL cannot be used at all. </p>
<p>The fallback value indicates whether fallback to next server in the list
can happen or not if SUPL session with one of the server fails. By default
fallback is enabled. </p>
<p>The fallback timer indicates for how long the fallback can happen.</p>
<p>SUPL settings also maintains active SUPL trigger session information. Session
information contains:<table>
<tgroup cols="2"><colspec colname="col1"/><colspec colname="col2"/>
<tbody>
<row>
<entry>Session ID</entry>
<entry>Unique Session identifier</entry>
</row>
<row>
<entry>Session Name</entry>
<entry>Session/Service Name</entry>
</row>
<row>
<entry>Notification Presence</entry>
<entry>Parameter to indicate whether notification is present or not for a
given session</entry>
</row>
<row>
<entry>Notification Status</entry>
<entry>Indicates whether notification needs to be shown or not after every
trigger fired for a given periodic session</entry>
</row>
<row>
<entry>Trigger Type</entry>
<entry>Indicates whether the trigger is periodic trigger or area event trigger</entry>
</row>
<row>
<entry>Request Type</entry>
<entry>Indicates whether the request is terminal initiated or network initiated</entry>
</row>
<row>
<entry>Number of Outstanding triggers</entry>
<entry>Indicates number of outstanding triggers. This is valid only if the
trigger type is periodic triggers.</entry>
</row>
<row>
<entry>Interval</entry>
<entry>Indicates interval between the triggers. This is valid only if the
trigger type is periodic triggers. It's unit is seconds.</entry>
</row>
</tbody>
</tgroup>
</table></p>
<p>HSLP Properties contains:</p>
<p><table>
<tgroup cols="2"><colspec colname="col1"/><colspec colname="col2"/>
<tbody>
<row>
<entry>HSLP Address</entry>
<entry>HSLP address is a Fully Qualified  Domain Name (FQDN) of Home SUPL
Location Platform. More details about the HSLP can be found in references <xref
href="#topic5">[1]</xref> and <xref href="#topic5">[2]</xref>. </entry>
</row>
<row>
<entry>IAP Name</entry>
<entry>IAP name refers to the Access Point which the terminal can use to access
the HSLP over the Internet. </entry>
</row>
<row>
<entry>SLP Enabled</entry>
<entry>Indicates whether HSLP is enabled or not.  The SLP can be used only
if it is enabled.</entry>
</row>
<row>
<entry>Usage in Home network</entry>
<entry>Indicates whether the server can be used in home network or not.</entry>
</row>
<row>
<entry>Remove SLP when SIM changes</entry>
<entry>This indicates whether HSLP entries can be removed or not when SIM
change happens.  if this is enabled, the SLP entry in the SUPL settings will
be removed if there is a SIM change</entry>
</row>
<row>
<entry>Editable</entry>
<entry>This indicates whether server entries can be modified by UI application
or not.</entry>
</row>
</tbody>
</tgroup>
</table></p>
<p><b></b></p>
</body>
<topic id="topic2.1">
<title>Use cases</title>
<body>
<p></p>
<p>The use cases of SUPL Settings API are:</p>
<p><b>Get/Set SUPL settings</b></p>
<p><ul>
<li>Add new server properties to SUPL settings</li>
<li>Get server properties from SUPL settings</li>
<li>Change properties of existing server</li>
<li>Get SUPL Usage</li>
<li>Set SUPL Usage</li>
<li>Change Fallback</li>
</ul><ul>
<li> Get active SUPL trigger session parameters</li>
<li> Modify active SUPL trigger session parameters</li>
<li> Cancelling sessions</li>
</ul></p>
<p><b>Change Priority</b></p>
<p><ul>
<li>Change priority of servers in SUPL settings to either increase or decrease
priority.</li>
</ul></p>
<p><b>Listening to SUPL Settings changes</b></p>
<p><ul>
<li>Start listening to SUPL settings changes so that events are received when
there are any changes in the SUPL settings</li>
</ul></p>
<p><b>Using IMSI obtained during initialization</b></p>
<p><ul>
<li>Get IMSI</li>
<li>Generate HSLP address from IMSI</li>
<li>Check if IMSI has changed or not</li>
</ul></p>
</body>
</topic>
<topic id="topic2.2">
<title>API class structure</title>
<body>
<p></p>
<p>The three main classes of SUPL Settings API are <codeph>CSuplSettings</codeph>, <codeph>MSuplSettingsObserver</codeph> and <codeph>MSuplSessionObserver</codeph
>. <codeph>CSuplSettings</codeph> is used for accessing SUPL Settings. <codeph>MSuplSettingsObserver</codeph> is
an interface class. This class must be implemented by the client who wants
to receive notifications when any change occurs in SUPL Settings. <codeph>MSuplSessionObserver</codeph> is
also an interface class. This class must be implemented by the client who
wants to receive notifications when any change occurs in SUPL Active Sessions
Settings database. The following diagram presents the class hierarchy and
methods.<fig>
<title>SUPL Settings classes</title>
</fig></p>
<p><image href="images\SUPL_Settings_API_ClassDiagram.PNG"></image></p>
</body>
</topic>
</topic>
<topic id="topic3">
<title>Using SUPL Settings API</title>
<body>
<p></p>
<p>The capability requirements for the client application using SUPL Settings
API are as follows:<ul>
<li>Following methods require the <codeph>ReadDeviceData</codeph> capability:<ul>
<li><codeph>Initialize()</codeph></li>
<li><codeph>GenerateHslpAddressFromImsi()</codeph></li>
<li><codeph>GetImsi()</codeph></li>
<li><codeph>IsImsiChanged()</codeph></li>
</ul><ul>
<li><codeph>GetTriggerParams( RPointerArray(&lt;CTriggerParams>&amp; )</codeph></li>
</ul><ul>
<li><codeph>GetTriggerParams( TInt,CTriggerParams*&amp; )</codeph></li>
</ul></li>
<li>Following method require the <codeph>WriteDeviceData</codeph> capability:<ul>
<li><codeph>SetSuplUsage()</codeph></li>
<li><codeph>AddNewServer()</codeph></li>
<li><codeph>SetServerAddress()</codeph></li>
<li><codeph>SetIapName()</codeph></li>
<li><codeph>SetSuplUsage()</codeph></li>
<li><codeph>SetServerEnabledFlag()</codeph></li>
<li><codeph>SetUsageInHomwNwFlag()</codeph></li>
<li><codeph>SetAllParameter()</codeph></li>
<li><codeph>SetDefaultServer()</codeph></li>
<li><codeph>SetAsDefault()</codeph></li>
<li><codeph>RemoveServer()</codeph></li>
<li><codeph>ChangePriority()</codeph></li>
<li><codeph>SetFallBack()</codeph></li>
<li><codeph>SetNotificationStatus()</codeph></li>
</ul><ul>
<li><codeph>CancelTriggerSession()</codeph></li>
</ul></li>
<li>All other methods do not require any capability.</li>
</ul></p>
</body>
<topic id="topic3.1">
<title> Set/Get SUPL settings</title>
<body>
<p></p>
<p>One of the main use cases of SUPL Settings API is to read and change server
parameters, SUPL usage and fallback in SUPL Settings. SUPL Settings API can
be used to change either one parameter or all the parameters in the SUPL Settings
storage.</p>
</body>
<topic id="topic3.1.1">
<title>Add new server properties to SUPL settings</title>
<body>
<p>  </p>
<p>In SUPL Settings server properties consists of different parameters which
are used during connection establish time. A client may add new server and
its properties in SUPL Settings. </p>
<p>The following diagram illustrates the steps involved in changing server
properties using SUPL Settings API. </p>
<p><fig>
<title>Add new server properties to SUPL settings</title>
<p><image href="images\SUPL_Settings_API_AddNewServer.PNG"></image></p>
</fig></p>
<p>The following code snippet illustrates how to add new server entry to SUPL
settings using SUPL Settings API.</p>
<example><codeblock>#include &lt;epos_csuplsettings.h>
#include &lt;epos_csuplsettingsconstants.h>

class CMySettingsClientClass : public CBase
{
    public:

        // Two phase construction
        static CMySettingsClientClass* NewL();

        // Destructor
        ~CMySettingsClientClass(); 

    public: 
        // Method to set the SUPL Settings parameters with
        // example values
        void AddNewServerEntry();

    private:    // Data
        // SUPL Settings
        CSuplSettings* iSettings;
};

// Two phase construction
void CMySettingsClientClass::ConstructL()
    {
    iSettings = CSuplSettings::NewL();
    }

// Static method for object instantiation
void CMySettingsClientClass::NewL()
    {
    CMySettingsClientClass * self = new (ELeave) CMySettingsClientClass;
    CleanupStack::PushL(self);
    self->ConstructL();
    CleanupStack::Pop(self);
    return self;
    }

// Destructor
CMySettingsClientClass::~CMySettingsClientClass()
    {
    delete iSettings;
    }

// Method to add new server entry to SUPL settings with 
// example values
void CMySettingsClientClass::AddNewServerEntry()
    {
    CServerParams *params;
    TInt64 slpId;
    params = CServerParams::NewL();
    params->Set("suplserver.com", "airtel");
    err = iSettings->AddNewServer(params, slpId);
    if (err != KErrNone)
        {
        // Error has occured 
        }   
    delete params;
  }

</codeblock></example>
</body>
</topic>
<topic id="topic3.1.1">
<title>Change properties of existing server</title>
<body>
<p>  </p>
<p>In SUPL Settings server properties consists of different parameters which
are used during connection establish time. A client may change server properties
of any server in SUPL Settings. </p>
<p>The following diagram illustrates the steps involved in changing server
properties using SUPL Settings API.</p>
<p><fig>
<title>Change properties of existing server</title>
</fig></p>
<p><image href="images\SUPL_Settings_API_ChangeServerProperties.PNG"></image></p>
<p>The following code snippet illustrates how to add new server entry to SUPL
settings using SUPL Settings API.</p>
<example><codeblock>#include &lt;epos_csuplsettings.h>
#include &lt;epos_csuplsettingsconstants.h>

class CMySettingsClientClass : public CBase
{
    public:

        // Two phase construction
        static CMySettingsClientClass* NewL();

        // Destructor
        ~CMySettingsClientClass(); 

    public: 
        // Method to set the SUPL Settings parameters with
        // example values
        void AddNewServerEntry();

    private:    // Data
        // SUPL Settings
        CSuplSettings* iSettings;
};

// Two phase construction
void CMySettingsClientClass::ConstructL()
    {
    iSettings = CSuplSettings::NewL();
    }

// Static method for object instantiation
void CMySettingsClientClass::NewL()
    {
    CMySettingsClientClass * self = new (ELeave) CMySettingsClientClass;
    CleanupStack::PushL(self);
    self->ConstructL();
    CleanupStack::Pop(self);
    return self;
    }

// Destructor
CMySettingsClientClass::~CMySettingsClientClass()
    {
    delete iSettings;
    }
// Change properties of existing server entry with 
// example values
void CMySettingsClientClass::ChangeServerEntry()
    {
    CServerParams *params;
    TInt64 slpId;
    params = CServerParams::NewL();
    err = iSettings->GetSlpInfoAddress("suplserver.com", params);
    if (err != KErrNone)
        {
        // Error has occured 
        }   
    RBuf hslpAddr;
    RBuf iapName;
    hslpAddr.Create(KMaxHSLPAddrLen);
    iapName.Create(KMaxIAPLen);
    TInt64 slpId; 
    TBool enabledFlag, simChangeFlag, usageInHomeNwFlag, editFlag;

    TInt errParams = params->Get(slpId, hslpAddr, iapName, enabledFlag, simChangeFlag, usageInHomeNwFlag, editFlag);
    if (errParams != KErrNone)
        {
        // Error has occured 
        }   

    // Change server address and few flags and write back to settings
    _LIT8(KHslp, "suplserver.com");
    hslpAddr.Copy(KHslp);

    errParams = params->Set(hslpAddr, iapName, enabledFlag, EFalse, EFalse, editFlag, slpId);
    if (errParams != KErrNone)
        {
        // Error has occured 
        }

    err = iSettings->SetAllParameter(params);
    if (err != KErrNone)
        {
        // Error has occured 
        }
   
    hslpAddr.Close(); 
    iapName.Close();    
     
    delete params;
  }

</codeblock></example>
</body>
</topic>
<topic id="topic3.1.2">
<title> Set SUPL Usage in SUPL Settings</title>
<body>
<p>A client may change SUPL Usage in SUPL Settings. If SUPL Usage has value
indicating automatic, SUPL can be used to make location request or to get
assistance data. If SUPL Usage has value indicating automatic in home network,
a confirmation dialog is shown before using SUPL when the terminal is roaming.
If SUPL Usage has value indicating always ask, a confirmation dialog is shown
before using SUPL. If SUPL Usage has value indicating disabled, SUPL cannot
be used at all. Changing SUPL Usage does not require initialization of SUPL
Settings.</p>
<p>The following diagram illustrates the steps involved in changing SUPL Usage
using SUPL Settings API.</p>
<p><fig>
<title>Set SUPL usage in SUPL settings</title>
</fig></p>
<p><image href="images\SUPL_Settings_API_SetSuplUsage.PNG"></image></p>
<p>The following code snippet illustrates how to set SUPL usage using SUPL
Settings API.</p>
<example><codeblock>#include &lt;epos_csuplsettings.h>

class CMySettingsClientClass : public CActive
{
    public:

        // Two phase construction
        static CMySettingsClientClass* NewL();

        // Destructor
        ~CMySettingsClientClass(); 

    public: // Helper methods
        // Method to set the SUPL usage with example values
        void SetSuplUsageL();

    private:    // Data
        // SUPL Settings
        CSuplSettings* iSettings;
};

// Two phase construction
void CMySettingsClientClass::ConstructL()
    {
    iSettings = CSuplSettings::NewL();
    }

// Static method for object instantiation
void CMySettingsClientClass::NewL()
    {
    CMySettingsClientClass * self = new (ELeave) CMySettingsClientClass;
    CleanupStack::PushL(self);
    self->ConstructL();
    CleanupStack::Pop(self);
    return self;
    }

// Destructor
CMySettingsClientClass::~CMySettingsClientClass()
    {
    delete iSettings;
    }

// Method to set the SUPL Usage with example values
void CMySettingsClientClass::SetSuplUsageL()
    {
        // Set SUPL Usage to "Automatic" 
        ret =  iSettings->SetSuplUsage(CSuplSettings::ESuplUsageAutomatic);
        if (ret != KErrNone)
            {
            // Error has occured, handle it
            }
     }
</codeblock></example>
</body>
</topic>
<topic id="topic3.1.2">
<title> Change fallback in SUPL Settings</title>
<body>
<p>A client may change fallback SUPL Settings. If fallback is enabled, then
during fallback will happen to next server in the list if connection fails
to the address specified or to the default server. Changing fallback does
not require initialization of SUPL Settings.</p>
<p>The following diagram illustrates the steps involved in changing fallback
using SUPL Settings API.</p>
<p><fig>
<title>Set fallback in SUPL settings</title>
</fig></p>
<p><image href="images\SUPL_Settings_API_SetSuplFallback.PNG"></image></p>
<p>The following code snippet illustrates how to change fallback using SUPL
Settings API.</p>
<example><codeblock>#include &lt;epos_csuplsettings.h>

// Example code to read fallback from SUPL settings
// and disable fallback if it is enabled
void CMySettingsClientClass::ChangeFallBack()
    {
    TInt err;
    TBool fallback;

    err = iSettings->GetFallBack(fallBack);
    if (err != KErrNone)
        {
        // Error has occured 
        }

    // Check if fallback is enabled.  If so disable it
    if (fallback)
        {
        err = iSettings->SetFallBack(EFalse);
        if (err != KErrNone)
            {
            // Error has occured 
            }
        }            
    }
</codeblock></example>
</body>
</topic>
<topic id="topic3.1.3">
<title> Get server properties from SUPL Settings</title>
<body>
<p>A client may retrieve server properties from SUPL Settings using SUPL Settings
API. Server properties contains information which can be used to establish
SUPL Session, see reference document <xref href="#References">[1]</xref> and <xref
href="#References">[2]</xref>. </p>
<p>The following diagram illustrates the steps involved in retrieving server
properties based on server address using SUPL Settings API. </p>
<p><fig>
<title>Get server properties from SUPL Settings</title>
</fig></p>
<p><image href="images\SUPL_Settings_API_GetServerProperties.PNG"></image></p>
<p>The following code snippet illustrates how to get server properties based
on server address from SUPL Settings using SUPL Settings API.</p>
<example><codeblock>#include &lt;epos_csuplsettings.h>
#include &lt;epos_csuplsettingsconstants.h>

// Get server properties from SUPL settings based
// on server address
void CMySettingsClientClass::GetServerEntry()
    {
    CServerParams *params;
    TInt64 slpId;
    params = CServerParams::NewL();
    err = iSettings->GetSlpInfoAddress("suplserver.com", params);
    if (err != KErrNone)
        {
        // Error has occured 
        }   
    RBuf hslpAddr;
    RBuf iapName;
    hslpAddr.Create(KMaxHSLPAddrLen);
    iapName.Create(KMaxIAPLen);
    TInt64 slpId; 
    TBool enabledFlag, simChangeFlag, usageInHomeNwFlag, editFlag;

    TInt errParams = params->Get(slpId, hslpAddr, iapName, enabledFlag, simChangeFlag, usageInHomeNwFlag, editFlag);
    if (errParams != KErrNone)
        {
        // Error has occured 
        }   

    hslpAddr.Close(); 
    iapName.Close();    
     
    delete params;
  }

</codeblock></example>
</body>
</topic>
<topic id="topic3.1.4">
<title> Get SUPL Usage from SUPL Settings</title>
<body>
<p>A client may retrieve SUPL Usage from SUPL Settings. SUPL Usage indicates
whether user intervention is required or not before using SUPL. The following
diagram illustrates the steps involved in retrieving SUPL Usage using SUPL
Settings API.</p>
<p><fig>
<title>Get SUPL Usage from SUPL Settings</title>
</fig></p>
<p><image href="images\SUPL_Settings_API_GetSuplUsage.PNG"></image></p>
<p>The following code snippets illustrates how to get SUPL Usage using SUPL
Settings API.</p>
<example><codeblock>#include &lt;epos_csuplsettings.h>

class CMySettingsClientClass : public CBase
{
    public:

        // Two phase construction
        static CMySettingsClientClass* NewL();

        // Destructor
        ~CMySettingsClientClass(); 

    public: // Helper methods
        // Method to get the SUPL usage 
        void GetSuplUsage();

    private:    // Data
        // SUPL Settings
        CSuplSettings* iSettings;
};

// Two phase construction
void CMySettingsClientClass::ConstructL()
    {
    iSettings = CSuplSettings::NewL();
    }

// Static method for object instantiation
void CMySettingsClientClass::NewL()
    {
    CMySettingsClientClass * self = new (ELeave) CMySettingsClientClass;
    CleanupStack::PushL(self);
    self->ConstructL();
    CleanupStack::Pop(self);
    return self;
    }

// Destructor
CMySettingsClientClass::~CMySettingsClientClass()
    {
    delete iSettings;
    }

// Method to set the SUPL Usage with example values
void CMySettingsClientClass::GetSuplUsage()
    {
    CSuplSettings::TSuplSettingsUsage usage;
    TInt ret = iSettings->GetSuplUsage(usage);
    if (ret != KErrNone)
        {	
        //Handle Error
        }
    }
</codeblock></example>
</body>
</topic>
<topic id="GetTriggerParams1">
<title>Get active trigger session parameters</title>
<body>
<p>A client may retrieve parameters of all active trigger sessions or parameters
of a given session from SUPL Settings. </p>
<p>The following diagram illustrates the steps involved in retrieving parameters
of all active trigger sessions.<fig>
<title>Get all trigger sessions</title>
</fig></p>
<p><image href="images\GetTriggerParams.PNG"></image></p>
<p>Following diagram shows how client can get parameters of a given session
by providing a valid session id.<fig>
<title>Get a given trigger session</title>
</fig></p>
<p><image href="images\GetATriggerParam.PNG"></image></p>
<p>The following code snippet illustrates how to get parameters of all active
trigger sessions and parameter of a given session using SUPL Settings API.</p>
<example><codeblock>#include &lt;epos_csuplsettings.h>

class CMySettingsClientClass : public CBase
{
    public:

        // Two phase construction
        static CMySettingsClientClass* NewL();

        // Destructor
        ~CMySettingsClientClass(); 

    public: // Helper methods
        // Method to get all session params 
        void GetAllSessionParamsL();
 				// Method to get a session params 
        void GetSessionParamsL();

     private:    // Data
        // SUPL Settings
        CSuplSettings* iSettings;
};

// Two phase construction
void CMySettingsClientClass::ConstructL()
    {
    iSettings = CSuplSettings::NewL();
    }

// Static method for object instantiation
void CMySettingsClientClass::NewL()
    {
    CMySettingsClientClass * self = new (ELeave) CMySettingsClientClass;
    CleanupStack::PushL(self);
    self->ConstructL();
    CleanupStack::Pop(self);
    return self;
    }

// Destructor
CMySettingsClientClass::~CMySettingsClientClass()
    {
    delete iSettings;
    }

void CMySettingsClientClass::GetAllSessionParamsL()
    {
	  RPointerArray&lt; CTriggerParams > paramValues;
	  TInt err = iSettings->GetTriggerParams( paramValues );
	  if( KErrNone != err )
		    {
		    // Handle error
		    }
	  paramValues.ResetAndDestroy();
	  paramValues.Close();
	  }

void CMySettingsClientClass::GetSessionParamsL()
    {
	  CTriggerParams* paramValues=CTriggerParams::NewL();
    //Get parameters of a session with session id=5 
	  TInt err = iSettings->GetTriggerParams( 5,paramValues );
	  if( KErrNone != err )
		    {
		    // Handle error
		    }
	  delete paramValues;
	  }
</codeblock></example>
<p> </p>
<p>SUPL trigger session parameters are encapsulated in CTriggerParams class.
Following code snippet shows how to retrieve each individual information in
CTriggerParams class.</p>
<example><codeblock>void CMySettingsClientClass::RetrieveParams()
    {
		TUint sessionId;
    TBool notificationPresent;
    TBool triggerNotificationStatus;
    CTriggerParams::TTriggerType triggerType;
    CTriggerParams::TRequestType requestType;
    TUint outstandingTrigger;
    TUint interval;
    
    HBufC* sessionName = HBufC::NewL( KMaxTriggerSessionNameLen );
		// "params" is CTriggerParams object containing session information
    TInt err = params->Get(sessionId,sessionName->Des(),notificationPresent,triggerNotificationStatus,
                           triggerType,requestType,outstandingTrigger,interval );
    if( KErrNone != err )
        {
    	  // Handle error
    	  }
    delete sessionName;
    } </codeblock></example>
</body>
</topic>
<topic id="SetNotStatus">
<title>Modify active SUPL trigger session parameters</title>
<body>
<p>Client can set/reset "Notification Status" attribute for a given session.</p>
<p>The following diagram illustrates the steps involved in modifying notification
status attribute using SUPL Settings API.<fig>
<title>Set Notification Status</title>
</fig></p>
<p><image href="images\SetNotStatus.PNG"></image></p>
<p>The following code snippet illustrates how to set notification status attribute
for a given session using SUPL Settings API. </p>
<example><codeblock>#include &lt;epos_csuplsettings.h>

class CMySettingsClientClass : public CBase
{
    public:

        // Two phase construction
        static CMySettingsClientClass* NewL();

        // Destructor
        ~CMySettingsClientClass(); 

    public: // Helper methods
        // Method to set notification status 
        void SetNotificationStatus();

    private:    // Data
        // SUPL Settings
        CSuplSettings* iSettings;
};

// Two phase construction
void CMySettingsClientClass::ConstructL()
    {
    iSettings = CSuplSettings::NewL();
    }

// Static method for object instantiation
void CMySettingsClientClass::NewL()
    {
    CMySettingsClientClass * self = new (ELeave) CMySettingsClientClass;
    CleanupStack::PushL(self);
    self->ConstructL();
    CleanupStack::Pop(self);
    return self;
    }

// Destructor
CMySettingsClientClass::~CMySettingsClientClass()
    {
    delete iSettings;
    }

void CMySettingsClientClass::SetNotificationStatus()
    {
		// Example value for session ID
		TInt sessionId = 3;
		// Set notification status for a given session to EFalse
		TInt err = iSettings->SetNotificationStatus(sessionId,EFalse);
		if( KErrNone != err )
		    {
			  // Handle error
			  }
		 }</codeblock></example>
</body>
</topic>
<topic id="Removesession">
<title>Cancelling Sessions</title>
<body>
<p>Client can cancel/stop ongoing SUPL triggered session using SUPL Settings
API. Cancelling ongoing session results in removal of given session information
from settings database and cancelling the corresponding session in SUPL server.
The following diagram illustrates the steps involved in cancelling active
SUPL triggered session.<fig>
<title>Cancel a given trigger session</title>
</fig></p>
<p><image href="images\CancelSession.PNG"></image></p>
<p>The following code snippet illustrates how to cancel/remove ongoing SUPL
triggered session. </p>
<example><codeblock>#include &lt;epos_csuplsettings.h>

class CMySettingsClientClass : public CBase
{
    public:

        // Two phase construction
        static CMySettingsClientClass* NewL();

        // Destructor
        ~CMySettingsClientClass(); 

    public: // Helper methods
        // Method to cancel active session 
        void CancelSession();

    private:    // Data
        // SUPL Settings
        CSuplSettings* iSettings;
};

// Two phase construction
void CMySettingsClientClass::ConstructL()
    {
    iSettings = CSuplSettings::NewL();
    }

// Static method for object instantiation
void CMySettingsClientClass::NewL()
    {
    CMySettingsClientClass * self = new (ELeave) CMySettingsClientClass;
    CleanupStack::PushL(self);
    self->ConstructL();
    CleanupStack::Pop(self);
    return self;
    }

// Destructor
CMySettingsClientClass::~CMySettingsClientClass()
    {
    delete iSettings;
    }

void CMySettingsClientClass::CancelSession()
    {
		// Example value for session ID
		TInt sessionId = 3;
		TInt err = iSettings->CancelTriggerSession(sessionId);
		if( KErrNone != err )
		    {
			  // Handle error
			  }
		}</codeblock></example>
</body>
</topic>
</topic>
<topic id="topic3.2">
<title> Listening to SUPL Settings changes</title>
<body>
<p>Clients using SUPL Settings may want to listen to SUPL Settings change
events. To receive SUPL Settings change events, client has to derive its class
from <codeph>MSuplSettingsObserver</codeph> and implement the <codeph>HandleSuplSettingsChangeL()</codeph> method.
The client has to invoke the <codeph>SetObserverL()</codeph> method of <codeph>CSuplSettings</codeph> to
start listening to changes. If any of the values changes in the SUPL Settings
storage, the client is informed about it. Depending on the type of event received,
either communication parameter change event or SUPL Usage change event, the
client can read the new values from the SUPL Settings storage. The client
can invoke the <codeph>RemoveObserver()</codeph> method of <codeph>CSuplSettings</codeph> to
stop listening to SUPL Settings changes.</p>
<p>The following diagram illustrates the steps involved in listening to the
SUPL Settings changes, receiving change events and read new values from settings
and stop listening SUPL Settings changes using SUPL Settings API.<fig>
<title>Listening to SUPL Settings changes</title>
</fig></p>
<p><image href="images\SUPL_Settings_API_ListenToChanges.PNG"></image></p>
<p><b>Code Example</b></p>
<p>The following code snippet illustrates how the client can listen for SUPL
Settings events using SUPL Settings API.</p>
<example><codeblock>#include &lt;epos_csuplsettings.h>
#include &lt;epos_csuplsettingsconstants.h>

class CMyEventListener : public CBase, public MSuplSettingsObserver
  {
    public:

        // Constructors and destructor

        ...        

        void HandleSuplSettingsChangeL(); 

    private:    // Data
        CSuplSettings* iSettings;
    };


void CMyEventListener::ConstructL()
    {
    iSettings = CSuplSettings::NewL();
    }

CMyEventListener::~CMyEventListener()
    {
    delete iSettings;
    }

void CMyEventListener::StartObservingL()
    {
    TInt ret = iSettings->SetObserverL(*this);
    if (ret != KErrNone)
        {
        // Handler error
        }
    }

void CMyEventListener::StopObserving()
    {
    iSettings->RemoveObserver();
    }

class CMyEventListener : public CBase, public MSuplSettingsObserver
  {
    public:

        // Constructors and destructor

        ...        

        void HandleSuplSettingsChangeL(); 

    private:    // Data
        CSuplSettings* iSettings;
    };


void CMyEventListener::ConstructL()
    {
    iSettings = CSuplSettings::NewL();
    }

CMyEventListener::~CMyEventListener()
    {
    delete iSettings;
    }

void CMyEventListener::StartObservingL()
    {
    TInt ret = iSettings->SetObserverL(*this);
    if (ret != KErrNone)
        {
        // Setting of observer has failed.
        // SUPL settings change events will not be
        // received.  Leave.
        User::Leave(ret);
        }
    }

void CMyEventListener::StopObserving()
    {
    iSettings->RemoveObserver();
    }

void CMyEventListener::HandleSuplSettingsChangeL(TSuplSettingsEventType aEvent)
    {
    // Read the SUPL settings again because something has been changed.
    RBuf  hslpAddr, iapName, imsi;
    hslpAddr.CreateL(KMaxHSLPAddressLength);
    iapName.CreateL(KMaxIAPName);
    imsi.CreateL(KMaxIMSILength);
    CSuplSettings::TSuplSettingsChangedBy changedBy;
    CSuplSettings::TSuplSettingsUsage suplUsage;

    TInt err;
    if (aEvent == ESuplSettingsEventCommParameterChange)
        { 
				// Settings has changed, read settings
        }
    else if (aEvent == ESuplSettingsEventSuplUsageChange)
        { 
				// SUPL Usage has changed
        }
    else if (aEvent == ESuplSettingsEventServerAdd)
        { 
				// New server has been added to SUPL settings
        }
    else if (aEvent == ESuplSettingsEventServerDelete)
        { 
				// Server has been deleted SUPL settings
        }
    else if (aEvent == ESuplSettingsEventServerUpdate)
        { 
				// Server has been updated SUPL settings
        }
    hslpAddr.Close();
    iapName.Close();
    imsi.Close();
   }
</codeblock></example>
<p>Clients using SUPL Settings may also want to listen to SUPL Session parameter
change events. To receive SUPL Session parameter change events, client has
to derive its class from <codeph>MSuplSessionObserver</codeph> and implement
the <codeph>HandleSuplSessionChangeL()</codeph> method. The client has to
invoke the <codeph>SetSessionObserverL()</codeph> method of <codeph>CSuplSettings</codeph> to
start listening to changes. If any of the values changes in the SUPL Settings
Session storage, the client is informed about it. Depending on the type of
event ( addition, updation or deletion ) received,the client can read the
new values from the SUPL Settings Session storage. The client can invoke the <codeph>RemoveSessionObserver()</codeph> method
of <codeph>CSuplSettings</codeph> to stop listening to SUPL  Session parameter
changes.</p>
<p>The following diagram illustrates the steps involved in listening to SUPL
session parameter changes using SUPL Settings API.<fig>
<title>Listening to SUPL trigger session changes</title>
</fig></p>
<p><image href="images\ListenSessionChanges.PNG"></image></p>
<p>The following code snippet illustrates how the client can listen for SUPL
Session parameter change events using SUPL Settings API.</p>
<example><codeblock>#include &lt;epos_csuplsettings.h>
#include &lt;epos_msuplsessionobserver.h>

class CMyEventListener : public CBase, public MSuplSessionObserver
  {
    public:

        // Constructors and destructor

        ...        

        void HandleSuplSessionChangeL( TSuplSessionEventType aEvent,
                                       TInt aSessionId ); 

    private:    // Data
        CSuplSettings* iSettings;
    };


void CMyEventListener::ConstructL()
    {
    iSettings = CSuplSettings::NewL();
    }

CMyEventListener::~CMyEventListener()
    {
    delete iSettings;
    }

void CMyEventListener::StartObservingL()
    {
    TInt ret = iSettings->SetSessionObserverL(*this);
    if (ret != KErrNone)
        {
        // Handler error
        }
    }

void CMyEventListener::StopObserving()
    {
    iSettings->RemoveSessionObserver();
    }

void CMyEventListener::HandleSuplSessionChangeL( TSuplSessionEventType aEvent,TInt aSessionId )
    {
    // Read the SUPL trigger Session parameters again because something has been changed for session with ID=aS     essionId.
		// Identify the type of event
    if (aEvent == ESuplSessionDBAddEvent )
        { 
				// New session has been added
        }
    else if (aEvent == ESuplSessionDBDeleteEvent)
        { 
				// Session removed
        }
		else if (aEvent == ESuplSessionDBUpdateEvent)
        { 
				// Session parameters updated
        }
		else 
        { 
				// Unspecified event
        }
    }
</codeblock></example>
</body>
</topic>
<topic id="topic3.3">
<title> Change Priority</title>
<body>
<p>The order of server entries in SUPL settings is priority of servers.</p>
<p></p>
</body>
<topic id="topic3.3.1">
<title> Change priority of servers in SUPL settings</title>
<body>
<p>The priority of server in SUPL settings can be either increased or decreased.
The following diagram illustrates the steps involved in changing priority
using SUPL Settings API.</p>
<p><fig>
<title>Change Priority</title>
</fig></p>
<p><image href="images\SUPL_Settings_API_ChangePriority.PNG"></image></p>
<p>The following code snippet illustrates how to change priority using SUPL
Settings API.</p>
<example><codeblock>#include &lt;epos_csuplsettings.h>
#include &lt;epos_csuplsettingsconstants.h>

// Change priority of server to increase priority 
void CMySettingsClientClass::ChangePriorityOfServer()
    {
    CServerParams *params;
    TInt64 slpId;
    params = CServerParams::NewL();
    err = iSettings->GetSlpInfoAddress("suplserver.com", params);
    if (err != KErrNone)
        {
        // Error has occured 
        }   
    RBuf hslpAddr;
    RBuf iapName;
    hslpAddr.Create(KMaxHSLPAddrLen);
    iapName.Create(KMaxIAPLen);
    TInt64 slpId; 
    TBool enabledFlag, simChangeFlag, usageInHomeNwFlag, editFlag;

    TInt errParams = params->Get(slpId, hslpAddr, iapName, enabledFlag, simChangeFlag, usageInHomeNwFlag, editFlag);
    if (errParams != KErrNone)
        {
        // Error has occured 
        }   

    err = iSettings->ChangePriority(slpId, 2, ETrue)

    hslpAddr.Close(); 
    iapName.Close();    
     
    delete params;
    }
</codeblock></example>
</body>
</topic>
</topic>
<topic id="topic3.3">
<title> Using IMSI obtained during initialization</title>
<body>
<p>During initialization, currently active IMSI is obtained from the system.
Using SUPL Settings API, this IMSI value can be used for different purpose
such as generating HSLP address from IMSI, to check whether currently active
IMSI is different from the IMSI present in SUPL Settings, etc.</p>
<p></p>
</body>
<topic id="topic3.3.1">
<title> Get IMSI</title>
<body>
<p>The IMSI obtained during initialization can be retrieved using SUPL Settings
API. The following diagram illustrates the steps involved in getting IMSI
using SUPL Settings API.</p>
<p><fig>
<title>Get IMSI</title>
</fig></p>
<p><image href="images\SUPL_Settings_API_GetImsi.PNG"></image></p>
<p>The following code snippet illustrates how to initialize the settings object,
how to retrieve the IMSI obtained during initialization using SUPL Settings
API.</p>
<example><codeblock>#include &lt;epos_csuplsettings.h>
#include &lt;epos_csuplsettingsconstants.h>

class CMySettingsClientClass : public CActive
    {
    public:

        // Two phase construction
        static CMySettingsClientClass* NewL();

        // Destructor
        ~CMySettingsClientClass(); 

        // InitializeSettings Method
        void InitializeSettings(); 

    protected : 	// From CActive	
	
        // Overriding RunL
        void RunL();

        // Overriding RunError
        TInt RunError(TInt aError);

        // Overriding DoCancel
        void DoCancel();

    public: // Helper methods
        // Method to retrive the IMSI obtained during initialization
        void GetImsi();

    private:    // Data
        // SUPL Settings
        CSuplSettings* iSettings;
        RBuf  iImsi;
};

// Two phase construction
void CMySettingsClientClass::ConstructL()
    {
    iSettings = CSuplSettings::NewL();
    iImsi.CreateL(KMaxIMSILen);
    }

// Static method for object instantiation
void CMySettingsClientClass::NewL()
    {
    CMySettingsClientClass * self = new (ELeave) CMySettingsClientClass;
    CleanupStack::PushL(self);
    self->ConstructL();
    CleanupStack::Pop(self);
    return self;
    }

// Destructor
CMySettingsClientClass::~CMySettingsClientClass()
    {
    iImsi.Close();
    delete iSettings;
    }

// Cancellation method for the active object
void CMySettingsClientClass::DoCancel()
    {
    // This method gets invoked only when 
    // the object is active
    iSettings->CancelInitialize();	
    }

// Active object RunL
void CMySettingsClientClass::RunL()
    {
    TInt err = iStatus.Int();    
    if (err != KErrNone)
        {
        // Handle error.  Initialization has failed,
        // client cannot retrieve the IMSI.
        User::Leave(err);
        }
    }

// Active object RunError
TInt CMySettingsClientClass::RunError(TInt aError)
    {
    // Leave has happened in RunL and ignored
    return KErrNone;
    }


// Method to initialize SUPL Settings
void CMySettingsClientClass::InitializeSettings()
    {
    iSettings->Initialize(iStatus);
    SetActive();
    }


// Method that get the IMSI obtained during initialization.
// The IMSI value is provided by SUPL Settings API
void CMySettingsClientClass::GetImsi()
    {
    TInt err = iSettings->GetImsi(iImsi); 
    if (err != KErrNone) 
        {     
        // Handle error 
        }  
    }
</codeblock></example>
</body>
</topic>
<topic id="topic3.3.2">
<title> Generate HSLP address from IMSI</title>
<body>
<p>Using IMSI obtained during initialization HSLP address can be generated
using SUPL Settings API. This HSLP address can be used during SUPL session
establishment, see reference document <xref href="#References">[6]</xref> and <xref
href="#References">[7]</xref>. HSLP address is provided in the FQDN format
and can have maximum size of 256 bytes. The client must allocate enough memory
to hold the HSLP address. HSLP address can also be generated from IMSI, for
example, if HSLP address read from SUPL Settings is empty or not valid. The
generated HSLP is in the FQDN format and looks like "<i>h-slp.mncXXX.mccYYY.3gppnetwork.org</i>"
where XXX and YYY values for MNC and MCC extracted from IMSI.</p>
<p>The following diagram illustrates the steps involved in generating HSLP
address from IMSI using SUPL Settings API.</p>
<p><fig>
<title>Generate HSLP address from IMSI</title>
</fig></p>
<p><image href="images\SUPL_Settings_API_GenerateHslpAddressFromIMSI.PNG">
</image></p>
<p>The following code snippets illustrates how to generate HSLP address from
IMSI using SUPL Settings API.</p>
<example><codeblock>#include &lt;epos_csuplsettings.h>
#include &lt;epos_csuplsettingsconstants.h>

class CMySettingsClientClass : public CActive
    {
    public:

        // Two phase construction
        static CMySettingsClientClass* NewL();

        // Destructor
        ~CMySettingsClientClass(); 

        // InitializeSettings Method
        void InitializeSettings(); 

    protected : 	// From CActive	
	
        // Overriding RunL
        void RunL();

        // Overriding RunError
        TInt RunError(TInt aError);

        // Overriding DoCancel
        void DoCancel();

    public: // Helper methods
        // Method to invoke the generation of HSLP Address
        // from the IMSI obtained during initialization
        void GenerateHSLPAddress();

    private:    // Data
        // SUPL Settings
        CSuplSettings* iSettings;
        // For HSLP address generation
        RBuf  iNewHslpAddr;

};

// Two phase construction
void CMySettingsClientClass::ConstructL()
    {
    iSettings = CSuplSettings::NewL();
    iNewHslpAddr.CreateL(KMaxHSLPAddrLen);
    }

// Static method for object instantiation
void CMySettingsClientClass::NewL()
    {
    CMySettingsClientClass * self = new (ELeave) CMySettingsClientClass;
    CleanupStack::PushL(self);
    self->ConstructL();
    CleanupStack::Pop(self);
    return self;
    }

// Destructor
CMySettingsClientClass::~CMySettingsClientClass()
    {
    iNewHslpAddr.Close();
    delete iSettings;
    }

// Cancellation method for the active object
void CMySettingsClientClass::DoCancel()
    {
    // This method gets invoked only when 
    // the object is active
    iSettings->CancelInitialize();	
    }

// Active object RunL
void CMySettingsClientClass::RunL()
    {
    TInt err = iStatus.Int();    
    if (err != KErrNone)
        {
        // Handle error.  Initialization has failed,
        // client cannot generate HSLP address from IMSI.
        User::Leave(err);
        }
    }

// Active object RunError
TInt CMySettingsClientClass::RunError(TInt aError)
    {
    // Leave has happened in RunL and ignored
    return KErrNone;
    }


// Method to initialize SUPL Settings
void CMySettingsClientClass::InitializeSettings()
    {
    iSettings->Initialize(iStatus);
    SetActive();
    }

// Method to generate the HSLP Address from IMSI obtained during 
// initialization. The HSLP Address generation functionality is provided
// by SUPL Settings API
void CMySettingsClientClass::GenerateHSLPAddress()
    {
    TInt err = iSettings->GenerateHslpAddressFromImsi(iNewHslpAddr); 
    if (err != KErrNone) 
        {     
        // Handle error 
        }  
    }
</codeblock></example>
</body>
</topic>
<topic id="topic3.3.3">
<title> Check if IMSI has changed or not</title>
<body>
<p>SUPL Settings API can be used to check whether the IMSI currently stored
in SUPL Settings is different from IMSI obtained during initialization. The
following diagram illustrates the steps involved in checking whether IMSI
has changed or not using SUPL Settings API.</p>
<p><fig>
<title>Check if IMSI has changed or not</title>
</fig></p>
<p><image href="images\SUPL_Settings_API_IsImsiChanged.PNG"></image></p>
<p>The following code snippets illustrates how to check whether IMSI has changed
or not using SUPL Settings API.</p>
<example><p><codeblock>#include &lt;epos_csuplsettings.h>
#include &lt;epos_csuplsettingsconstants.h>

class CMySettingsClientClass : public CActive
    {
    public:

        // Two phase construction
        static CMySettingsClientClass* NewL();

        // Destructor
        ~CMySettingsClientClass(); 

        // InitializeSettings Method
        void InitializeSettings(); 

    protected : 	// From CActive	
	
        // Overriding RunL
        void RunL();

        // Overriding RunError
        TInt RunError(TInt aError);

        // Overriding DoCancel
        void DoCancel();

    public: // Helper methods
        // Method to determine if the IMSI value in the
        // SUPL Settings is different from the 
        // IMSI obtained during initialization
        TBool HasImsiChanged();

    private:    // Data
        // SUPL Settings
        CSuplSettings* iSettings;
};

// Two phase construction
void CMySettingsClientClass::ConstructL()
    {
    iSettings = CSuplSettings::NewL();
    }

// Static method for object instantiation
void CMySettingsClientClass::NewL()
    {
    CMySettingsClientClass * self = new (ELeave) CMySettingsClientClass;
    CleanupStack::PushL(self);
    self->ConstructL();
    CleanupStack::Pop(self);
    return self;
    }

// Destructor
CMySettingsClientClass::~CMySettingsClientClass()
    {
    delete iSettings;
    }

// Cancellation method for the active object
void CMySettingsClientClass::DoCancel()
    {
    // This method gets invoked only when 
    // the object is active
    iSettings->CancelInitialize();	
    }

// Active object RunL
void CMySettingsClientClass::RunL()
    {
    TInt err = iStatus.Int();    
    if (err != KErrNone)
        {
        // Handle error.  Initialization has failed,
        // client cannot check whether the currently
        // active IMSI is different from the IMSI currently
        // present in the SUPL settings.
        User::Leave(err);
        }
    }

// Active object RunError
TInt CMySettingsClientClass::RunError(TInt aError)
    {
    // Leave has happened in RunL and ignored
    return KErrNone;
    }


// Method to initialize SUPL Settings
void CMySettingsClientClass::InitializeSettings()
    {
    iSettings->Initialize(iStatus);
    SetActive();
    }

// Method that determines if the IMSI in SUPL Settings is 
// same as or different from IMSI obtained during initialization
TBool CMySettingsClientClass::HasImsiChanged()
    {
    TBool changed;
    TInt err = iSettings->IsImsiChanged(changed); 
    if (err != KErrNone) 
        {     
        // Handle error 
        }  
    return changed;
    }
</codeblock></p></example>
</body>
</topic>
</topic>
<topic id="topic3.4">
<title>Error handling</title>
<body>
<p></p>
<p> The interface uses the system-wide error codes of Symbian OS. The error
codes returned by SUPL Settings API are: <table>
<tgroup cols="2"><colspec colname="col1" colwidth="0.42*"/><colspec colname="col2"
colwidth="1.58*"/>
<tbody>
<row>
<?PubTbl row rht="1.19in"?>
<entry><codeph>KErrNotReady</codeph></entry>
<entry>This error code is returned in the following cases: <ul>
<li>If the settings object is not initialized before calling the method to
check whether IMSI has changed or not.</li>
<li>If the settings object is not initialized before calling the method to
get IMSI.</li>
</ul><p>In all the above cases, client should initialize the settings object
first and perform the required operation.</p></entry>
</row>
<row>
<entry><codeph>KErrGeneral</codeph></entry>
<entry>This error code is returned in the following cases <ul>
<li>If the changing of SUPL settings has failed.</li>
<li>If Initialization fails. Client can initialize settings object after some
time.</li>
</ul></entry>
</row>
<row>
<entry><codeph>KErrPermissionDenied</codeph></entry>
<entry>If client does not have <codeph>WriteDeviceData</codeph> capability
when changing SUPL Settings or if the client does not have the <codeph>ReadDeviceData</codeph> capability
when initializing the SUPL Settings object. </entry>
</row>
<row>
<entry><codeph>KErrArgument</codeph></entry>
<entry>If any of the arguments passed to the SUPL Settings methods are not
valid. Client should pass the valid arguments for SUPL Settings methods.</entry>
</row>
<row>
<entry><codeph>KErrOverflow</codeph></entry>
<entry>If the descriptor passed as argument is too small to retrieve the value
from SUPL Settings Storage. Client should have allocated enough memory to
hold the value retrieved from SUPL Settings.</entry>
</row>
<row>
<entry><codeph>KErrAlreadyExists</codeph></entry>
<entry>If observer has already been set.</entry>
</row>
</tbody>
</tgroup>
</table></p>
</body>
</topic>
<topic id="topic3.5">
<title>Memory overhead</title>
<body>
<p></p>
<p>SUPL Settings object is created by clients and it adds an additional memory
to client. Settings API internally uses object to interact with CenRep and
ETel. As a guideline, the client shall delete the settings object to release
memory held after the processing is complete.</p>
</body>
</topic>
<topic id="topic3.6">
<title>Extensions to the API</title>
<body>
<p> None.</p>
</body>
</topic>
<topic id="topic3.7">
<title>Limitations of the API</title>
<body>
<p>None.</p>
</body>
</topic>
</topic>
<topic id="topic4">
<title>Glossary</title>
<body></body>
<topic id="topic4.1">
<title>Abbreviations</title>
<body>
<table frame="all">
<title></title>
<tgroup cols="2"><colspec colname="col1"/><colspec colname="col2"/>
<tbody>
<row>
<entry colsep="1" rowsep="1">API </entry>
<entry rowsep="1">Application Programming Interface</entry>
</row>
<row>
<entry colsep="1">FQDN</entry>
<entry>Fully Qualified Domain Name</entry>
</row>
<row>
<?PubTbl row rht="0.34in"?>
<entry>HSLP</entry>
<entry>Home SUPL Location Platform</entry>
</row>
<row>
<entry>IAP</entry>
<entry>Internet Accept Point</entry>
</row>
<row>
<entry>IMSI</entry>
<entry>International Mobile Subscriber Identity</entry>
</row>
<row>
<entry>MCC</entry>
<entry>Mobile Country Code</entry>
</row>
<row>
<entry>MNC</entry>
<entry>Mobile Network Code</entry>
</row>
<row>
<entry>OMA</entry>
<entry>Open Mobile Alliance</entry>
</row>
<row>
<entry>SET</entry>
<entry>SUPL Enabled Terminal</entry>
</row>
<row>
<entry>SLP</entry>
<entry>SUPL Location Platform</entry>
</row>
<row>
<entry>SUPL</entry>
<entry>Secure User Plane Location Protocol</entry>
</row>
</tbody>
</tgroup>
</table>
</body>
</topic>
<topic id="topic4.2">
<title>Definitions</title>
<body>
<table frame="all">
<title></title>
<tgroup cols="2"><colspec colname="col1"/><colspec colname="col2"/>
<tbody>
<row>
<entry colsep="1" rowsep="1"><p>Framework</p></entry>
<entry rowsep="1"><p>Usually denotes the collection of an engine and associated
programming interfaces. This document mentions SUPL Framework. </p></entry>
</row>
<row>
<entry colsep="1" rowsep="1">SUPL Enabled Terminal</entry>
<entry rowsep="1">A device that is capable of communicating with a SUPL network.
Examples of this could be UE in UMTS, MS in GSM or IS95.</entry>
</row>
<row>
<entry colsep="1">SUPL Location Platform (SLP)</entry>
<entry>Network entity responsible for Service management and Position determination.</entry>
</row>
</tbody>
</tgroup>
</table>
</body>
</topic>
</topic>
<topic id="topic">
<title>References</title>
<body>
<p></p>
<table>
<tgroup cols="2"><colspec colname="col1"/><colspec colname="col2"/>
<tbody>
<row>
<?PubTbl row rht="0.39in"?>
<entry><p>1. OMA-AD-SUPL-V1_0</p></entry>
<entry><p>SUPL Architecture Description by OMA<xref href="http://member.openmobilealliance.org/">http://member.openmobilealliance.org/</xref> </p
></entry>
</row>
<row>
<entry>2. OMA-TS-ULP-V1</entry>
<entry>SUPL Technical Specification by OMA <xref href='http://member.openmobilealliance.org/">http://member.openmobilealliance.org'>http://member.openmobilealliance.org/</xref
></entry>
</row>
<row>
<entry>3. OMA-TS-ULP-V2</entry>
<entry>SUPL Technical Specification by OMA <xref href="http://member.openmobilealliance.org/">http://member.openmobilealliance.org/</xref></entry>
</row>
</tbody>
</tgroup>
</table>
</body>
</topic>
</dita>
<?Pub *0000058221?>
