﻿<?xml version="1.0" encoding="utf-8"?>
<!--Arbortext, Inc., 1988-2004, v.4002-->
<!DOCTYPE dita PUBLIC "-//IBM//DTD DITA Composite//EN"
 "ditabase.dtd">
<?Pub UDT _bookmark _target?>
<?Pub UDT instructions _comment FontColor="red"?>
<?Pub UDT template _font?>
<dita xmlns:atict="http://www.arbortext.com/namespace/atict"><atict:info tracking="off"
ref="0"/><atict:user user="laleskin" fullname="Leskinen Lauri (EXT-Kudos-MSW/Helsinki)"/>
<atict:user user="petuomin" fullname="Tuominen Petteri (Nokia-TP-MSW/Helsinki)"/>
<topic id="mainTopic" otherprops="" product="documentTitle" rev="DN078378">
<title>S60 Map and Navigation Provider API</title>
<prolog>
<copyright><copyryear year="2007"/><copyrholder>Nokia Corporation and/or its
subsidiaries<?Pub Caret?></copyrholder></copyright>
<metadata>
<category>Domain</category>
</metadata></prolog>
<body>
<table audience="S60 licensees" platform="5.0" rev="S605.0licensee">
<title>Changes in S60 5.0 Map and Navigation Provider API documentation</title>
<tgroup cols="4">
<?PubTbl tgroup rth="1.00pt"?>
<colspec colname="col1" colwidth="0.67*"/><colspec colname="col2" colwidth="0.67*"/>
<colspec colname="col3" colwidth="1.33*"/><colspec colname="col4" colwidth="1.33*"/>
<thead>
<row>
<entry>Version</entry>
<entry>Date</entry>
<entry>Status</entry>
<entry>Description</entry>
</row>
</thead>
<tbody>
<row>
<entry>1.0</entry>
<entry>21.02.2007</entry>
<entry>Approved</entry>
<entry></entry>
</row>
<row>
<entry></entry>
<entry></entry>
<entry></entry>
<entry></entry>
</row>
</tbody>
</tgroup>
</table>
<table audience="S60 SDK" platform="5.0" rev="S605.0SDK">
<title>Changes in S60 5.0 Map and Navigation Provider API </title>
<tgroup cols="2"><colspec colname="COLSPEC0" colwidth="0.33*"/><colspec colname="col1"
colwidth="1.67*"/>
<thead>
<row>
<entry>Version</entry>
<entry>Description</entry>
</row>
</thead>
<tbody>
<row>
<entry>1.0</entry>
<entry>First version.</entry>
</row>
<row>
<entry></entry>
<entry></entry>
</row>
</tbody>
</tgroup>
</table>
</body>
</topic>
<topic id="topic1">
<title>Purpose</title>
<body>
<p>This API provides interface for implementation by Map and Navigation Provider
applications. It enables these applications to provide their map, navigation
and geocoding services to the interested client applications in the system.
It also defines how the provider application registers its support to these
services within the system. This API is based on Server Application Service
API concept (see Symbian OS documentation for details). </p>
</body>
<topic id="topic1.1">
<title>API availability</title>
<body>
<p>This API is available for S60 release 3.2 and later. MapImage service and
related classes are defined since S60 release 5.0.</p>
</body>
</topic>
</topic>
<topic id="topic2">
<title>API description</title>
<body>
<p>This is a Framework API: the client has to implement classes and methods
defined by this API. It is intended for applications, which are capable of
map, navigation and geocoding services and want to expose those to other applications.
Further in the document these services will be referred to as "map and navigation
services".</p>
<p>This API does not implement map and navigation services itself but instead
is a server side of a gateway between client applications and provider applications,
which actually implement map views, navigation and geocoding requests. The
client side of this gateway is represented by following APIs:</p>
<p><ul>
<li>Map and Navigation API</li>
<li>Geocoding API</li>
<li>Map and Navigation Provider Discovery API</li>
<li>Map and Navigation AIW API</li>
<li>Map Image API</li>
</ul>Provider applications are application servers and are executed in their
own processes and utilize their own views. Client applications only request
map and navigation services via APIs listed above and those are forwarded
to provider application via this API.</p>
</body>
<topic id="topic2.1">
<title>Use cases</title>
<body>
<p>The main use cases provided by the API are the following:</p>
<ul>
<li>Register support for Map and Navigation services</li>
<li>Implement Map and Navigation services:<ul>
<li>MapView service</li>
<li>Navigation service</li>
<li>Geocoding service</li>
<li>MapImage service</li>
</ul></li>
</ul>
</body>
</topic>
<topic id="topic2.2">
<title>API class structure</title>
<body>
<p>This API provides three main interfaces to map and navigation features
implementations: <ul>
<li><apiname>CMnMapViewServiceBase</apiname> - displaying map view on screen.
Additional parameters are set of landmarks to show over the map, view area,
etc. Also selection from map is requested via this interface.</li>
<li><apiname>CMnNavigationServiceBase</apiname> - starting navigation to a
destination specified by landmark.</li>
<li><apiname>CMnGeocodingServiceBase</apiname> - processing geocoding and
reverse geocoding requests.</li>
<li><apiname>CMnMapImageServiceBase</apiname> - rendering map images of a
specified area.</li>
</ul></p>
<p>These classes represent map and navigation services, which can be implemented
by provider application. They are derived from <apiname>CMnServiceBase</apiname> class,
which is an extension to <codeph>CAknAppServiceBase</codeph>.</p>
<p>In addition to the C++ classes, this API defines resource data structure <codeph>MN_SERVICE_INFO</codeph>,
which is used in declaration of map and navigation services supported by provider
application.</p>
<fig>
<title>Map and Navigation API class structure</title>
<image href="images\MapNavProvider_API_Class_Structure.PNG"></image></fig>
</body>
</topic>
</topic>
<topic id="topic3">
<title>Using Map and Navigation API</title>
<body></body>
<topic id="topicDeclare">
<title>Register support of Map and Navigation services</title>
<body>
<p>Client applications use APIs defined by Map and Navigation Framework to
access Map and Navigation services. Services are defined by this API and implemented
by provider applications. Map and Navigation FW serves as a gateway between
clients and providers. </p>
<p>There may be several provider applications in the system, which implement
Map and Navigation services, and in order to expose these services to clients,
provider applications must register in Map and Navigation FW. This will allow
the system to find the provider application when a client application requests
map and navigation services. </p>
<p>Registration consists of two mandatory steps:</p>
<ul>
<li>Declare service support in application registration file.</li>
<li>Provide additional information in installation package.</li>
</ul>
<p>These steps are described in details in next chapters.</p>
</body>
<topic id="topicResource">
<title>Service support declaration</title>
<body>
<p>There are three Map and Navigation services defined in <i>MnAppServiceUids.hrh</i>.
They correspond to three service classes defined by this API as shown in the
following table. Applications may support all of these services or only some
of them. If an application declares support for a service, it means that this
application implements appropriate service classes defined by this API.</p>
<table>
<title>Map and Navigation application services</title>
<tgroup cols="3"><colspec colname="col1"/><colspec colname="col2"/><colspec
colname="COLSPEC0" colwidth="1.00*"/>
<thead>
<row>
<entry>Service</entry>
<entry>Description</entry>
<entry>Implementation</entry>
</row>
</thead>
<tbody>
<row>
<entry><codeph>KMnAppMapViewService</codeph></entry>
<entry>MapView service</entry>
<entry><apiname>CMnMapViewServiceBase</apiname></entry>
</row>
<row>
<entry><codeph>KMnAppNavigationService</codeph></entry>
<entry>Navigation service</entry>
<entry><apiname>CMnNavigationServiceBase</apiname></entry>
</row>
<row>
<entry><codeph>KMnAppGeocodingService</codeph></entry>
<entry>Geocoding service</entry>
<entry><apiname>CMnGeocodingServiceBase</apiname></entry>
</row>
<row>
<entry><codeph>KMnAppMapImageService</codeph></entry>
<entry>MapImage service</entry>
<entry><apiname>CMnMapImageServiceBase</apiname></entry>
</row>
</tbody>
</tgroup>
</table>
<p>Which services are supported is declared in application registration resource
file (usually named in form <i>MyApplication_reg.rss</i>). This is generic
technique for application servers and more details on that can be found from
"Server applications" article in Symbian OS document chapter "Application
framework". Here only specifics related to Map and Navigation FW will be covered.</p>
<p>Provider application lists implemented services in the <codeph>service_list</codeph> field
of the <codeph>APP_REGISTRATION_INFO</codeph> structure, defined in <i>appinfo.rh</i> as
shown below:</p>
<example><codeblock>RESOURCE APP_REGISTRATION_INFO
    {
    ...
    service_list =
        {
        SERVICE_INFO
            {
            uid = KMnAppMapViewService;
            ...
            },
        ...
        };
     ...
     }
</codeblock></example>
<p>In this example, the application supports MapView service. Literally it
means that when queried by Application FW this application provides implementation
of this service. (Application returns its own implementation of the <apiname>CMnMapViewServiceBase</apiname> class.)
It is also used when Map and Navigation FW searches for implementations of
MapView service for a client.</p>
<p>Base service classes, defined in this API cover the whole services, but
applications are not required to support all the functionality defined in
these services. The application must specify what pieces of functionality,
or "features", of each service are supported. In <i>MnAppServiceUids.hrh</i> file,
the following service features are defined:</p>
<table>
<title>Map and Navigation service features</title>
<tgroup cols="3"><colspec colname="col1" colwidth="0.87*"/><colspec colname="col2"
colwidth="1.07*"/><colspec colname="col3" colwidth="1.06*"/>
<thead>
<row>
<entry>Service</entry>
<entry>Features</entry>
<entry>Description</entry>
</row>
</thead>
<tbody>
<row>
<entry morerows="1"><codeph>KMnAppMapViewService</codeph></entry>
<entry><codeph>KMnSvcFeatureShowMap</codeph></entry>
<entry>Displaying map with landmarks and current location.</entry>
</row>
<row>
<entry><codeph>KMnSvcFeatureSelectFromMap</codeph>   </entry>
<entry>Selecting location from map.</entry>
</row>
<row>
<entry><codeph>KMnAppNavigationService</codeph></entry>
<entry><codeph>KMnSvcFeatureNavigateTo</codeph></entry>
<entry>Basic navigation.</entry>
</row>
<row>
<entry morerows="2"><codeph>KMnAppGeocodingService</codeph></entry>
<entry><codeph>KMnSvcFeatureCoordToAddr</codeph>   </entry>
<entry>Coordinate to Address conversion.</entry>
</row>
<row>
<entry><codeph>KMnSvcFeatureAddrToCoord</codeph></entry>
<entry>Address to Coordinate conversion.</entry>
</row>
<row>
<entry><codeph>KMnSvcFeaturePlainAddrToCoord</codeph></entry>
<entry>Plain-string-address to Coordinate conversion. </entry>
</row>
<row>
<entry><codeph>KMnAppMapImageService</codeph></entry>
<entry><codeph>KMnSvcFeatureVectorMap</codeph></entry>
<entry>Rendering of scalable vector-based map.</entry>
</row>
<row>
<entry></entry>
<entry><codeph>KMnSvcFeatureSatelliteImage</codeph></entry>
<entry>Rendering of map image from satellite photos of Earth.</entry>
</row>
</tbody>
</tgroup>
</table>
<p>Applications must explicitly specify, which features of each service are
supported, because this information is used by Map and Navigation FW to improve
performance of client's requests. For example, if it is known that the client
wants to show map views only, but is not interested in selection from map,
then M&amp;N FW will return all providers, which support <codeph>KMnSvcFeatureShowMap</codeph> regardless
of support of <codeph>KMnSvcFeatureSelectFromMap</codeph>. This allows selected
support for provider applications and fine-grained search for clients.</p>
<p>Standard <codeph>SERVICE_INFO</codeph> structure does not have such mechanisms,
but allows extensions via its <codeph>opaque_data</codeph> field. Application
must declare separate resource of type <codeph>MN_SERVICE_INFO</codeph> (from <i>mnserviceinfo.rh</i>)
in its resource file and list supported features in the <codeph>service_features</codeph> field
and link it from <codeph>SERVICE_INFO</codeph>, as shown below.</p>
<example><codeblock>RESOURCE MN_SERVICE_INFO r_testprovider_mapview_opaquedata
    {
    service_features =
        KMnSvcFeatureShowMap |
        KMnSvcFeatureSelectFromMap;
    }
</codeblock></example>
<p>In this example, application declares support for both features of <codeph>KMnAppMapViewService</codeph>.</p>
<p>The complete example of registration file of hypothetical "TestProvider"
application, which fully supports Map and Navigation services, is given below.</p>
<example><codeblock>#include &lt;appinfo.rh>

#include "mnappserviceuids.hrh"
#include "mnappservices.hrh"
#include "mnserviceinfo.rh"

#include &lt;testprovider.rsg>

UID2 KUidAppRegistrationResourceFile
UID3 0x0313200B

RESOURCE APP_REGISTRATION_INFO
    {
    app_file = "TestProvider";
    localisable_resource_file = "\\resource\\apps\\testprovider";
    localisable_resource_id = R_TESTPROVIDER_LOCALISABLE_APP_INFO;
    service_list =
        {
        // declare support for MapView service
        SERVICE_INFO
            {
            uid = KMnAppMapViewService;
            datatype_list = {};
            opaque_data = r_testprovider_mapview_opaquedata;
            },
        // declare support for Navigation service
        SERVICE_INFO
            {
            uid = KMnAppNavigationService;
            datatype_list = {};
            opaque_data = r_testprovider_navigation_opaquedata;
            },
        // declare support for Geocoding service
        SERVICE_INFO
            {
            uid = KMnAppGeocodingService;
            datatype_list = {};
            opaque_data = r_testprovider_geocoding_opaquedata;
            },
        // declare support for MapImage service
        SERVICE_INFO
            {
            uid = KMnAppMapImageService;
            datatype_list = {};
            opaque_data = r_testprovider_mapimage_opaquedata;
            }
        };
    }

// Declare feature support for MapView service
RESOURCE MN_SERVICE_INFO r_testprovider_mapview_opaquedata
    {
    service_features =
        KMnSvcFeatureShowMap |
        KMnSvcFeatureSelectFromMap; // all features supported
    }

// Declare feature support for Navigation service
RESOURCE MN_SERVICE_INFO r_testprovider_navigation_opaquedata
    {
    service_features =
        KMnSvcFeatureNavigateTo; // all features supported
    }

// Declare feature support for Geocoding service
RESOURCE MN_SERVICE_INFO r_testprovider_geocoding_opaquedata
    {
    service_features =
        KMnSvcFeatureCoordToAddr |
        KMnSvcFeatureAddrToCoord |
        KMnSvcFeaturePlainAddrToCoord; // all features supported
    }

// Declare feature support for MapImage service
RESOURCE MN_SERVICE_INFO r_testprovider_mapimage_opaquedata
    {
    service_features =
        KMnSvcFeatureVectorMap |
        KMnSvcFeatureSatelliteImage; // all features supported
    }
</codeblock></example>
<p><b>Note</b> that the <codeph>datatype_list</codeph> field of the <codeph>SERVICE_INFO</codeph> structure
is not used: there is no datatype associated with Map and Navigation application
services.</p>
</body>
</topic>
<topic id="topicPackage">
<title>Additional info in installation package</title>
<body>
<p>Clients use Map and Navigation Provider Discovery API to get information
about available provider applications. The <apiname>CMnProvider</apiname> class
of that API gives more information about provider application than can be
specified in registration resource file: version and localized vendor name.</p>
<p>This information is taken from applications installation package, which
is required as part of application registration in Map and Navigation FW.
For ROM-based applications a stub installation package must be provided. Installation
package is also required for security reasons.</p>
<p>Below is an example of installation package source file for the TestProvider
application:</p>
<example><codeblock>; Installation file for TestProvider application
; Language - standard language definitions
&amp;EN

; UID and version are used by Map and Navigation FW
#{"MnTestProvider"},(0x0313200B),1,2,4

; Localised Vendor name - also used by Map and Navigation FW
%{"Vendor-EN"}

; Unique Vendor name
:"Vendor"

;Supports S60 3.1
[0x102032BE], 0, 0, 0, {"S60ProductID"}

; Files to install
"\epoc32\release\ARMV5\UREL\testprovider.exe"-"!:\sys\bin\testprovider.exe"
"\epoc32\data\z\resource\apps\testprovider.rsc"-"!:\resource\apps\testprovider.rsc"
"\epoc32\data\z\private\10003a3f\apps\testprovider_reg.rsc"-"!:\private\10003a3f\import\apps\testprovider_reg.rsc"
</codeblock></example>
<p>See details about installation packages in Symbian OS documentation.</p>
</body>
</topic>
</topic>
<topic id="topicImplement">
<title>Implement services</title>
<body>
<p>The main part of application's support of Map and Navigation services is
implementation of service classes.</p>
<p>Map and Navigation services are represented by three service classes, which
are derived from <apiname>CMnServiceBase</apiname>.  As already mentioned
above, the application does not have to implement all the services and features,
but what is implemented must be declared in the resource file.</p>
<p>If a service is not implemented, the provider application should not declare
it in the resource file and then it will not be asked for these services by
Application Framework and therefore does not need to implement the appropriate
service class at all.</p>
<p>All three service classes contain virtual methods, which represent separate
service features and must be implemented by the provider application, if service
support is declared. If some features are not supported, the implementation
must leave from appropriate methods with <codeph>KErrNotSupported</codeph>.</p>
<p>Other methods are helpers and are not intended for implementation by provider
application.</p>
<p>From a high level, the provider application, when used as an application
server, is operated as follows:<ol>
<li>Application Framework starts application normally with the exception that
the application is informed that it is started as a server. This information
is given in <codeph>CEikEnv::StartedAsServerApp()</codeph>.</li>
<li>The application is asked to create server class.</li>
<li>When the client application asks Map and Navigation FW for a service,
the application is asked to create an appropriate service class.</li>
<li>Map and Navigation FW calls one of virtual Handle methods.</li>
<li>A service class is destroyed by Application FW, when the client does not
need the service any more. The application can continue or shut down (see
"Execution modes" note below).<ul>
<li>Application can also be closed by user, if she selects "Exit" command.</li>
</ul></li>
</ol></p>
<p>At the moment, only one service is requested from the application at the
moment. If client requests another service from the same provider application,
a new instance of application will be started.</p>
<p>This is illustrated in the following diagram:</p>
<fig>
<title>Provider application lifetime</title>
<image href="images\MapNavProvider_API_Lifetime_Sequence.PNG"></image></fig>
<p><b>Application startup</b></p>
<p>The provider application should do two things at this stage: <ul>
<li>Determine if it is started as server.</li>
<li>Determine execution mode.</li>
</ul></p>
<p>The first step is achieved by calling <apiname>CEikonEnv::StartedAsServerApp()</apiname>:</p>
<example><codeblock>void CTestProviderAppUi::ConstructL()
    {
    ...
    if ( !iEikonEnv->StartedAsServerApp() )
        {
        // Started normally, open first view as usual
        ActivateLocalViewL( ... );
        }
    else
        {
        // Started as server.
        // Postpone creating views until a service created
        }
    }
</codeblock></example>
<p>Determination of execution mode is done by overriding <apiname>CEikAppUi::ProcessCommandParametersL</apiname> and
checking parent window group. If it is not zero, than application is started
in embedded mode:</p>
<example><codeblock>TBool CTestAppUi::ProcessCommandParametersL(
    CApaCommandLine &amp;aCommandLine )
    {
    TInt parentWg = aCommandLine.ParentWindowGroupID();
    iChainedMode = ( parentWg != 0 );
    return CAknAppUi::ProcessCommandParametersL( aCommandLine );
    }
</codeblock></example>
<p><b>Execution modes</b></p>
<p>Provider application may be started in two different execution modes: standalone
(the user can switch between client application and provider application),
and "chained" (when the provider application's main window group is made child
of client's window group thus hiding the client application from the user
and making it impossible to switch back until the provider application is
closed). The chained mode is similar to the embedded mode with the exception
that the child application (here, provider application) is running in its
own process.</p>
<p>In chained mode the provider application looks like one of the views of
client application. It should display the "Back" button as right softkey instead
of "Exit" to emphasize that pressing this button will return the user to the
previous view in the application where the user originally was. The "Exit"
option must still be present in the Options menu. By selecting this command
the user can close the client application (as well as this provider application,
of course).</p>
<p>In standalone mode, the provider application looks as it would be started
from the main menu and should behave as usual: the "Exit" button is shown.</p>
<p><b>Creating server and services</b></p>
<p>Override <codeph>CEikApplication::NewAppServerL</codeph> to enable server
creation.</p>
<example><codeblock>void CTestApplication::NewAppServerL( CApaAppServer*&amp; aAppServer )
    {
    aAppServer = new (ELeave) CTestAppServer;
    }
</codeblock></example>
<p>Implement <codeph>CApaAppServer</codeph> to create service classes.</p>
<example><codeblock>EXPORT_C CApaAppServiceBase* CTestAppServer::CreateServiceL(
    TUid aServiceType) const
    {
    switch ( aServiceType.iUid )
        {
        case KMnAppMapViewService:
            return CTestMapViewService::NewL();

        case KMnAppNavigationService:
            return CTestNavigationService::NewL();

        default:
            // call default implementation for not supported services
            return CAknAppServer::CreateServiceL( aServiceType );
        }
    }
</codeblock></example>
<p>See more details on that in Symbian OS documentation.</p>
<p>Service classes returned by server class must be implementations of base
service classes, defined by this API: <apiname>CMnMapViewServiceBase</apiname>, <apiname>CMnNavigationServiceBase</apiname> and <apiname>CMnGeocodingServiceBase</apiname
>.</p>
<p><b>Service closure</b></p>
<p>When service class is destroyed, the client is not interested in provider's
service anymore. The further behavior of provider application depends on the
mode it was started in:<ul>
<li>The provider application must close, if started in chained (embedded)
mode. This ensures that the client application regains focus.</li>
<li>If started standalone:<ul>
<li>if no other views are open, the provider application must close.</li>
<li>if any view is open, the provider application remains running until closed
by the user.</li>
</ul></li>
</ul></p>
<p>The following examples explain these rules. </p>
<p><ol>
<li>MapView service is usually started in chained mode and is visible to the
user as one of the views of the client application. If the client application
closes MapView service it means that it wants to return the user to the main
view.</li>
<li>Navigation is started usually as standalone, because the user wants to
be able to switch back to the original application without stopping the navigation.
The user closes the navigation when needed.</li>
</ol></p>
<p>The application can handle this by overriding <codeph>CAknAppServer::HandleAllClientsClosed()</codeph> as
shown below:</p>
<example><codeblock>EXPORT_C void CTestAppServer::HandleAllClientsClosed()
    {
    CTestAppUi* appUi = (CTestAppUi*) CEikonEnv::Static()->AppUi();
    if ( !appUi || ( !appUi->IsAnyUserViewActive() ) )
        {
        // default implementation will close the application
        CAknAppServer::HandleAllClientsClosed();
        }
    }
</codeblock></example>
<p>The <codeph>IsAnyUserViewActive()</codeph> method mentioned in the example
should be implemented by the provider application as part of the <codeph>CTestAppUi</codeph> class.
It can verify if any user views are open, for example map view or navigation
view. This applies to views open in response to client's request.</p>
<p><b>Application closure</b></p>
<p>The provider application may also be closed by the user, when they select
the "Exit" or "Back" command. The provider application must inform the client
correctly about the way it has been closed. This is done by calling <codeph>CApaAppServer::NotifyServerExit()</codeph>.
If the user has selected "Exit" (from menu or command bar), pass <codeph>EAknCmdExit</codeph>.
Otherwise other command ID, or exit reason. For example, the application can
use the following code for that:</p>
<example><codeblock>void CTestAppUi::HandleCommandL( TInt aCommand )
  {
  CEikAppServer* server = iEikonEnv->AppServer();
  switch( aCommand )
    {
    case EEikCmdExit:
    case EAknSoftkeyExit:
      {
      if ( server )
        {
        server->NotifyServerExit( EAknCmdExit );
        }
      Exit();
      	break;
      }
    case EAknSoftkeyBack:
      {
      // simple exit will send EEikCmdExit
      // as exit reason to client
      Exit();
      break;
      }
    default:
      break;
    }
  }
</codeblock></example>
</body>
<topic id="topicMapView">
<title>Implementing MapView service</title>
<body>
<p>MapView service (<codeph>KMnAppMapViewService</codeph>) implementation
must be based on <apiname>CMnMapViewServiceBase</apiname>. This class exposes
three abstract methods to be realized by the provider application. These methods
are tied to service features as shown in the table below.</p>
<table>
<title>MapView service features-to-methods mapping</title>
<tgroup cols="2"><colspec colname="col1"/><colspec colname="col2"/>
<thead>
<row>
<entry>Feature</entry>
<entry>Methods</entry>
</row>
</thead>
<tbody>
<row>
<entry morerows="1"><codeph>KMnSvcFeatureShowMap</codeph></entry>
<entry><codeph>CMnMapViewServiceBase::HandleShowMapL()</codeph> </entry>
</row>
<row>
<entry><codeph>CMnMapViewServiceBase::HandleShowCurrentLocationL()</codeph></entry>
</row>
<row>
<entry><codeph>KMnSvcFeatureSelectFromMap</codeph></entry>
<entry><codeph>CMnMapViewServiceBase::HandleSelectFromMapL()</codeph></entry>
</row>
</tbody>
</tgroup>
</table>
<p>The provider application is not required to support all of the features
of the services. It must specify which features are supported in resource
file and provide leaving implementation for not supported ones. Implementation
must leave with <codeph>KErrNotSupported</codeph> error code.</p>
<p><b>HandleShowMapL</b></p>
<p>This method should be implemented in the way that map view is displayed
on the screen. The actual content of the view is determined by the provider
application, however it must obey parameters given by the client application.</p>
<p>These additional parameters can be retrieved by calling protected methods
of <apiname>CMnMapViewServiceBase</apiname>. The following parameters can
be defined by the client and must be verified and taken into account in the
implementation of this feature.<table>
<tgroup cols="2"><colspec colname="col1" colwidth="0.67*"/><colspec colname="col2"
colwidth="1.33*"/>
<thead>
<row>
<entry>Parameter</entry>
<entry>Description</entry>
</row>
</thead>
<tbody>
<row>
<entry>Area of the map view</entry>
<entry>Area of the map, which should be visible when the view is opened, is
defined by a central point, retrieved by calling <codeph>GetAreaCentralPoint()</codeph> and
area radius, <codeph>AreaRadius()</codeph>. If the area is too small and cannot
be used, the implementation must select the lowest possible radius. If radius
value is <codeph>KAutomaticRadius</codeph>, it is considered not set and the
application can select reasonable radius by its own. If a central point is
not set, then the central point can be e.g. last used location or current
location. This setting does not limit the area visible for user: the user
is allowed to change it by cursor and/or zooming keys or other control means
provided by the application.</entry>
</row>
<row>
<entry>Landmarks to be shown over the map</entry>
<entry><codeph>LandmarksToShow()</codeph> returns a list of landmark objects,
which should be marked on the map. <codeph>LinkedLandmarksToShow()</codeph> and <codeph>LandmarksToShowDatabases()</codeph> together
define the list of landmark IDs and landmark database URIs of the landmarks,
which reside in databases. The application should load these landmarks using
Landmarks API and also mark them on the map.<b> Note</b>: no other landmarks
should be marked on the map.<?Pub _newline?>It is preferred that implementation
uses landmark's icon as a symbol to mark the landmark on the map. If the landmark
has no own icon, then landmark's category icon can be used. If the category
also does not have an icon, or the landmark has multiple categories, some
default icon defined by implementation can be used.<?Pub _newline?>The implementation
should listen for landmark changes in order to be informed if linked landmarks
(specified by ID and database URI) have been changed and update view accordingly.<?Pub _newline?>If
a view area is not specified, then such a view should be selected, which covers
all landmarks, specified by the client (if possible).</entry>
</row>
<row>
<entry>Current location option</entry>
<entry>If the current location option is set, then current location should
be marked on the map. This option can override map view area specified by
client, see details on <apiname>CMnMapView::TCurrentLocationOption</apiname>.</entry>
</row>
</tbody>
</tgroup>
</table></p>
<p>This is a synchronous request. Client's request is completed when this
method exits, therefore it should exit immediately after the map view is shown.</p>
<p>Landmarks arrays should not be accessed after returning from this method
as they might be changed by the client application. Implementations should
copy array data if later access to landmark lists is needed.</p>
<p>Generally the implementation should ignore changes in other parameters
after exit from <codeph>HandleShowMapL</codeph>: they only have effect for
current request. The only exception is linked landmarks. Implementations should
set landmarks observers for databases listed in <codeph>LandmarksToShowDatabases()</codeph> and
update accordingly to detected changes. If those changes affect currently
displayed landmarks, such changes should be reflected on the screen. For example,
currently displayed landmarks may be removed or changed, category icons can
be changed, the whole database can be deleted, etc.</p>
<p>Below is the diagram showing how provider applications should implement
the <codeph>KMnSvcFeatureShowMap</codeph> feature. <codeph>CMapViewService</codeph> is
assumed an implementation of <apiname>CMnMapViewServiceBase</apiname>.</p>
<fig>
<title>Implementing HandleShowMapL request</title>
<image href="images\MapNavProvider_API_HandleShowMap_Sequence.PNG"></image>
</fig>
<p>Map view can be dismissed by the user by selecting the "Exit" or "Back"
command. In that case the application must shut down informing the client
about the exit reason as described in the beginning of this chapter.</p>
<p>Below is the code example of how to read landmarks requested to be shown
on the map.</p>
<example><codeblock>// 1. Reading free landmarks
TArray&lt;const CPosLandmark*> landmarks = LandmarksToShow();
for ( TInt i = 0; i &lt; landmarks.Count(); i++ )
  {
  // make a copy of given landmark
  CPosLandmark* lm = CPosLandmark::NewLC( *(landmarks[i]) );
  ... // store landmark to some array
  }

// 2. Reading linked landmarks

TArray&lt;const HBufC*> lmdbs = LandmarksToShowDatabases();
for ( TInt db = 0; db &lt; lmdbs.Count(); db++ )
  {
  // URI of the database
  HBufC* databaseUri = lmdbs[db]; // store it

  // Read IDs of landmarks, which belong to this database
  TArray&lt;TPosLmItemId> linkedLms = LinkedLandmarksToShow( db );
  for ( TInt i = 0; i &lt; linkedLms.Count(); i++ )
    {
    // ID of the landmark
    TPosLmItemId id = linkedLms[i];
    ... // store ID in an array
    }
  }
</codeblock></example>
<p><b>HandleShowCurrentLocationL</b></p>
<p>Implementation of this method is very much the same as for <codeph>HandleShowMapL</codeph> with
the only exception that central point setting should be ignored and the current
location should be used instead. The provider application itself is responsible
for obtaining the current location (should be done via Location Acquisition
API). <b>Note:</b> current location option should be taken into account anyway.</p>
<p><b>HandleSelectFromMapL</b></p>
<p>This feature is asynchronous: implementation should show a map view on
the screen, from which the user can select a location, and exit from the method.
When the user selects a location (or cancels selection), implementation completes
the request with one of the <codeph>CompleteSelectionRequestL</codeph> methods
or <codeph>CompleteSelectionRequest</codeph>, and the selected location is
sent back to the client application. If any error occurs, the implementation
should call the base method <codeph>CompleteRequest()</codeph> with appropriate
error code. If the user cancels the selection, the error code must be <codeph>KErrCancel</codeph>.</p>
<p>All the additional parameters defined for <codeph>HandleShowMapL</codeph> are
also valid for this call.</p>
<p>Landmarks arrays are guaranteed to be unchanged until the request is not
completed or cancelled. It is done to make sure that indexes used with <codeph>CompleteSelectionRequest</codeph> methods
are valid, when the request is completed.</p>
<p>There are some other parameters that can be specified by the client for
this feature:<table>
<tgroup cols="2"><colspec colname="col1" colwidth="0.66*"/><colspec colname="col2"
colwidth="1.34*"/>
<thead>
<row>
<entry>Parameters</entry>
<entry>Description</entry>
</row>
</thead>
<tbody>
<row>
<entry>Request text</entry>
<entry>This is the text that should be displayed to the user during selection.
Usually it will be something like "Select a location", "Choose location for
new landmark", etc. This text is read from <codeph>SelectionRequestText()</codeph>.</entry>
</row>
<row>
<entry>Selection restriction option</entry>
<entry>If this option is set it means that the user should not be allowed
to select arbitrary location, but should be allowed to select only from those
landmarks, which are specified by the client to be shown over the map. Hence
it is not allowed to complete this request with <codeph>CompleteSelectionRequestL
(const CPosLandmark&amp; aLandmark)</codeph>. The request can only be completed
with other overloads (which accept landmark index or ID and database URI)
or cancelled. Check this option by calling the <apiname>CMnMapViewServiceBase::Options()</apiname> method.</entry>
</row>
</tbody>
</tgroup>
</table></p>
<p>Below is the diagram showing how provider applications should implement
the <codeph>KMnSvcFeatureSelectFromMap</codeph> feature. <codeph>CMapViewService</codeph> is
assumed an implementation of <apiname>CMnMapViewServiceBase</apiname>.</p>
<fig>
<title>Implementing HandleSelectFromMapL request</title>
<image href="images\MapNavProvider_API_HandleSelectFromMap_Sequence.PNG">
</image></fig>
<p>The application must not shut down if the user made a selection, the client
will need to make another request for retrieving result data, and the application
must keep alive to allow that. If the user has cancelled the selection (for
example, by pressing the "Cancel" command), the application can close safely
informing the client about exit. However it is not required, the client can
close the application by destroying MapView service.</p>
<p><b>Note:</b> the application must not continue working if the MapView service
is closed, because the user view (here, selection view) is already closed
and is not needed for the user. This is contrary to simple map showing, where
the view is not closed as part of sequence flow.</p>
<p>Below is the dummy code example of completing selection request, where
the first landmark given by client is returned as selection result, if selection
was restricted, or a random location is returned. This code is assumed as
a part of member method of a class implementing <codeph>CMnMapViewServiceBase</codeph>.</p>
<example><codeblock>if ( Options() &amp; CMnMapView::EOptionRestrictSelection )
  {
  // if selection was restricted, return one of given landmarks
  if ( LandmarksToShowDatabases().Count() &amp;&amp;
       LinkedLandmarksToShow( 0 ).Count() )
    {
    // take first linked landmark from first database
    TInt dbIndex = 0;
    TPosLmItemId lmId = LinkedLandmarksToShow( dbIndex )[0];
    CompleteSelectionRequest( lmId, dbIndex );
    }
  else if ( LandmarksToShow().Count() )
    {
    // take first not linked landmark
    CompleteSelectionRequest( 0 );
    }
  else
    {
    // this does not happen, because base implementation
    // will check that landmarks are given if selection is restricted
    User::Leave( KErrArgument );
    }
  }
else
  {
  // return random landmark
  CPosLandmark* lm = CPosLandmark::NewLC();

  _LIT( KSelected, "RandomLandmark" );
  lm->SetLandmarkNameL( KSelected );

  // north pole
  lm->SetPositionL( TLocality( TCoordinate( -90, 0 ), 0 ) );

  CompleteSelectionRequestL( *lm );
  CleanupStack::PopAndDestroy( lm );
  }
</codeblock></example>
</body>
</topic>
<topic id="topicNavigation">
<title>Implementing Navigation service</title>
<body>
<p>Navigation service (<codeph>KMnAppNavigationService</codeph>) implementation
must be based on <apiname>CMnNavigationServiceBase</apiname>. This class exposes
a single abstract method <codeph>HandleNavigateToL()</codeph> to be realized
by the provider application, which is tied to single navigation service feature <codeph>KMnSvcFeatureNavigateTo</codeph>.</p>
<p><table>
<title>Navigation service feature-to-method mapping</title>
<tgroup cols="2"><colspec colname="col1"/><colspec colname="col2"/>
<thead>
<row>
<entry>Feature</entry>
<entry>Methods</entry>
</row>
</thead>
<tbody>
<row>
<entry><codeph>KMnSvcFeatureNavigateTo</codeph></entry>
<entry><apiname>CMnNavigationServiceBase::HandleNavigateToL()</apiname></entry>
</row>
</tbody>
</tgroup>
</table></p>
<p>If the provider application declares support for the KMnAppNavigationService
service, it must implement the KMnSvcFeatureNavigateTo feature, because it
is the only feature of that service. If navigation is not supported no support
for this service should be declared.</p>
<p><b>HandleNavigateToL</b></p>
<p>Navigation service is defined less strictly in comparison to MapView service.
Entry method <codeph>HandleNavigateToL()</codeph> has only one parameter:
landmark of the destination point of navigation. Starting point is assumed
as current location.</p>
<p>Implementation is supposed to activate the navigation view and return from
this method as soon as the view is activated. Navigation view should execute
the navigation or allow the user to start navigation.</p>
<p>Exact navigation functionality is not defined, it may depend on application
capabilities. For example, some applications implement full navigation with
map view and voice guidance, while others can provide only route planning
and so forth.</p>
<p>Below is the diagram showing how provider applications should implement <codeph>KMnSvcNavigateTo</codeph> feature. <codeph>CNavigationService</codeph
> is assumed an implementation of <apiname>CMnNavigationServiceBase</apiname>.</p>
<fig>
<title>Implementing HandleNavigateToL</title>
<image href="images\MapNavProvider_API_HandleNavigateTo_Sequence.PNG"></image>
</fig>
</body>
</topic>
<topic id="topicGeocoding">
<title>Implementing Geocoding service</title>
<body>
<p>Geocoding service (<codeph>KMnAppGeocodingService</codeph>) implementation
must be based on <apiname>CMnGeocodingServiceBase</apiname>. This class exposes
three abstract methods to be realized by provider application. These methods
are tied to service features as shown in the table below.</p>
<table>
<title>Geocoding service features-to-methods mapping</title>
<tgroup cols="2"><colspec colname="col1"/><colspec colname="col2"/>
<thead>
<row>
<entry>Feature</entry>
<entry>Methods</entry>
</row>
</thead>
<tbody>
<row>
<entry><codeph>KMnSvcFeatureCoordToAddr</codeph></entry>
<entry><apiname>CMnGeocodingServiceBase::HandleFindAddressByCoordinateL()</apiname> </entry>
</row>
<row>
<entry><codeph>KMnSvcFeatureAddrToCoord</codeph></entry>
<entry><apiname>CMnGeocodingServiceBase::HandleFindCoordinateByAddressL(const
CPosLandmark&amp;) </apiname></entry>
</row>
<row>
<entry><codeph>KMnSvcFeaturePlainAddrToCoord</codeph></entry>
<entry><apiname>CMnGeocodingServiceBase::HandleFindCoordinateByAddressL(const
TDesC&amp;)   </apiname> </entry>
</row>
</tbody>
</tgroup>
</table>
<p>Provider application is not required to support all of the features of
the services. It must specify which features are supported in resource file
and provide leaving implementation for not supported ones. Implementation
must leave with <codeph>KErrNotSupported</codeph> error code.</p>
<p>All features of this service are asynchronous: implementation must return
from Handle methods as soon as possible and report completeness by calling <apiname>CMnGeocodingServiceBase::CompleteGeocodingRequestL</apiname>,
if request is processed successfully or <apiname>CMnServiceBase::CompleteRequest</apiname> in
case of error.</p>
<p>During processing this request if any ambiguity exists, the implementation
can ask the user for clarification (for example, clarification of address
information or selection of one of possible addresses for given coordinates
in case of coordinate given in the middle of a street or joint).</p>
<p>There is only one additional parameter, which must be taken into account:<table>
<tgroup cols="2"><colspec colname="col1" colwidth="0.84*"/><colspec colname="col2"
colwidth="1.16*"/>
<thead>
<row>
<entry>Parameter</entry>
<entry>Description</entry>
</row>
</thead>
<tbody>
<row>
<entry>Dialog disabled</entry>
<entry>Check this option by calling <apiname>CMnGeocodingServiceBase::Options()</apiname>.
If the <apiname>CMnMapView::EOptionDialogDisabled</apiname> option is set
it means that geocoding must be done silently, without any UI open. If ambiguity
exist, it should be solved without user's intervention (or request should
be rejected with <codeph>KErrArgument</codeph> error, in unsolvable cases).</entry>
</row>
</tbody>
</tgroup>
</table></p>
<p><b>HandleFindAddressByCoordinateL</b></p>
<p>Implementation retrieves coordinate information from given landmark, and
starts searching for appropriate address information. When address information
is found, it must call <apiname>CMnGeocodingServiceBase::CompleteGeocodingRequestL</apiname> with
CPosLandmark parameter, which contains resulting address information. As much
address info as possible should be given. See <apiname>CPosLandmark::SetPositionFieldL</apiname> and <apiname>TPositionFieldId</apiname> documentations
for details on how to fill address data in the landmark object.</p>
<p>Below is the diagram showing how provider applications should implement
the <codeph>KMnSvcFeatureCoordToAddr</codeph> feature. <codeph>CGeocodingService</codeph> is
assumed an implementation of <apiname>CMnGeocodingServiceBase</apiname>.</p>
<fig>
<title>Implementing HandleFindAddressByCoordinateL</title>
<image href="images\MapNavProvider_API_HandleFindAddrByCoord_Sequence.PNG">
</image></fig>
<p>Below is the dummy example of serving and completing this request. In this
example, request is completed immediately upon receiving. <codeph>CGeocodingService</codeph> is
assumed implementation of <apiname>CMnGeocodingServiceBase</apiname>.</p>
<example><codeblock>void CGeocodingService::HandleFindAddressByCoordinateL(
    const CPosLandmark&amp; aLandmark)
    {
    // verify input data
    if ( aLandmark.GetPosition( loc ) != KErrNone )
        {
        User::Leave( KErrArgument );
        }

    CPosLandmark* landmark = CPosLandmark::NewLC();

    // set address information
    _LIT( KCountry, "Finland");
    _LIT( KCity, "Tampere");

    landmark->SetPositionFieldL( EPositionFieldCountry, KCountry );
    landmark->SetPositionFieldL( EPositionFieldCity, KCity );

    // complete request
    CompleteGeocodingRequestL( *landmark );

    // cleanup
    CleanupStack::PopAndDestroy( landmark );
    }
</codeblock></example>
<p><b>HandleFindCoordinateByAddressL with CPosLandmark input</b></p>
<p>This method receives input as a landmark, which has address fields set.
Every address field is a part of street address information, which makes it
easier for implementation to understand where is the country name and where
is the building number, etc. However, address information in the input might
be incomplete (some fields are missing or text is incomplete). Implementation
can ask user for clarification if allowed by options, otherwise it must attempt
to do its best effort to solve ambiguities.</p>
<p>Result should be given in the form of landmark, which coordinate corresponds
to given address.</p>
<p>Below is the dummy example of serving and completing this request. In this
example, request is completed immediately upon receiving. <codeph>CGeocodingService</codeph> is
assumed as implementation of <apiname>CMnGeocodingServiceBase</apiname>.</p>
<example><codeblock>void CGeocodingService::HandleFindCoordinateByAddressL(
    const CPosLandmark&amp; aLandmark )
    {
    // verify that landmark has at least some address info
    TBool valid = EFalse;
    TPositionFieldId fieldId = aLandmark.FirstPositionFieldId();
    while ( fieldId != EPositionFieldNone )
        {
        if ( fieldId > EPositionFieldAddressCapabilitiesBegin &amp;&amp;
             fieldId &lt; EPositionFieldNMEACapabilitiesBegin)
            {
            TPtrC field;
            aLandmark.GetPositionField( fieldId, field );
            if ( field.Length() )
                {
                valid = ETrue;
                break;
                }
            }
        fieldId = aLandmark.NextPositionFieldId( fieldId );
        }

    if ( !valid )
        {
        User::Leave( KErrArgument );
        }

    CPosLandmark* landmark = CPosLandmark::NewLC();

    // set some coordinate
    TCoordinate coord;
    coord.SetCoordinate( 90, 0 ); // North Pole
    landmark->SetPositionL( TLocality( coord, 0 ) );

    // complete request
    CompleteGeocodingRequestL( *landmark );

    // cleanup
    CleanupStack::PopAndDestroy( landmark );
    }
</codeblock></example>
<p><b>HandleFindCoordinateByAddressL with plain string input</b></p>
<p>This method receives address as a plain string, which requires from implementation
some capabilities to analyze the input string and get the street address information
from it. Ambiguities may be clarified from user if allowed by options.</p>
<p>Result should be given in the form of landmark, the coordinate of which
corresponds to the given address.</p>
<p>Below is the dummy example of serving and completing this request. In this
example, request is completed immediately upon receiving. <codeph>CGeocodingService</codeph> is
assumed implementation of <apiname>CMnGeocodingServiceBase</apiname>.</p>
<example><codeblock>void CGeocodingService::HandleFindCoordinateByAddressL(
    const TDesC&amp; aAddress )
    {
    // verify input data
    if ( aAddress.Length() == 0 )
        {
        User::Leave( KErrArgument );
        }

    CPosLandmark* landmark = CPosLandmark::NewLC();

    // set some coordinate
    TCoordinate coord;
    coord.SetCoordinate( -90, 0 ); // South Pole
    landmark->SetPositionL( TLocality( coord, 0 ) );

    // complete request
    CompleteGeocodingRequestL( *landmark );

    // cleanup
    CleanupStack::PopAndDestroy( landmark );
    }
    </codeblock></example>
</body>
</topic>
<topic id="topicMapImage">
<title>Implementing MapImage service</title>
<body>
<p>MapImage service (<codeph>KMnAppMapImageService</codeph>) implementation
must be based on <apiname>CMnMapImageServiceBase</apiname>. This class exposes
single abstract method <codeph>HandleRenderingL</codeph> to be realized by
the provider application. This method is tied to both service features, defined
for this service.</p>
<table>
<title>MapImage service features-to-methods mapping</title>
<tgroup cols="2"><colspec colname="col1"/><colspec colname="col2"/>
<thead>
<row>
<entry>Feature</entry>
<entry>Methods</entry>
</row>
</thead>
<tbody>
<row>
<entry><codeph>KMnSvcFeatureVectorMap</codeph></entry>
<entry morerows="1"><apiname>CMnMapImageServiceBase::HandleRenderingL()</apiname> </entry>
</row>
<row>
<entry><codeph>KMnSvcFeatureSatelliteImage</codeph></entry>
</row>
</tbody>
</tgroup>
</table>
<p>Provider application is not required to support all of the features of
the service. It must specify, which features are supported, in resource file
and implementation must leave with <codeph>KErrNotSupported</codeph> error
code for not supported ones.</p>
<p>All features of this service are asynchronous: implementation must return
from <codeph>HandleRenderingL</codeph> method as soon as possible and report
completeness by calling <apiname>CMnMapImageServiceBase::CompleteRendering</apiname>,
if request processed successfully or <apiname>CMnServiceBase::CompleteRequest</apiname> in
case of error.</p>
<p>Implementation of this service is supposed to render map image of an area
to a bitmap object supplied by client. Various parameters, which define what
area of world should be drawn and how, are defined in the <apiname>TMnMapImageParams</apiname> class,
which is accessible via <apiname>CMnMapImageServiceBase::MapImageParams()</apiname>.
See detailed description of these parameters in <xref format="html" href="Map_Image_APIIndexPage.html">Map
Image API</xref> specification.</p>
<p><b>Projection and coordinate conversions</b></p>
<p>Implementations can use different projections for map rendering (although
it is not recommended to use projection, which cause heavy shape distortions).
Usually the best approach is to use same projection as is used for normal
map rendering as in MapView or Navigation services.</p>
<p>That means there is no way for client to calculate world coordinates from
image coordinates and vice versa. Therefore, implementation of this service
must also provide implementation of Map Image Conversion Plug-In API: an ECom
plug-in, which implements such coordinate conversions. This plug-in will be
loaded into client's process.</p>
<p>If given implementation utilizes several projections, it needs to inform
its coordinate conversion plug-in about how exactly an image was rendered
to be able to perform coordinate conversion appropriately. There is one parameter
in <apiname>TMnMapImageParams</apiname> reserved for that purpose (described
in the table below). Implementation of this service should put its internal
ID of projection used for rendering every particular image to this field.
It will be then transferred to coordinate conversion plug-in, when client
requests such conversions.</p>
<p><table>
<tgroup cols="2"><colspec colname="col1" colwidth="0.80*"/><colspec colname="col2"
colwidth="1.20*"/>
<thead>
<row>
<entry>Parameter</entry>
<entry>Description</entry>
</row>
</thead>
<tbody>
<row>
<entry>Projection ID</entry>
<entry>Access this option in instance of TMnMapImageParams returned from <apiname>CMnMapImageServiceBase::MapImageParams()</apiname>.
Exact values in this setting are solely implementation-dependent. Map and
Navigation FW only guarantees to transfer that value from MapImage service
implementation to coordinate conversion plug-in.</entry>
</row>
</tbody>
</tgroup>
</table></p>
<p>Even if the current version of the provider application utilizes only single
projection, it might be useful to assign it an ID and use it in this field.
This may help to ensure future compatibility of different versions of this
service implementation and coordinate conversion plug-in.</p>
<p>See <xref format="html" href="Map_Image_Conversion_Plug-In_APIIndexPage.html">Map
Image Conversion Plug-In API</xref> for further details on implementing coordinate
conversion plug-in.</p>
<p><b>Visible items</b></p>
<p>The <apiname>CMnMapImageServcieBase::ShowOptions()</apiname> method returns
a bit map of options defined in <apiname>CMnMapImage::TShowOptions</apiname>.
They specify what additional content client wants to be drawn over the map
image. By default neither of these flags is required to be drawn (i.e. if
implementation does not support e.g. country borders, it can ignore that option)
unless the <codeph>EShowOptionsMandatory</codeph> flag is also set. In this
case, if some of required options are not supported, then rendering should
be refused with <codeph>KErrNotSupported</codeph>.</p>
<p>One specific note goes to the <codeph>EShowOptionCurrentLocation</codeph> flag.
This option can only be satisfied if the client application has the <codeph>Location</codeph> capability.
The base class takes care of this: if client does not have the capability,
then this option is silently dropped, or the whole request is refused, if <codeph>EShowOptionsMandatory</codeph> flag
is also set.</p>
<p><b>HandleRenderingL</b></p>
<p>Implementation reads map image parameters from <codeph>MapImageParams()</codeph> and
renders map to the area, defined by <apiname>CMnMapImageServcieBase::TargetRect()</apiname>,
of the bitmap object defined by <apiname>CMnMapImageServcieBase::TargetBitmap()</apiname>.
It is guaranteed that the size of this bitmap is sufficient to fit map of
requested size.</p>
<p>The main option to consider is <codeph>TMnMapImageParams::ImageType()</codeph>.
If it is set to the value of <codeph>TMnMapImageParams::ETypeUnspecified</codeph>,
then implementation is free to render any type of map, best suitable for given
center and visible area. It should inform the chosen image type back to the <apiname>TMnMapImageParams</apiname> instance
returned by <codeph>MapImageParams()</codeph>. Otherwise it must obey the
setting and leave with <codeph>KErrNotSupported</codeph>, if it cannot render
maps of that particular type.</p>
<p>This is asynchronous request and implementation should exit this method
as soon as possible. When rendering is completed, it should complete this
request by calling <apiname>CMnMapImageServcieBase::CompleteRendering()</apiname> if
rendering ended successfully or inherited <apiname>CMnServiceBase::CompleteRequest()</apiname> in
case of error. It is allowed to call it also during execution of <codeph>HandleRenderingL</codeph>,
in which case it is not needed to call it later. </p>
<p>If this request is cancelled by the client during processing, then <codeph>DoCancel()</codeph> is
called. It is not needed to call any completion methods in that case.</p>
<p><codeph>HandleRenderingL</codeph> can leave, which is treated as failure
to start rendering. In that case leave code is returned to the client and
it is not needed to call completion methods either.</p>
<p>Below is the diagram showing how provider applications should implement
this service. <codeph>CMapImageService</codeph> is assumed an implementation
of <apiname>CMnMapImageServiceBase</apiname>.</p>
<fig>
<title>Implementing HandleRenderingL</title>
<image href="images\MapNavProvider_API_HandleRendering_Sequence.png"></image>
</fig>
<p>Below is the dummy example of serving and completing this request. In this
example, request is completed immediately upon receiving. <codeph>CMapImageService</codeph> is
assumed implementation of <apiname>CMnMapImageServiceBase</apiname>.</p>
<example><codeblock>void CMapImageService::HandleRenderingL()
{
TMnMapImageParams&amp; params = MapImageParams();

if ( params.ImageType() == TMnMapImageParams::ETypeSatelliteImage )
  {
  User::Leave( KErrNotSupported );
  }

CFbsBitmapDevice* bitmapDevice =
  CFbsBitmapDevice::NewL( &amp;(TargetBitmap()) );
CleanupStack::PushL( bitmapDevice );

CFbsBitGc* gc = NULL;
User::LeaveIfError( bitmapDevice->CreateContext( gc ) );
CleanupStack::PushL( gc );

// Very simple map example
gc.Clear( TargetRect() ); // clear the area
gc.DrawEllipse( TargetRect() ); // draw ellipse to the area

// cleanup
CleanupStack::PopAndDestroy( gc );
CleanupStack::PopAndDestroy( bitmapDevice );

// complete request
params.SetImageType( TMnMapImageParams::ETypeVectorMap );
params.SetProjectionId(0);
CompleteRendering();
}
</codeblock></example>
</body>
</topic>
</topic>
<topic id="topicGuide">
<title>Implementation guidelines</title>
<body>
<p>The behavior of provider application affects look and feel of client applications.
Therefore below some implementation guidelines are given, which should be
followed. It will help to keep overall user experience generic and good.</p>
</body>
<topic id="topicSplit">
<title>Split implementation</title>
<body>
<p>Map and Navigation application deal with a large amounts of content data
and implement a number of use cases. This implies that such applications are
complex but also that they are big. Startup times may be high due to the need
to allocate huge amounts of memory, initialize many internal engines.</p>
<p>However, when executed via Map and Navigation FW, not all features of applications
are needed. For example, when serving geocoding, rendering engine is not needed
and therefore should not be initialized. If clarification dialog is disabled,
then no UI needed at all and it also should not be loaded. Landmark data is
not used in this use case and so no connection to landmark databases should
be open.</p>
<p>The main thing to be considered is that Map and Navigation FW starts new
instance of the provider application for every new connection made by client.
It means that if client uses MapView, Navigation and Geocoding services, it
will start three instances of the application.</p>
<p>The best approaches are:<ul>
<li>Split implementation to smaller pieces and load them only when needed. </li>
<li>Put core functionality to a server and implement UI as a set of thin views,
which share core functionality from that server. Database reader, network
and file manager are good examples of core functionality. Separating them
to a server helps to solve performance and robustness problems dramatically.</li>
</ul></p>
</body>
</topic>
<topic id="topicNoUi">
<title>Minimize service start-up time</title>
<body>
<p>When started in server mode, the provider application should minimize time,
required for getting the user to the target view. The application should not
start with default views, which take long time to load. The application should
not try to load all resources it needs in normal case, until service class
is created and it is clear what is required by client application and what
needs to be loaded and what can be omitted.</p>
<p>For example, there is no need to load all landmarks from all landmark databases
for map view service, because only those landmarks, which are requested by
client, need to be shown.</p>
</body>
</topic>
<topic id="topicBackground">
<title>Running background</title>
<body>
<p>Geocoding service should not show any UI, if disabled by client. However,
when server application is started it shows still by default some UI elements:
command and status bars. This should be avoided and it can be achieved by
moving implementation of geocoding service to a separate application, which
is started in background. The same applies for the MapImage service. It also
should be run in the background, because clients draw rendered map image bitmaps
on their own UI.</p>
<p>This can be done by putting<codeblock>launch = KAppLaunchInBackground;</codeblock>directive
into application's <codeph>APP_REGISTRATION_INFO</codeph> resource.</p>
<p>As such this application makes no interest for user and therefore it should
be hidden from main menu. This is done by adding<codeblock>hidden = KAppIsHidden;</codeblock>to
the same resource.</p>
<p>Following is the full example of such registration file.</p>
<example><codeblock>#include &lt;appinfo.rh>

#include "mnappserviceuids.hrh"
#include "mnappservices.hrh"
#include "mnserviceinfo.rh"

#include &lt;testgeocoder.rsg>

UID2 KUidAppRegistrationResourceFile
UID3 0x03132014

RESOURCE APP_REGISTRATION_INFO
    {
    app_file = "testgeocoder";
    localisable_resource_file = "\\resource\\apps\\testgeocoder";
    localisable_resource_id = R_TESTGEOCODER_LOCALISABLE_APP_INFO;

    launch = KAppLaunchInBackground;
    hidden = KAppIsHidden;

    service_list =
        {
        SERVICE_INFO
            {
            uid = KMnAppGeocodingService;
            datatype_list = {};
            opaque_data = r_testgeocoder_geocoding_opaquedata;
            }
        };
    }

RESOURCE MN_SERVICE_INFO r_testgeocoder_geocoding_opaquedata
    {
    service_features =
        KMnSvcFeatureCoordToAddr |
        KMnSvcFeatureAddrToCoord |
        KMnSvcFeaturePlainAddrToCoord;
    }
</codeblock></example>
</body>
</topic>
<topic id="topicReuse">
<title>Reuse navigating instance</title>
<body>
<p>If several navigation views are running at the same time (which is possible,
if the user starts it from different applications), the user gets "not best"
experience. It is recommended that the provider application, when requested
for navigation, tries to identify if some other of its instances is already
running navigation and cancels that navigation in favor of a newly started
one. For better compatibility it should be done in the way as if the user
would stop old navigation manually (i.e. by closing old navigating instance).</p>
</body>
</topic>
</topic>
<topic id="topicSecurity">
<title>Security</title>
<body>
<p>Implementations must not compromise Platform Security. That means that
when and if the client's request requires some functionality, which is usually
protected by capabilities, those capabilities must be checked and in case
of absence of such, operation must not be performed.</p>
<p>Let's consider implementations, which store their content on network. Some
or all client requests may require accessing network in order to execute them.
If client does not have the <codeph>NetworkService</codeph> capability, that
must not be allowed. Capabilities may be checked at different stages: <ol>
<li>Client creates a connection to service class</li>
<li>Client issues a request</li>
</ol>Implementation can refuse services at any point, but it is recommended
to refuse only those parts of service, which actually violate security, if
possible. For this example, if network content is cached locally and for serving
some particular request cached data is enough, then request can succeed. In
contrast, if serving the request always requires network content, then service
can be refused already at the stage of creating of the service class.</p>
<p>Client capabilities can be read from the message object, which is involved
in every communication between client and server. <codeph>RMessagePtr2::HasCapability()</codeph> is
the shortest method to verify if the client has some particular capability.
Implementations can check it in the following ways:</p>
<ol>
<li>Override <codeph>CApaAppServer::CreateServiceSecurityCheckL()</codeph>.
 It is called even before service class is created (i.e. before  <codeph>CreateServiceL</codeph> is
called) and provides get type of the required service and first message object
from client, which can be checked for client's security info.</li>
<li>During a Handle..L (e.g. HandleShowMapL, HandleRenderingL, HandleNavigateToL,
etc.) method execution of currently executing service, i.e. <apiname>CMnServiceBase</apiname>-derived
class, call <codeph>Server()</codeph> and get pointer to application's server.
That object will provide current message object (<codeph>CServer2::Message()</codeph>)
from client, which also can be used to get its capabilities.</li>
</ol>
<p>When service is refused due to lack of capabilities, implementation must
complete client's request with error code <codeph>KErrPermissionDenied</codeph>.</p>
</body>
</topic>
<topic id="topic3.4">
<title>Error handling</title>
<body>
<p>This API uses only standard Symbian OS leave codes. Panic codes are defined
in the <i>mnerrors.h</i> header file.</p>
<table>
<tgroup cols="2"><colspec colname="col1" colwidth="0.66*"/><colspec colname="col2"
colwidth="1.34*"/>
<tbody>
<row>
<entry><b>Panic code</b></entry>
<entry><b>Reason</b></entry>
</row>
<row>
<entry>KMnPanicArrayIndexOutOfBounds</entry>
<entry>Raised if attempt is made to access an item of an array and specified
index is out of bounds. This may happen for example, when calling CMnMapViewServiceBase::LinkedLandmarksToShow().</entry>
</row>
<row>
<entry>KMnPanicAttemptToCompleteNoRequest</entry>
<entry>Raised if implementation tries to call asynchronous request completion
methods, when there was no such request issued or it was already cancelled
by the client. Implementation is informed about asynchronous request cancellation
via <apiname>CMnServiceBase::DoCancel()</apiname>.</entry>
</row>
</tbody>
</tgroup>
</table>
<p>Provider application reports the following error codes for specific cases:</p>
<table>
<tgroup cols="2"><colspec colname="col1"/><colspec colname="col2"/>
<thead>
<row>
<entry>Error code</entry>
<entry>Case</entry>
</row>
</thead>
<tbody>
<row>
<entry><codeph>KErrCancel</codeph></entry>
<entry>If the user has cancelled operation.</entry>
</row>
<row>
<entry><codeph>KErrArgument</codeph></entry>
<entry>If the given argument cannot be used for operation. For example, landmark
has no coordinate or address and cannot be shown on map or address information
is not sufficient for geocoding.</entry>
</row>
<row>
<entry><codeph>KErrNotSupported</codeph></entry>
<entry>If the service feature is not supported, or cannot be executed with
given parameters. For example, map content not available for specified area,
etc.</entry>
</row>
<row>
<entry><codeph>KErrPermissionDenied</codeph></entry>
<entry>The client does not have a capability, which is required for serving
its request.</entry>
</row>
</tbody>
</tgroup>
</table>
</body>
</topic>
<topic id="topic3.5">
<title>Memory overhead</title>
<body>
<p>The main concern about RAM usage is related to set of landmarks requested
to be shown on map. The clients can send landmarks as instances, not only
as linked landmarks, these instances are kept in provider application's memory
(implementation of <codeph>CMnMapViewServiceBase</codeph>) until reset by
client or client disconnects. The implementation has to create another copy
of landmark fields, which it is using (or all landmark data), before using
them on the map view. This will require more memory. In any case, if available
memory is not enough for requested operations, they should be refused with <codeph>KErrNoMemory</codeph> error
code. For synchronous operations, such as <codeph>CMnMapViewServiceBase::ShowMapL</codeph>,
it means leaving and for asynchronous methods, such as <codeph>CMnMapViewServiceBase::SelectFromMapL</codeph>,
it can also be completing request with that error code by calling <apiname>CMnServiceBase::CompleteRequest</apiname>.</p>
</body>
</topic>
<topic id="topic3.6">
<title>Extensions to the API</title>
<body>
<p>This API does not allow extending.</p>
</body>
</topic>
<topic id="topicSeeAlso">
<title>See also</title>
<body>
<p>See also related APIs:<ul>
<li>Map and Navigation API</li>
<li>Geocoding API</li>
<li>Map and Navigation Provider Discovery API</li>
<li>Map and Navigation AIW API</li>
<li>Landmarks API</li>
<li>Landmarks Search API</li>
<li>Landmarks Database Management API</li>
<li>Location Acquisition API</li>
</ul></p>
</body>
</topic>
</topic>
<topic id="topic4">
<title>Glossary</title>
<body></body>
<topic id="topic4.1">
<title>Abbreviations</title>
<body>
<p></p>
<table frame="all">
<title>Abbreviations</title>
<tgroup cols="2"><colspec colname="col1"/><colspec colname="col2"/>
<tbody>
<row>
<entry colsep="1">None</entry>
<entry></entry>
</row>
</tbody>
</tgroup>
</table>
</body>
</topic>
<topic id="topic4.2">
<title>Definitions</title>
<body>
<p></p>
<table frame="all">
<title>Definitions</title>
<tgroup cols="2"><colspec colname="col1"/><colspec colname="col2"/>
<tbody>
<row>
<entry colsep="1" rowsep="1"><p>Landmark</p></entry>
<entry rowsep="1"><p>A landmark is principally a location with a name.</p></entry>
</row>
<row>
<entry>Provider Application</entry>
<entry>An application, which implements map and navigation services and provides
access to those for clients of Map and Navigation API and Geocoding API.</entry>
</row>
</tbody>
</tgroup>
</table>
</body>
</topic>
</topic>
<topic id="topic">
<title>References</title>
<body>
<p></p>
<table>
<tgroup cols="2"><colspec colname="col1"/><colspec colname="col2"/>
<tbody>
<row>
<entry><p>None</p></entry>
<entry></entry>
</row>
</tbody>
</tgroup>
</table>
</body>
</topic>
</dita>
<?Pub *0000069622 0?>
