<?xml version="1.0" encoding="utf-8"?>
<!--Arbortext, Inc., 1988-2004, v.4002-->
<!DOCTYPE dita PUBLIC "-//IBM//DTD DITA Composite//EN"
 "ditabase.dtd">
<?Pub UDT instructions _comment FontColor="red"?>
<?Pub UDT template _font?>
<dita xmlns:atict="http://www.arbortext.com/namespace/atict"><atict:info tracking="off"
ref="0"/><atict:user user="laleskin" fullname="Leskinen Lauri (EXT-Kudos-MSW/Helsinki)"/>
<atict:user user="petuomin" fullname="Tuominen Petteri (Nokia-TP-MSW/Helsinki)"/>
<topic id="mainTopic" otherprops="" product="documentTitle" rev="DN0675187">
<title>S60 <?Pub Caret?>Landmarks Search API</title>
<prolog>
<copyright><copyryear year="2006"/><copyrholder>Nokia Corporation and/or its
subsidiaries</copyrholder></copyright>
<metadata>
<category>SDK  </category>
</metadata></prolog>
<body>
<table audience="S60 licensees" platform="3.1" rev="S603.1licensee">
<title>Changes in S60 3.1 Landmarks Search API documentation</title>
<tgroup cols="4">
<?PubTbl tgroup rth="1.00pt"?>
<colspec colname="col1" colwidth="0.67*"/><colspec colname="col2" colwidth="0.67*"/>
<colspec colname="col3" colwidth="1.33*"/><colspec colname="col4" colwidth="1.33*"/>
<thead>
<row>
<entry>Version</entry>
<entry>Date</entry>
<entry>Status</entry>
<entry>Description</entry>
</row>
</thead>
<tbody>
<row>
<entry>1.0</entry>
<entry>12.07.2005</entry>
<entry>Approved</entry>
<entry></entry>
</row>
<row>
<entry>2.0</entry>
<entry>11.10.2006</entry>
<entry>Approved</entry>
<entry>Documentation revised</entry>
</row>
<row>
<entry>3.0</entry>
<entry>25.08.2008</entry>
<entry>Approved</entry>
<entry>Documentation revised</entry>
</row>
</tbody>
</tgroup>
</table>
<table audience="S60 SDK" platform="3.1" rev="S603.1SDK">
<title>Changes in S60 3.1 Landmarks Search API</title>
<tgroup cols="2"><colspec colname="COLSPEC0" colwidth="0.33*"/><colspec colname="col1"
colwidth="1.67*"/>
<thead>
<row>
<entry>Version</entry>
<entry>Description</entry>
</row>
</thead>
<tbody>
<row>
<entry>1.0</entry>
<entry>Original version</entry>
</row>
<row>
<?PubTbl row rht="0.33in"?>
<entry>2.0</entry>
<entry>Documentation revised</entry>
</row>
<row>
<?PubTbl row rht="0.33in"?>
<entry>3.0</entry>
<entry>Documentation revised</entry>
</row>
</tbody>
</tgroup>
</table>
</body>
</topic>
<topic id="topic1">
<title>Purpose</title>
<body>
<p>The purpose of Landmarks Search API is to extend <xref format="html" href="Landmarks_APIIndexPage.html">Landmarks
API</xref> to enable searching for landmarks or landmark categories that match
certain criteria. For instance, a client can search for all the landmarks
under the category "Restaurants" in a landmark database. Landmarks Search
API is used mainly by end-user applications.</p>
</body>
<topic id="topic1.1">
<title>S60 or Symbian OS exceptions</title>
<body>
<p>Landmarks Search API is available from S60 release 3.0 onwards.</p>
</body>
</topic>
</topic>
<topic id="topic2">
<title>API Description</title>
<body>
<p>Landmarks Search API is mainly targeted for end-user applications. It lets
clients search for landmarks and landmark categories in landmark databases.</p>
<p>The logical type of this interface is Library API. Technically this is
a method-call API. Landmarks Search API loads the implementation at run time
but the implementation consists only of local objects.</p>
</body>
<topic id="topic2.1">
<title>Use cases</title>
<body>
<ul>
<li>Searching landmarks</li>
<li>Searching categories</li>
<li>Searching multiple databases</li>
</ul>
</body>
</topic>
<topic id="topic2.2">
<title>API class structure</title>
<body>
<p>The following sections describe the Landmarks Search API class structure.
UML diagrams are used to present the classes and their dependencies.</p>
<p><b>Note:</b> The UML diagrams do not show all the available functions,
and some or all function parameters may be left out.</p>
</body>
<topic id="topicMainClasses">
<title>Main classes</title>
<body>
<p>The Landmarks Search API allows searching in a single database or in multiple
databases by means of <apiname>CPosLandmarkSearch</apiname> and  <apiname>CPosLmMultiDbSearch</apiname> respectively.</p>
<p><apiname>CPosLandmarkSearch</apiname> is mainly used to start searches
and to obtain the search matches. The client has to specify the landmark database
to search when <apiname>CPosLandmarkSearch</apiname> is instantiated. <apiname>CPosLandmarkSearch</apiname> returns
a <apiname>CPosLmOperation</apiname> instance, which is used to execute the
search operation incrementally or all at once (see <xref format="html" href="Landmarks_API4.html#topicIncrementalExecution">Incremental
execution</xref> in <apiname>Landmarks API</apiname> specification). If the
operation is run incrementally, the client can check the operation progress
between the incremental steps. <apiname>CPosLmItemIterator</apiname> with
the IDs of the search matches can be obtained from <apiname>CPosLandmarkSearch</apiname>.</p>
<p><apiname>CPosLmMultiDbSearch</apiname> is used to search for landmarks
and landmark categories in several landmark databases. The client specifies
the URIs of the landmark databases to be searched. <apiname>CPosLmMultiDbSearch</apiname> returns
a <apiname>CPosLmOperation</apiname> instance, which is used to execute the
search operation incrementally or all at once. If the operation is run incrementally,
the client can check the operation progress between the incremental steps. <apiname>CPosLmItemIterator</apiname> with
the IDs of the search matches can be obtained from <apiname>CPosLmMultiDbSearch</apiname>. </p>
<p><apiname>CPosLandmarkDatabase</apiname>, <apiname>CPosLmItemIterator</apiname> and <apiname>CPosLmOperation</apiname> are
parts of Landmarks API and they are described further in <xref format="html"
href="Landmarks_API4.html">Landmarks API</xref> specification.</p>
<fig>
<title>Landmarks API classes</title>
<image href="images\Landmarks_Search_API_Class_Structure.png"></image></fig>
</body>
</topic>
<topic id="topicCriteriaClasses">
<title>Criterion classes</title>
<body>
<p><apiname>CPosLmSearchCriteria</apiname> is a base class for search criterion
classes in Landmarks Search API. Criterion classes are used to specify what
criteria a landmark must fulfill in order to be a search match. There are
several search criterion classes in Landmarks Search API.</p>
<fig>
<title>Search criterion classes</title>
<image href="images\Landmarks_Search_API_Criteria_Class_Structure.png"></image>
</fig>
<table>
<tgroup cols="2"><colspec colname="col1"/><colspec colname="col2"/>
<thead>
<row>
<entry>Criterion class</entry>
<entry>Description</entry>
</row>
</thead>
<tbody>
<row>
<entry><apiname>CPosLmCategoryCriteria</apiname></entry>
<entry>Used for searching landmarks, which contain a certain category, or
landmarks, which do not contain any categories.</entry>
</row>
<row>
<entry><apiname>CPosLmTextCriteria</apiname></entry>
<entry>Used for searching landmarks, which contain a certain text.</entry>
</row>
<row>
<entry><apiname>CPosLmAreaCriteria</apiname></entry>
<entry>Used for searching landmarks, which reside in a certain area.</entry>
</row>
<row>
<entry><apiname>CPosLmNearestCriteria</apiname></entry>
<entry>Used for finding landmarks, which are closest to a certain coordinate.</entry>
</row>
<row>
<entry><apiname>CPosLmCompositeCriteria</apiname></entry>
<entry>Used for searching landmarks by combining multiple search criteria.</entry>
</row>
<row>
<entry><apiname>CPosLmIdListCriteria</apiname></entry>
<entry>Used if the client only wants to search a subset of the landmarks in
a database.</entry>
</row>
<row>
<entry><apiname>CPosLmCatNameCriteria</apiname></entry>
<entry>Used for searching landmark categories with a certain name.</entry>
</row>
</tbody>
</tgroup>
</table>
</body>
</topic>
<topic id="topicResultClasses">
<title>Result classes</title>
<body>
<p>When using the landmark item iterator to retrieve search matches, the matches
will not be sorted until the search operation has completed. If the client
needs a sorted list of the matches before the search has completed, e.g. it
wants to show matches in a sorted list as they are found to the application
user, the display data feature should be used instead.</p>
<p>Before a search is started, the client specifies <apiname>CPosLmDisplayData</apiname> to
be used in the search. When the search is executing, the matching categories
or landmarks are read from the database and added to <apiname>CPosLmDisplayData</apiname>. <apiname>CPosLmDisplayItem</apiname> holds
the matching <apiname>CPosLandmark</apiname> or <apiname>CPosLandmarkCategory</apiname> together
with the index of the database where the match was found. The database index
is only used when searching in several databases.</p>
<fig>
<title>Result classes </title>
<image href="images\Landmarks_Search_API_Result_Class_Structure.png"></image>
</fig>
</body>
</topic>
</topic>
</topic>
<topic id="topic3">
<title>Using the Landmarks Search API</title>
<body></body>
<topic id="topicSearchLandmarks">
<title>Searching landmarks</title>
<body>
<p>The client uses CPosLandmarkSearch to search landmarks in a landmarks database.
To create a <apiname>CPosLandmarkSearch</apiname> instance, the client must
specify a database to search in. A handle to an open database (<apiname>CPosLandmarkDatabase</apiname> instance)
is passed to <apiname>CPosLandmarkSearch::NewL()</apiname>.</p>
</body>
<topic id="topicConfigSearch">
<title>Configuring search</title>
<body>
<p><apiname>CPosLandmarkSearch</apiname> can be configured by setting certain
parameters described below.</p>
<p><b>Maximum number of matches</b></p>
<p>The client can set a maximum number of matches by calling <apiname>CPosLandmarkSearch::SetMaxNumOfMatches()</apiname>.
The search operation stops if the maximum number of matches is reached.</p>
<p>If the client does not set a maximum, the search returns all the matches
in the database. The client can also set this explicitly by passing <codeph>KPosLmMaxNumOfMatchesUnlimited</codeph> to <apiname>CPosLandmarkSearch::SetMaxNumOfMatches()</apiname
>.</p>
<p><b>Search previous matches only</b></p>
<p>If the <apiname>CPosLandmarkSearch</apiname> instance has just finished
a search, the client can specify that only these matches should be considered
in the next search. This is specified by passing a boolean value to <apiname>CPosLandmarkSearch::StartLandmarkSearchL()</apiname> when
the search is started. In that way, the client can refine its search, for
instance, if there are too many matches.</p>
<p>Searching previous matches is useful if there are too many matches and
the application user wants to narrow down the search before listing all matches.</p>
<p>It is also possible to use <apiname>CPosLmIdListCriteria</apiname> to search
previous matches that are not immediate previous matches (see <xref format="html"
href="#topicSearchCriteria">Search criteria</xref>).</p>
<p><b>Sort preference</b></p>
<p>The client can specify that the matching landmarks or landmark categories
should be sorted.</p>
<p>One of <apiname>CPosLandmarkSearch::StartLandmarkSearchL()</apiname> method
overloads takes <apiname>TPosLmSortPref</apiname> as parameter. In TPosLmSortPref,
the client can specify whether the landmarks should be sorted by name in ascending
or descending order.</p>
</body>
</topic>
<topic id="topicSearchCriteria">
<title>Specifying search criteria</title>
<body>
<p>In order to specify what landmarks to search for the client uses criterion
classes. The criteria are passed to <apiname>CPosLandmarkSearch::StartLandmarkSearchL()</apiname> when
the search is started. In this section, each criterion class is explained.</p>
<p><b>Landmarks by category</b></p>
<p><apiname>CPosLmCategoryCriteria</apiname> is used to search for landmarks,
which belong to a certain category. The category is specified in one of the
following ways:</p>
<ul>
<li>By category ID: A category in a landmark database is identified by an
ID, which is unique within the database.</li>
<li>By global category: There is a globally defined list of categories, which
can be used in multiple databases. The client can specify one of these by
global ID.</li>
<li>By category name: The client can specify the name of the category. The
name search is case sensitive. Wild card patterns are not supported.</li>
</ul>
<p>If no category is specified, the search operation retrieves uncategorized
landmarks.</p>
<p>The predefined global landmark categories are listed in <xref format="html"
href="Landmarks_API3.html#topicLocalGlobal">Landmarks API</xref> Specification.</p>
<p><b>Matching text pattern</b></p>
<p><apiname>CPosLmTextCriteria</apiname> is used to search for landmarks,
which contain a certain text. The criterion is defined by providing a text
to search for and the position fields and text attributes to search in each
landmark. For example, the user can search for “Chinese” in the landmark description
and landmark name attributes.</p>
<p>The search is case insensitive.</p>
<p>If no position fields or landmark attributes to search are specified, all
the position fields and landmark attributes are searched in each landmark.</p>
<p>Wild card characters are supported in the search string: "?" matches any
single character and "*" matches zero or more consecutive characters.</p>
<p><b>Landmarks within an area</b></p>
<p><apiname>CPosLmAreaCriteria</apiname> is used to search for landmarks,
which reside in a certain area. The search area is defined by providing two
latitude and two longitude values that specify the borders of the area.</p>
<p><b>Note:</b> This search does not consider landmark coverage radius (coverage
radius is defined in <xref format="html" href="Landmarks_API3.html#topicLmAttrs">Landmarks
API</xref>).</p>
<p>The area borders must fulfill the following rules: </p>
<ul>
<li>-90 ≤ South Latitude ≤ North Latitude ≤ +90</li>
<li>-180 ≤ West Longitude &lt; +180</li>
<li>-180 ≤ East Longitude ≤ +180</li>
</ul>
<p>The east border longitude can be less than the west border longitude. This
defines an area, which crosses the 180 meridian.</p>
<p>If the east and west border longitudes are equal, only landmarks that lie
on the specified longitude are returned. Similarly, if the north and south
border latitudes are equal, only landmarks that lie on the specified latitude
are returned.</p>
<p>If west longitude is set to -180 and east longitude is set to +180, all
longitudes are included in the search.</p>
<p><b>Nearest landmarks</b></p>
<p><apiname>CPosLmNearestCriteria</apiname> is used to find the landmarks,
which are closest to a certain coordinate. By default, the matches returned
in the search are sorted in an ascending distance order.</p>
<p>Since this operation returns all the landmarks in the database by default,
it is recommended to combine the nearest criteria with a limit on the number
of matches. The match limit is set by calling <apiname>CPosLandmarkSearch::SetMaxNumOfMatches()</apiname>.</p>
<p>It is often a good idea to specify a maximum distance to narrow down the
search. This is done by calling <apiname>CPosLmNearestCriteria::SetMaxDistance()</apiname>.</p>
<p>By default, the coverage radius of the landmarks is not considered in the
search; that is, the distance to the landmark center point is used. The client
can change this behavior by calling <apiname>CPosLmNearestCriteria::SetUseCoverageRadius()</apiname>.
If ETrue is passed to this function, coverage radius is considered; that is,
the effective distance is the distance to the landmark center point minus
the coverage radius. If the search coordinate lies within a landmark’s coverage
area, the effective distance is zero.</p>
<p><b>Composite criterion</b></p>
<p><apiname>CPosLmCompositeCriteria</apiname> is used to search for landmarks
by combining multiple search criteria. For instance, to search for all restaurants
in the area, this class can be used to combine <apiname>CPosLmAreaCriteria</apiname> and <apiname>CPosLmCategoryCriteria</apiname></p>
<p>The client combines the criteria by passing each criterion instance to <apiname>CPosLmCompositeCriteria::AddArgument()</apiname>.</p>
<p>If <apiname>CPosLmNearestCriteria</apiname> is used and no sort preference
is specified, the result will be sorted by distance. If more than one <apiname>CPosLmNearestCriteria</apiname> are
combined using <apiname>CPosLmCompositeCriteria</apiname>, the sort order
will be undefined unless a sort preference is specified. </p>
<p><b>Note:</b> </p>
<ul>
<li><p>It is not allowed to use nested composite criterion. </p></li>
</ul>
<ul>
<li><p>ECompositionOR - is supported only when all the contained criteria
are CPosLmTextCriteria. it is not supported for other criteria </p></li>
</ul>
<p><b>ID list</b></p>
<p><apiname>CPosLmIdListCriteria</apiname> is used if the client only wants
to search a subset of the landmarks in a database. The client passes a list
of landmark IDs to specify which landmarks to include in the search.</p>
<p>This criterion must be combined with other search criteria using <apiname>CPosLmCompositeCriteria</apiname> (see <i>Composite
criterion</i> above). </p>
<p>For example, if this criterion is combined with <apiname>CPosLmTextCriteria</apiname>,
the search operation searches the landmarks specified in the ID list criterion
and returns those that match the given text string.</p>
<p><b>Note:</b> Only one ID list criterion is allowed in a composite criterion.</p>
</body>
</topic>
<topic id="topicRunSearch">
<title>Executing search</title>
<body>
<p>A search for landmarks is started by calling <apiname>CPosLandmarkSearch::StartLandmarkSearchL()</apiname>.</p>
<p>This function returns a <apiname>CPosLmOperation</apiname> instance, which
is used to execute the search operation. The operation can either be executed
all at once or in incremental steps. An active object can be used to incrementally
run the search in the background. <apiname>CPosLmOperation::ExecuteL()</apiname> runs
the operation all at once and <apiname>CPosLmOperation::NextStep()</apiname> runs
the operation incrementally. When the search is complete, the client must
delete the <apiname>CPosLmOperation</apiname> object.</p>
<p>Instead of calling <apiname>CPosLmOperation::ExecuteL()</apiname>, the
client can call the global function <apiname>ExecuteAndDeleteLD()</apiname> which
also deletes the operation object. For example: <codeblock>ExecuteAndDeleteLD( search->StartLandmarkSearchL( criteria ) );</codeblock></p>
<p>If the search is run incrementally, the client is informed of the search
progress. The client passes a TReal32 variable to <apiname>CPosLmOperation::NextStep()</apiname> which
contains the progress when NextStep() completes.</p>
<p>Progress is a floating point number in the interval [0.0, 1.0]. 0.0 indicates
that the operation has not started and 1.0 indicates that the operation has
completed.</p>
<p>The client also passes <apiname>TRequestStatus</apiname> to <apiname>CPosLmOperation::NextStep()</apiname>.
The request status is set to <codeph>KPosLmOperationNotComplete</codeph> if
the step has completed, but more steps are needed before the operation is
complete. The request status is <codeph>KErrNone</codeph> if the operation
has finished successfully. The status is set to an error code if the operation
has failed.</p>
<p><?Pub Dtl?>The IDs of the matches from the search can be retrieved by calling <apiname>CPosLandmarkSearch::MatchIteratorL()</apiname>.
It is possible to call it also during a search to retrieve any matches encountered
so far, but it is not guaranteed that the matches are sorted. However, the
matches in the iterator are always sorted, also during a search, if a display
data is set to <apiname>CPosLandmarkSearch</apiname> before the search is
started.</p>
<p>The sequence diagram below shows how client searches landmarks by text
criterion and reads matches from database.</p>
<fig><?Pub Dtl?>
<title>Search landmarks sequence diagram</title>
<image href="images\Landmarks_Search_API_Search_Sequence.png"></image></fig>
<p>The following code example shows how to perform a search synchronously
(not incrementally) in a landmark database.</p>
<example><?Pub Dtl?><codeblock>// Create a search object and provide the CPosLandmarkDatabase object.
CPosLandmarkSearch* search = CPosLandmarkSearch::NewL( *database );
CleanupStack::PushL( search );

// Create the search criterion
_LIT( KSearchString, "flowers" );
CPosLmTextCriteria* crit = CPosLmTextCriteria::NewLC();
crit->SetTextL( KSearchString );

// Start the search and execute it at once.
ExecuteAndDeleteLD( search->StartLandmarkSearchL( *crit ) );

CleanupStack::PopAndDestroy( crit );

// Retrieve an iterator to access the matching landmarks.
CPosLmItemIterator* iter = search->MatchIteratorL();
CleanupStack::PushL( iter );

// Iterate the search matches.
TPosLmItemId lmID;
while ( ( lmID = iter->NextL() ) != KPosLmNullItemId )
    {
    CPosLandmark* lm = database->ReadLandmarkLC( lmID );

    // Do something with the landmark information

    CleanupStack::PopAndDestroy( lm );
    }

CleanupStack::PopAndDestroy( iter );
CleanupStack::PopAndDestroy( search );</codeblock></example>
<p>The following example shows how to use composite criterion to search for
restaurants, which contain the text “thai”.</p>
<example><codeblock>// Create the composite criterion
CPosLmCompositeCriteria* compCrit = CPosLmCompositeCriteria::NewLC(
    CPosLmCompositeCriteria::ECompositionAND );

// Create the category search criterion and add it to composite
_LIT( KCategoryName, "restaurant" );
CPosLmCategoryCriteria* catCrit = CPosLmCategoryCriteria::NewLC();
catCrit->SetCategoryNameL( KCategoryName );

User::LeaveIfError( compCrit->AddArgument( catCrit ) );
// Ownership of the category criterion has been passed to the composite
CleanupStack::Pop( catCrit );

// Create the text search criterion and add it to composite
_LIT( KSearchString, "thai" );
CPosLmTextCriteria* textCrit = CPosLmTextCriteria::NewLC();
textCrit->SetTextL( KSearchString );

User::LeaveIfError( compCrit->AddArgument( textCrit ) );
// Ownership of the text criterion has been passed to the composite
CleanupStack::Pop( textCrit );

// Start the search
ExecuteAndDeleteLD( search->StartLandmarkSearchL( *compCrit ) );
CleanupStack::PopAndDestroy( compCrit );

// Retrieve matches


</codeblock></example>
<p>The following example shows how to use composite criterion to search for
landmark which start from latter "A" or " A" (space + A)”, Example result
for this type of search can be 'Apple' &amp; ' My Apple' both.</p>
<example><codeblock>// Create the composite criterion
CPosLmCompositeCriteria* compCrit = CPosLmCompositeCriteria::NewLC(
    CPosLmCompositeCriteria::ECompositionOR );

// Create the Text criterion and add it to composite
_LIT( KFirstTextPattern, "A" );
CPosLmTextCriteria* criteria1 = CPosLmTextCriteria::NewLC();
criteria1->SetTextL(KFirstTextPattern);
criteria1->SetAttributesToSearch(CPosLandmark::ELandmarkName);
User::LeaveIfError( compCrit->AddArgument( criteria1 ) );

// Ownership of the text criterion has been passed to the composite
CleanupStack::Pop(criteria1);

// Create the text search criterion and add it to composite
_LIT( KSecondTextPattern, " A" );
CPosLmTextCriteria* textCrit = CPosLmTextCriteria::NewLC();
textCrit->SetTextL( KSecondTextPattern );
textCrit->SetAttributesToSearch(CPosLandmark::ELandmarkName);
User::LeaveIfError( compCrit->AddArgument( textCrit ) );
// Ownership of the text criterion has been passed to the composite
CleanupStack::Pop( textCrit );

// Start the search
ExecuteAndDeleteLD( search->StartLandmarkSearchL( *compCrit ) );
CleanupStack::PopAndDestroy( compCrit );

// Retrieve matches


</codeblock></example>
</body>
</topic>
<topic id="topicSearchResults">
<title>Retrieving displayable results</title>
<body>
<p>The client can specify a displayable data collection that will be populated
with the matching landmarks or landmark categories during the search. This
is done by creating a <apiname>CPosLmDisplayData</apiname> instance and passing
it to <apiname>CPosLandmarkSearch::SetDisplayData()</apiname>. The display
data object will be reset each time a new search is started.</p>
<p>The client can specify that only partial landmark data will be read from
the database by calling <apiname>CPosLmDisplayData::SetPartialReadParametersL()</apiname>.
If the client does not set partial read parameters, full landmark data will
be read. The client can also set this explicitly by calling <apiname>CPosLmDisplayData::UnsetPartialReadParametersL()</apiname>.</p>
<p>When searching for categories, full category data is always read from the
database.</p>
<p>The client can unset a previously set display data by calling <apiname>CPosLandmarkSearch::UnsetDisplayData()</apiname>.</p>
<p>If display data has been set before the search is started, all matches
from the search can be retrieved by calling <apiname>CPosLmDisplayData::DisplayItem()</apiname> for
all the indexes in the interval [0, <apiname>CPosLmDisplayData::Count()</apiname> -
1]. By calling <apiname>CPosLmDisplayItem::Landmark()</apiname> or <apiname>CPosLmDisplayItem::Category()</apiname>,
the client gets access to the match.</p>
<p>During a search, <apiname>CPosLmDisplayData::NewItemIndex()</apiname> can
be called repeatedly to get the index of each new match found and <apiname>CPosLmDisplayData::DisplayItem()</apiname> can
be called for each new index. The matches in the display data are always sorted,
even during a search.</p>
<p>The following sequence diagram shows how to perform a search synchronously
(not incrementally) in a landmark database using display data. <fig>
<title>Using display data sequence diagram</title>
<image href="images\Landmarks_Search_API_Single_Display_Sequence.png"></image>
</fig></p>
<p>The following example shows how to search a landmark database incrementally.
The client also requests to sort the matches. The implementation is encapsulated
in active object class <codeph>CSearchHandler</codeph>.</p>
<example><codeblock>class CSearchHandler : public CActive
    {
    public: // constructor and destructor

        static CSearchHandler* NewL(CPosLandmarkDatabase* aDb);
        virtual ~CSearchHandler();

    public:
 
        void StartLandmarkSearchL(CPosLmSearchCriteria* aCriteria);
        void StartCategorySearchL(CPosLmSearchCriteria* aCriteria);

        void NextSearchStep();
        void CleanupSearch();

    public: // from CActive

        void RunL();
        void DoCancel();
        TInt RunError(TInt aError);

    private:

        CSearchHandler(CPosLandmarkDatabase* aDb);
        void ConstructL();

    private:
        CPosLandmarkDatabase* iDb;
        CPosLandmarkSearch* iSearch;
        CPosLmDisplayData* iDisplayData;
        CPosLmOperation* iSearchOperation;
        TReal32 iProgress;
        TBool iIsSearchingForLandmarks;
    };

CSearchHandler::CSearchHandler( CPosLandmarkDatabase* aDb )
: CActive( EPriorityNormal ), iDb( aDb )
    {
    }

void CSearchHandler::ConstructL()
    {
    iSearch = CPosLandmarkSearch::NewL( *iDb );

    iDisplayData = CPosLmDisplayData::NewL();
    iSearch->SetDisplayData( *iDisplayData );
    }

CSearchHandler* CSearchHandler::NewL( CPosLandmarkDatabase* aDb )
    {
    CSearchHandler* self = new (ELeave) CSearchHandler( aDb );
    CleanupStack::PushL( self );
    self->ConstructL();
    CleanupStack::Pop();
    return self;
    }

CSearchHandler::~CSearchHandler()
    {
    Cancel();
    iSearch->UnsetDisplayData();
    delete iDisplayData;
    delete iSearch;
    }

void CSearchHandler::StartLandmarkSearchL( CPosLmSearchCriteria* aCriteria )
    {
    TPosLmSortPref sp( CPosLandmark::ELandmarkName, TPosLmSortPref::EAscending );
    iSearchOperation = iSearch->StartLandmarkSearchL( *aCriteria, sp );
    iIsSearchingForLandmarks = ETrue;

    // Perform the first step in the incremental search operation.
    NextSearchStep();
    }

void CSearchHandler::StartCategorySearchL( CPosLmSearchCriteria* aCriteria )
    {
    iSearch->StartCategorySearchL( *aCriteria,
    CPosLmCategoryManager::ECategorySortOrderNameAscending );
    iIsSearchingForLandmarks = EFalse;

    // Perform the first step in the incremental search operation.
    NextSearchStep();
    }

void CSearchHandler::NextSearchStep()
    {
    iSearchOperation->NextStep( iStatus, iProgress );
    SetActive();
    }

void CSearchHandler::CleanupSearch()
    {
    // Delete the search operation. This will cancel the operation if it is not
    // already complete.
    delete iSearchOperation;
    iSearchOperation = NULL;
    }

void CSearchHandler::RunL()
    {
    // Get all new matches since last step.
    TInt newItemIndex = iDisplayData->NewItemIndex();
    while ( newItemIndex != KPosLmNoNewItems )
        {
        CPosLmDisplayItem&amp; item = iDisplayData->DisplayItem( newItemIndex );
        if (iIsSearchingForLandmarks)
            {
            const CPosLandmark&amp; lm = item.Landmark();
            // Do something with the landmark information
            }
        else
            {
            const CPosLandmarkCategory&amp; category = item.Category();
            // Do something with the landmark category information
            }
 
        newItemIndex = iDisplayData->NewItemIndex();
        }

    if ( iStatus == KPosLmOperationNotComplete )
        { 
        // The search operation has not completed.
        // Use value iProgress to show progress bar to the application user.

        // Perform the next search step
        NextSearchStep();
        }
    else
        { // The search operation has completed.
        User::LeaveIfError( iStatus.Int() );

        CleanupSearch();
        }
    }

void CSearchHandler::DoCancel()
    {
    CleanupSearch();
    }

TInt CSearchHandler::RunError( TInt /*aError*/ )
    {
    // Notify application user of error and cleanup.
    CleanupSearch();
    return KErrNone;
    }
</codeblock></example>
</body>
</topic>
</topic>
<topic id="topicSearchCats">
<title>Searching categories</title>
<body>
<p>A search for landmark categories is started by calling <apiname>CPosLandmarkSearch::StartCategorySearchL()</apiname>.
All the other steps are similar to those for searching landmarks with a few
exceptions.</p>
<p>Searching for categories supports only one search criterion, <apiname>CPosLmCatNameCriteria</apiname>:
search for landmark categories with a certain name. Wild card characters in
the search string are supported: "?" matches any single character and "*"
matches zero or more consecutive characters. The search is case insensitive.</p>
<p><apiname>CPosLandmarkSearch::StartCategorySearchL()</apiname> takes <apiname>CPosLandmarkCategory::TCategorySortPref</apiname> as
parameter. It can be set to no sorting, ascending by category name or descending
by category name.</p>
<p>Similarly to searching landmarks searching categories also supports limiting
maximum amount of results and searching within previous results only.</p>
<p>Following code example shows how a client can search for categories, which
contain word "food" (in order to find categories such as "Food and beverages",
"Chinese food", etc.).</p>
<example><codeblock>// Create a search object and provide the CPosLandmarkDatabase object.
CPosCategorySearch* search = CPosCategorySearch::NewL( *database );
CleanupStack::PushL( search );

// Create the search criterion
_LIT( KSearchString, "*food*" ); // using wildcards
CPosLmCatNameCriteria* crit = CPosLmCatNameCriteria::NewLC();
crit->SetTextL( KSearchString );

// Start the search and execute it at once.
ExecuteAndDeleteLD( search->StartLandmarkSearchL( *crit ) );

CleanupStack::PopAndDestroy( crit );

// Retrieve an iterator to access the matching landmarks.
CPosLmItemIterator* iter = search->MatchIteratorL();
CleanupStack::PushL( iter );

// Iterate the search matches.
TPosLmItemId categoryID;
while ( ( categoryID = iter->NextL() ) != KPosLmNullItemId )
    {
    CPosLandmarkCategory* category = database->ReadCategoryLC( categoryID );

    // Do something with the category information

    CleanupStack::PopAndDestroy( category );
    }

CleanupStack::PopAndDestroy( iter );
CleanupStack::PopAndDestroy( search );</codeblock></example>
</body>
</topic>
<topic id="topicSearchMultiple">
<title>Search multiple databases</title>
<body>
<p>Searching for landmarks or landmark categories in multiple landmark databases
is rather similar to searching in one database.</p>
<p>The client creates a <apiname>CPosLmMultiDbSearch</apiname> instance by
passing an array containing the URIs of the landmark databases to search to <apiname>CPosLmMultiDbSearch::NewL()</apiname>.
The client can also change which databases to search by calling <apiname>CPosLmMultiDbSearch::SetDatabasesToSearchL()</apiname>.</p>
<p>However, there are some restrictions on the criterion classes and some
extra functionality needed to handle several databases: <ul>
<li>Configuring search <ul>
<li>Setting a maximum number of matches limits the number of matches per database.</li>
<li>If the client specifies to search only the previous matches and has changed
which databases to search, new databases that were not a part of the previous
search will generate no matches.</li>
</ul></li>
<li>Search criteria <ul>
<li>Search by category ID in <apiname>CPosLmCategoryCriteria</apiname> is
not allowed since an ID is only valid in one landmark database.</li>
<li>Search with <apiname>CPosLmIdListCriteria</apiname> is not allowed since
an ID is only valid in one landmark database.</li>
</ul></li>
<li>Error checking: <ul>
<li>If an error occurs when executing a search operation the search in the
database where the error occurred will be terminated and the search will then
continue in the remaining databases. This means that <apiname>CPosLmOperation::ExecuteL()</apiname> will
never leave and <apiname>CPosLmOperation::NextStep()</apiname> will not complete
with an error code (the only exception is when the client has an outstanding
request when canceling the search, in which case the complete code will be <codeph>KErrCancel</codeph>).
Instead, <apiname>CPosLmMultiDbSearch</apiname> must be checked for any errors
encountered during the search.</li>
<li>The client can check the number of errors encountered during the search
by calling <apiname>CPosLmMultiDbSearch::NumOfSearchErrors()</apiname>. Each
error can be fetched by calling <apiname>CPosLmMultiDbSearch::GetSearchError()</apiname> and
passing the index of the error.</li>
</ul></li>
<li>Retrieving results <ul>
<li>IDs of the matches from the search can be retrieved per database so the
client must specify the index of the database.</li>
<li>The display data contains matches from all databases. Each display item
contains the index of the database where the match was found.</li>
</ul></li>
<li>Releasing resources <ul>
<li>The Landmarks subsystem uses ECom plug-ins, which provide the implementation
for accessing landmark databases. ECom allocates resources that are not released
when the plug-in is unloaded. These must be explicitly released by the client
at shutdown. This is done by calling the global method <apiname>ReleaseLandmarkResources()</apiname> which
has the same effect as <apiname>REComSession::FinalClose()</apiname>. The
most common way to release landmark resources is to call <apiname>ReleaseLandmarkResources(</apiname>)
last thing in the client’s destructor. If this is not done, the client may
receive an ALLOC panic.</li>
</ul></li>
</ul></p>
<p>This example shows how to perform a search synchronously (not incrementally)
in multiple landmark databases.</p>
<example><codeblock>void SearchInDatabasesL( const CDesCArray&amp; aDatabaseURIs )
{
// Create a multi search object and provide a list of database URIs.
CPosLmMultiDbSearch* search = CPosLmMultiDbSearch::NewL( aDatabaseURIs );
CleanupStack::PushL( search );

// Create a display data object.
CPosLmDisplayData* displayData = CPosLmDisplayData::NewL();
CleanupStack::PushL( displayData );

// Set the display data to the search object.
search->SetDisplayData( *displayData );

// Create the search criterion
_LIT( KSearchString, "flowers" );
CPosLmTextCriteria* crit = CPosLmTextCriteria::NewLC();
crit->SetTextL( KSearchString );

// Start the search and execute it all at once.
ExecuteAndDeleteLD( search->StartLandmarkSearchL( *crit ) );
CleanupStack::PopAndDestroy( crit );

// Check if any errors have occured.
TUint numOfErrors = search->NumOfSearchErrors();
for ( TUint i = 0; i &lt; numOfErrors; i++ )
    {
    CPosLmMultiDbSearch::TSearchError searchError;
    search->GetSearchError( i, searchError );
    // Do something with error
    }

// Iterate the search matches.
for ( TInt i = 0; i &lt; displayData->Count(); i++ )
    {
    const CPosLandmark&amp; lm = displayData->DisplayItem( i ).Landmark();
    // Do something with the landmark information
    }

// Unset display data collection so that it is not reset by next search
search->UnsetDisplayData();

CleanupStack::PopAndDestroy( displayData );
CleanupStack::PopAndDestroy( search );
</codeblock></example>
</body>
</topic>
<topic id="topicErrorHandling">
<title>Error handling</title>
<body>
<p>Landmarks Search API uses the standard Symbian error reporting mechanism.
In case of a serious error, panics are used. Otherwise, errors are reported
through return codes or leaves.</p>
<p>Landmarks Search API uses the same panic code category as Landmarks API.
The panic codes are documented in <xref format="html" href="Landmarks_API4.html#topicErrorHandling">Landmarks
API</xref> specification. </p>
</body>
</topic>
<topic id="topic3.3">
<title>Memory overhead</title>
<body>
<p>If there are several matches (more than 1000) in a search, a large amount
of memory is needed to store the matches. It might therefore be a good idea
to set a maximum number of matches before starting the search. Note, however,
that it is the first found matches that are retrieved. For example, if the
maximum number of matches is set when searching in sorted order, the result
can be without a match although its name is in the beginning of the sort order.</p>
</body>
</topic>
<topic id="topic3.4">
<title>Extensions to the API</title>
<body>
<p>There are no extensions defined to Landmarks Search API.</p>
</body>
</topic>
<topic id="topicSecurity">
<title>Security issues</title>
<body>
<p>Landmarks are considered as important user data and this applies some access
limitations to client applications. For example, in order to be able to read
landmarks from landmark database client must have <codeph>ReadUserData</codeph> capability.
The <codeph>NetworkServices</codeph> is required to access network-based databases.
Whenever special capabilities are needed to utilize a class or method, they
are listed in appropriate class and method descriptions.</p>
</body>
</topic>
</topic>
<topic id="topic4">
<title>Glossary</title>
<body></body>
<topic id="topic4.1">
<title>Abbreviations</title>
<body>
<table frame="all">
<title>Abbreviations</title>
<tgroup cols="2"><colspec colname="col1"/><colspec colname="col2"/>
<tbody>
<row>
<entry colsep="1">None</entry>
<entry></entry>
</row>
</tbody>
</tgroup>
</table>
</body>
</topic>
<topic id="topic4.2">
<title>Definitions</title>
<body>
<table frame="all">
<title>Definitions</title>
<tgroup cols="2"><colspec colname="col1"/><colspec colname="col2"/>
<tbody>
<row>
<entry colsep="1" rowsep="1">Landmark</entry>
<entry rowsep="1">A landmark is a named object that contains a location. The
location can be defined by various attributes, for example WGS84 coordinates
or a textual address.</entry>
</row>
<row>
<entry colsep="1" rowsep="1">Landmark attribute</entry>
<entry rowsep="1">An attribute of a landmark, for example landmark name, position,
landmark description, coverage area. For more details, see reference   <xref
format="html" href="Landmarks_API4.html#topicLmAttrs">Landmarks API</xref> specification. </entry>
</row>
<row>
<entry colsep="1">Landmark category</entry>
<entry>A landmark can be categorized by assigning a landmark category to it.
A typical landmark category is “Restaurant”.</entry>
</row>
<row>
<entry>Landmark database</entry>
<entry>Persistent storage of a collection of landmarks and landmark categories.</entry>
</row>
<row>
<entry>Position fields</entry>
<entry>Generic position fields defined in Location Acquisition API (see <apiname>Location
Acquisition API</apiname>), for example street name, country, building name. </entry>
</row>
</tbody>
</tgroup>
</table>
</body>
</topic>
</topic>
<topic id="topic">
<title>References</title>
<body>
<table>
<tgroup cols="2"><colspec colname="col1"/><colspec colname="col2"/>
<tbody>
<row>
<entry> None</entry>
<entry></entry>
</row>
</tbody>
</tgroup>
</table>
</body>
</topic>
</dita>
<?Pub *0000040828 0?>
