﻿<?xml version="1.0" encoding="utf-8"?>
<!--Arbortext, Inc., 1988-2004, v.4002-->
<!DOCTYPE dita PUBLIC "-//IBM//DTD DITA Composite//EN"
 "ditabase.dtd">
<?Pub UDT instructions _comment FontColor="red"?>
<?Pub UDT template _font?>
<dita>
<topic id="mainTopic" otherprops="" product="documentTitle" rev="DN0623655">
<title>S60 SUPL Terminal Initiation API</title>
<prolog>
<copyright><copyryear year="2006-2007"/><copyrholder>Nokia Corporation and/or
its subsidiaries</copyrholder></copyright>
<metadata>
<category>SDK</category>
</metadata></prolog>
<body>
<table audience="S60 licensees" platform="5.1" rev="S605.1licensee">
<title>Changes in S60 SUPL Terminal Initiation API</title>
<tgroup cols="4"><colspec colname="COLSPEC2" colwidth="0.67*"/><colspec colname="col1"
colwidth="0.67*"/><colspec colname="COLSPEC3" colwidth="0.67*"/><colspec colname="col2"
colwidth="1.33*"/>
<thead>
<row>
<entry>Version</entry>
<entry>Date</entry>
<entry>Status</entry>
<entry>Description</entry>
</row>
</thead>
<tbody>
<row>
<entry>4.0</entry>
<entry>05.10.2007</entry>
<entry>Approved</entry>
<entry>Added changes to indicate whether the RunSession() request is the first
one or not in the subsession.</entry>
</row>
<row>
<entry>3.0</entry>
<entry>24.11.2006</entry>
<entry>Approved</entry>
<entry>Changes for dynamic variation of SUPL feature flag.</entry>
</row>
<row>
<entry>2.0</entry>
<entry>02.06.2006</entry>
<entry>Approved</entry>
<entry>Changes to add new indication code</entry>
</row>
<row>
<entry>1.0</entry>
<entry>23.03.2006</entry>
<entry>Approved</entry>
<entry></entry>
</row>
</tbody>
</tgroup>
</table>
<table audience="S60 SDK" platform="5.1" rev="S605.1SDK">
<title>Changes in S60 SUPL Terminal Initiation API</title>
<tgroup cols="2"><colspec colname="col1" colwidth="0.41*"/><colspec colname="COLSPEC0"
colwidth="1.59*"/>
<thead>
<row>
<entry>Version</entry>
<entry>Description</entry>
</row>
</thead>
<tbody>
<row>
<entry>2.0</entry>
<entry>Second version</entry>
</row>
<row>
<entry>1.0</entry>
<entry>First version</entry>
</row>
</tbody>
</tgroup>
</table>
</body>
</topic>
<topic id="Changes">
<title>Changes</title>
<body>
<p></p>
<p>The following header file(s) have changed between S60 releases 3.2 and
5.1.</p>
<ul>
<li><i>epos_suplterminal.h</i></li>
<li><i>epos_suplterminalparams.h (new file)</i></li>
</ul>
<p></p>
<table frame="all">
<title>epos_suplterminal.h</title>
<tgroup cols="3"><colspec colname="col1" colwidth="0.59*"/><colspec colname="COLSPEC4"
colwidth="0.68*"/><colspec colname="col2" colwidth="2.36*"/>
<thead>
<row>
<entry>Type</entry>
<entry>Class</entry>
<entry>Change</entry>
</row>
</thead>
<tbody>
<row>
<entry>New public methods</entry>
<entry><codeph>RSuplTerminalSubSession</codeph></entry>
<entry><codeph>TInt GetSlpList(RPointerArray(CSuplTerminalParams) &amp;aSlpList)</codeph><codeph> </codeph></entry>
</row>
<row>
<entry>New public method</entry>
<entry><codeph>RSuplTerminalSubSession</codeph></entry>
<entry><codeph>RunSession(TRequestStatus&amp; aStatus, TSuplTerminalQop&amp;
aQop, const TDesC&amp; aHslpAddress, TBool aFallBack= EFalse, TInt aSETCaps=0,
TInt aRequestId=0, TBool aFirstReq=ETrue)</codeph></entry>
</row>
<row>
<entry>New public method</entry>
<entry> <codeph>RSuplTerminalSubSession</codeph></entry>
<entry><codeph>TInt RunSession(TSuplTerminalQop&amp; aQop, const TDesC&amp;
aHslpAddress, TBool aFallBack= EFalse, TInt aSETCaps=0, TInt aRequestId=0,
TBool aFirstReq=ETrue)</codeph></entry>
</row>
<row>
<entry>New public method</entry>
<entry> <codeph>RSuplTerminalSubSession</codeph></entry>
<entry><codeph>RunSession(TRequestStatus&amp; aStatus, const TDesC&amp; aHslpAddress,
TBool aFallBack= EFalse, TInt aSETCaps=0, TInt aRequestId=0, TBool aFirstReq=ETrue)</codeph></entry>
</row>
<row>
<entry>New public method</entry>
<entry> <codeph>RSuplTerminalSubSession</codeph></entry>
<entry><codeph>TInt RunSession(const TDesC&amp; aHslpAddress, TBool aFallBack=
EFalse, TInt aSETCaps=0, TInt aRequestId=0, TBool aFirstReq=ETrue)</codeph></entry>
</row>
<row>
<entry>New public method</entry>
<entry> <codeph>RSuplTerminalSubSession</codeph></entry>
<entry><codeph>TInt GetServerAddress(TDes&amp; aHslpAddress)</codeph></entry>
</row>
</tbody>
</tgroup>
</table>
<table frame="all">
<title>epos_suplterminalparams.h (new file)</title>
<tgroup cols="3"><colspec colname="col1" colwidth="0.59*"/><colspec colname="COLSPEC4"
colwidth="0.68*"/><colspec colname="col2" colwidth="2.36*"/>
<thead>
<row>
<entry>Type</entry>
<entry>Class</entry>
<entry>Change</entry>
</row>
</thead>
<tbody>
<row>
<entry>New public method</entry>
<entry> <codeph>CSuplTerminalParams</codeph></entry>
<entry><codeph>TInt Set()</codeph></entry>
</row>
<row>
<entry>New public method</entry>
<entry> <codeph>CSuplTerminalParams</codeph></entry>
<entry><codeph>TInt Get()</codeph></entry>
</row>
</tbody>
</tgroup>
</table>
</body>
</topic>
<topic id="topic1">
<title>Purpose</title>
<body>
<p>Secure User Plane Location (SUPL) protocol defines how location related
information is transferred and how the existing control plane positioning
protocols can be tunneled over the user plane between terminal and network
server. The main purposes of SUPL Terminal Initiation API are:<ul>
<li>To enable terminal client to determine terminal's position information
using SUPL protocol and retrieve it.</li>
<li>To enable terminal client to retrieve additional positioning information
such as assistance data for A-GPS using SUPL protocol.</li>
<li>To retrieve configured server addresses and their properties</li>
</ul></p>
</body>
<topic id="topic1.1">
<title>S60 or Symbian OS exceptions</title>
<body>
<p>SUPL Terminal Initiation API is valid from S60 release 3.1 onwards. This
API specification is valid for S60 5.1 onwards.</p>
</body>
</topic>
</topic>
<topic id="topic1.2">
<title>Emulator support</title>
<body>
<p>This API is supported in the WINS/WINSCW emulator environment.</p>
</body>
</topic>
<topic id="topic2">
<title>API description</title>
<body>
<p>The terminal client uses SUPL Terminal Initiation API for following purposes:<ul>
<li>To determine location information and to retrieve the location information
optionally with desired quality of position.</li>
<li>To retrieve additional positioning information such as assistance data
for A-GPS for tunneled positioning protocols. In this case, assistance data
is delivered to the client's plug-in from the SUPL framework during SUPL session.</li>
<li>To retreive configured server addresses and their properties</li>
</ul></p>
<p>SUPL Terminal Initiation API is a Virtual Machine API abstracting the client-server
communication from the client. SUPL Terminal Initiation API belongs to the
Domain API category.</p>
<p>SUPL Terminal Initiation API is dependent on Location Acquisition API for
location data types. However, the methods in SUPL Terminal Initiation API
can also return extended position information, such as speed, using extended
position information defined by Location Acquisition API.</p>
<p></p>
</body>
<topic id="topic2.1">
<title>Use cases</title>
<body>
<p>The main use cases of SUPL Terminal Initiation API are as follows:</p>
<p><ul>
<li>Requesting position information</li>
<li>Multiple position information requests</li>
<li>Requesting Assistance Data</li>
<li>Cancelling position determination request</li>
<li>Retrieving configured server properties</li>
</ul></p>
</body>
</topic>
<topic id="topic2.2">
<title>API class structure</title>
<body>
<p>The important classes of SUPL Terminal Initiation API are <codeph>RSuplTerminalServer</codeph>, <codeph>RSuplTerminalSubSession</codeph>, <codeph
>CSuplTerminalParams</codeph> and <codeph>TSuplTerminalQop</codeph>. <codeph>RSuplTerminalServer</codeph> is
used to establish connection and close the connection to SUPL Server. During
connection establishment, SUPL Server checks whether SUPL is enabled or not
in the terminal. If SUPL is not enabled, SUPL Server returns an error code
and exits. If SUPL is enabled, connection establishment continues.<codeph>RSuplTerminalSubSession</codeph> is
used to  <ul>
<li>open and close IPC sub-session</li>
<li>request SUPL Server to determine the position information and retrieve
the position information</li>
<li>request SUPL Server for assistance data for A-GPS</li>
<li>cancel position determination request</li>
<li>retrieve all configured servers and their properties</li>
</ul></p>
<p>The important methods in <codeph>RSuplTerminalSubSession</codeph> are <codeph>RunSession()</codeph> and <codeph>GetPosition()</codeph>. <codeph
>RunSession()</codeph> is used for requesting SUPL Server to determine position
information. This method is provided in both synchronous and asynchronous
variants.</p>
<p>Client can specify the wanted quality of the fix by giving the <codeph>TSuplTerminalQop</codeph> class
as parameter for <codeph>RunSession()</codeph>. The quality of position includes
horizontal accuracy, vertical accuracy, maximum location age and response
time. Horizontal accuracy is the radius of the error estimate circle specified
in meters. Horizontal accuracy reflects the error for the latitude and longitude
components of a position. Vertical accuracy is the error in the altitude component.
Vertical accuracy specifies a linear value at a vertical distance from the
origin of the error estimate circle within which the location of the point
falls. Both horizontal accuracy and vertical accuracy values are specified
in meters. Maximum location age is the maximum tolerable age of position estimates
used for cached position fixes. Delay time is the desired response time for
the location request issued. Maximum location age and delay are specified
in seconds.</p>
<p>Parameter <codeph>aSETCaps</codeph> of type <codeph>TInt</codeph> is used
for restricting the positioning technologies available for determining position
information. This indicates the position technologies available which can
be used during position determination. For example when using SUPL Server
for retrieving assistance data this parameter is set to <codeph>KGpsSETBased</codeph>.
Parameter <codeph>aRequestId</codeph> of type <codeph>TInt</codeph> can be
used by the client to deliver request identification number for the tunneled
positioning protocol handler. This is used by the client which is requesting
for additional position information such as assistance data for A-GPS. It
is the client's responsibility to generate and keep track of this request
identifier. Tunneled protocol can use this value for example to match different
assistance data requests and response received from SUPL Server.</p>
<p>Parameter <codeph>aFirstReq</codeph> of type <codeph>TBool</codeph> is
used to indicate whether the request is the first request in the subsession
or not. For example when making a location request or assistance data request
for the first time in the subsession this parameter is set to <codeph>ETrue</codeph>.
For subsequent requests this parameter is set to <codeph>EFlase</codeph>.</p>
<p>Parameter <codeph>aHslpAddress</codeph> of type <codeph>String</codeph> is
used to specify SUPL server to be used during SUPL session.</p>
<p>Parameter <codeph>aFallBack</codeph> of type <codeph>TBool</codeph> is
used to indicate whether fallback is allowed to next server in the SLP list
if SUPL session with the server mentioned fails. </p>
<p><codeph>GetPosition</codeph> as indicated is used to retrieve the position
information from SUPL Server. The client requesting for assistance data for
tunneled protocol does not need to use this method as assistance data is delivered
during SUPL session. The method can return a variation of position values,
such as basic position information and extended position information.</p>
<p><codeph>GetServerAddress</codeph> can be used to retrieve the address of
the server used in the last SUPL session.</p>
<p>Client can retrieve all the configured servers and their properties using <codeph>CSuplTerminalParams</codeph> class
as parameter for <codeph>GetSlpList()</codeph>.  From the retrieved server
properties client can use the server address field as parameter for <codeph>RunSession</codeph>()
to indicate which server should be used for SUPL session.  Client can also
specify whether fallback can be used or not if SUPL session with the specified
server fails.</p>
<p>All methods in SUPL Terminal Initiation API are synchronous calls, except
for asynchronous method requesting SUPL Server to determine position information.</p>
<p>The following diagram presents the class hierarchy and methods in both <codeph>RSuplTerminalServer</codeph> and <codeph>RSuplTerminalSubSession</codeph
>.</p>
<p><fig>
<title>Client-server communication classes</title>
<image href="html\images\SUPL_Terminal_Initiation_API_ClassDiagram.PNG"></image>
</fig></p>
</body>
</topic>
</topic>
<topic id="topic3">
<title>Using SUPL Terminal Initiation API</title>
<body>
<p>The client application using SUPL Terminal Initiation API must have the <codeph>CommDD</codeph> capability
to use all methods.</p>
<p>Using SUPL Terminal Initiation API always contains the following steps:</p>
<p><ol>
<li>Connect to SUPL server using the <codeph>RSuplTerminalServer::Connect()</codeph> method.</li>
<li>Open a subsession to SUPL Server using the <codeph>RSuplTerminalSubSession::Open()</codeph> method.</li>
<li>Optionally client can retrieve all the configured server address and their
properties using <codeph>RSuplTerminalSubSession::GetSlpList()</codeph></li>
<li>Determine the position information or get additional position information
such as assistance data for A-GPS using the <codeph>RSuplTerminalSubSession::RunSession()</codeph> method.
The <codeph>RunSession()</codeph> method is available both in synchronous
and asynchronous variants. The client can also optionally specify the desired
Quality of Position (QoP), server address to be used and whether fallback
can be used or not.</li>
<li>Optionally get terminal's determined location information using the <codeph>RSuplTerminalSubSession::GetPosition()</codeph> method.</li>
<li>Optionally get server used for SUPL session using the <codeph>RSuplTerminalSubSession::GetServerAddress()</codeph> method.</li>
<li>Close subsession using the <codeph>RSuplTerminalSubSession::Close()</codeph> method.</li>
<li>Close connection using the <codeph>RSuplTerminalServer::Close()</codeph> method.</li>
</ol></p>
<p><codeph>RSuplTerminalSubSession::CanceRunSession()</codeph> can be used
to cancel an outstanding asynchronous <codeph>RSuplTerminalSubSession::RunSession()</codeph> request. </p>
<p>In case of asynchronous calls, the <codeph>TRequestStatus</codeph> parameter
variable is used to indicate when SUPL Server has finished processing the
request. For one IPC subsession, there can be only one request outstanding
on each asynchronous method. It is recommended that the client should close
the subsession and connection to SUPL Server when it is no longer required.</p>
</body>
<topic id="topic3.1">
<title> Requesting position information</title>
<body>
<p>This use case describes about the procedure to make the location determination
request using SUPL and retrieving the position determined using SUPL Terminal
Initiation API. </p>
<p>The following diagram illustrates the steps involved in executing the use
case.</p>
<p><fig>
<title>Requesting position information</title>
<image href="html\images\SUPL_Terminal_Initiation_API_UseCase1.PNG"></image>
</fig></p>
<p>The following code snippets illustrate how to make the position determination
request and how to retrieve position information using <codeph>TPositionInfo</codeph>.
Asynchronous method is used to determine the position information here.</p>
<example><codeblock>RSuplTerminalServer	server;
RSuplTerminalSubSession subSession;
    
TInt ret = server.Connect();   // Connect to server
if (ret != KErrNone)
  {
  	// Handle error
  }
ret = subSession.Open(server);			// Open sub-session to server
if (ret != KErrNone)
  {
  	// Handle error
  }

// Set terminal capabilities
TInt 	setCaps=EGpsSETAssisted|EGpsSETBased;
TRequestStatus status = KErrNone;
TInt requestId = 1;
TSuplTerminalQop qop;

// Set desired quality of position
ret = qop.Set(100, 990, 100, 8);
// Make asynchronous position determination request
subSession.RunSession(status, qop, setCaps, requestId);
User::WaitForRequest(status);
if (status.Int() != KErrNone)
	{
  // Handler error
  }

TPositionInfo posInfo;
//Retrieve determined position information
ret = subSession.GetPosition(posInfo);
if (ret != KErrNone)
	{
  // Handle error
  }

subSession.Close();			// Close sub-session
server.Close();			// Close connection</codeblock></example>
<p>The following code snippets illustrate how to use the make position determination
request and how to retrieve position information using <codeph>HPositionGenericInfo</codeph>.
An asynchronous method is used to determine the position information here.
For more information on how to use <codeph>HPositionGenericInfo</codeph>,
please refer to reference document <xref href="#topic5">[3]</xref>.</p>
<example><codeblock>RSuplTerminalServer	server;
RSuplTerminalSubSession subSession;
    
TInt ret = server.Connect();   // Connect to server
if (ret != KErrNone)
  {
  	// Handle error
  }
ret = subSession.Open(server);			// Open sub-session to server
if (ret != KErrNone)
  {
  	// Handle error
  }

// Set terminal capabilities
TInt 	setCaps=EGpsSETAssisted|EGpsSETBased;
TRequestStatus status = KErrNone;
TInt requestId = 1;
TSuplTerminalQop qop;

// Set desired quality of position
ret = qop.Set(100, 990, 100, 8);
// Make asynchronous position determination request
subSession.RunSession(status, qop, setCaps, requestId);

User::WaitForRequest(status);
if (status.Int() != KErrNone)
	{
  // Handle error
  }

HPositionGenericInfo* genericInfo = HPositionGenericInfo::NewLC();
//Request for Horizontal speed and Horizontal speed error
genericInfo->SetRequestedField(EPositionFieldHorizontalSpeed);
genericInfo->SetRequestedField(EPositionFieldHorizontalSpeedError);

//Retrieve determined position information
ret = subSession.GetPosition(*genericInfo);
if (ret != KErrNone)
	{
  // Handle error
	}
// Check if requested field is returned or not
if (genericInfo->IsFieldAvailable(EPositionFieldHorizontalSpeed))
  {
  TInt16 HorSpeed;
  genericInfo->GetValue(EPositionFieldHorizontalSpeed, HorSpeed);
  }
if (genericInfo->IsFieldAvailable(EPositionFieldHorizontalSpeedError))
  {
  TInt8 speedError;
  genericInfo->GetValue(EPositionFieldHorizontalSpeedError, speedError);
  }
CleanupStack::PopAndDestroy(genericInfo); //genericInfo
subSession.Close();			// Close sub-session
server.Close();			// Close connection
</codeblock></example>
</body>
</topic>
<topic id="topic3.2">
<title>Multiple position information requests</title>
<body>
<p>This use case describes the procedure to make the multiple location determination
requests using SUPL and retrieving the position determined using SUPL Terminal
Initiation API. Optionally client can specify whether the location request
made is the first request in the sub-session or not.</p>
<p>The following diagram illustrates the steps involved in executing the use
case.</p>
<p><fig>
<title>Multiple position information requests</title>
<image href="html\images\SUPL_Terminal_Initiation_API_UseCase2.PNG"></image>
</fig></p>
<p>The following code snippets illustrate how to make the multiple position
determination request and how to retrieve position information using <codeph>TPositionInfo</codeph>.
An asynchronous method is used to determine the position information here.</p>
<example><codeblock>RSuplTerminalServer	server;
RSuplTerminalSubSession subSession;
    
TInt ret = server.Connect();   // Connect to server
if (ret != KErrNone)
  {
  	// Handle error
  }
ret = subSession.Open(server);			// Open sub-session to server
if (ret != KErrNone)
  {
  	// Handle error
  }

// Set terminal capabilities
TInt 	setCaps=EGpsSETAssisted|EGpsSETBased;
TRequestStatus status = KErrNone;
TInt requestId = 1;
TSuplTerminalQop qop;

// Set desired quality of position
ret = qop.Set(100, 990, 100, 8);
// Make asynchronous position determination request
subSession.RunSession(status, qop, setCaps, requestId);
User::WaitForRequest(status);
if (status.Int() != KErrNone)
	{
  // Handler error
  }

TPositionInfo posInfo;
//Retrieve determined position information
ret = subSession.GetPosition(posInfo);
if (ret != KErrNone)
	{
  // Handle error
  }

status = KErrNone;
// Make asynchronous position determination request
subSession.RunSession(status, qop, setCaps, requestId, EFalse);
User::WaitForRequest(status);
if (status.Int() != KErrNone)
	{
  // Handle error
  }

TPositionInfo posInfo;
//Retrieve determined position information
ret = subSession.GetPosition(posInfo);
if (ret != KErrNone)
	{
  // Handle error
  }

subSession.Close();			// Close sub-session
server.Close();			// Close connection</codeblock></example>
</body>
</topic>
<topic id="topic3.3">
<title>Requesting assistance data</title>
<body>
<p>This use case describes the procedure to make assistance data request using
SUPL Terminal Initiation API. Assistance data is delivered tunneled in SUPL
protocol and the tunneled protocol handler receives assistance data for position
determination. In this case, the client receives assistance data during SUPL
session. For this reason the client does not need to call <codeph>GetPosition</codeph> to
get position information.</p>
<p>The following diagram illustrates the steps involved in requesting assistance
data using SUPL Terminal Initiation API.</p>
<fig>
<title>Requesting assistance data</title>
<image href="html\images\SUPL_Terminal_Initiation_API_UseCase3.PNG"></image>
</fig>
<p>The following code snippets illustrate how to use the make assistance data
request. An asynchronous method is used to make the assistance data request.</p>
<example><codeblock>RSuplTerminalServer	server;
RSuplTerminalSubSession subSession;
    
TInt ret = server.Connect();   // Connect to server
if (ret != KErrNone)
  {
  	// Handle error
  }
ret = subSession.Open(server);			// Open sub-session to server
if (ret != KErrNone)
  {
  	// Handle error
  }

// Set terminal capabilities
TInt 	setCaps=EGpsSETAssisted|EGpsSETBased;
TRequestStatus status = KErrNone;
// Make asynchronous position determination request
subSession.RunSession(setCaps, status);
User::WaitForRequest(status);
if (status.Int() != KErrNone)
	{
  // Handle error
  }
subSession.Close();			// Close sub-session
server.Close();			// Close connection
</codeblock></example>
</body>
</topic>
<topic id="topic3.4">
<title>Canceling a position determination request</title>
<body>
<p>This use case describes the procedure to make the asynchronous position
determination request using SUPL Terminal Initiation API and cancelling the
position determination request.</p>
<p>The following diagram illustrates the steps involved in executing the use
case.</p>
<p><fig>
<title>Canceling a position determination request</title>
<image href="html\images\SUPL_Terminal_Initiation_API_UseCase4.PNG"></image>
</fig></p>
<p>The following code snippets illustrate how to use the make position determination
request using an asynchronous method and how to cancel the request.</p>
<example><codeblock>RSuplTerminalServer	server;
RSuplTerminalSubSession subSession;
    
TInt ret = server.Connect();   // Connect to server
if (ret != KErrNone)
  {
  	// Handle error
  }
ret = subSession.Open(server);			// Open sub-session to server
if (ret != KErrNone)
  {
  	// Handle error
  }

// Set terminal capabilities
TInt 	setCaps=EGpsSETAssisted|EGpsSETBased;
TRequestStatus status = KErrNone;
// Make asynchronous position determination request
subSession.RunSession(setCaps, status);
subSession.CancelRunSession();
User::WaitForRequest(status);
if (ret != KErrCancel)
	{
  // Handle error
  }
subSession.Close();			// Close sub-session
server.Close();			// Close connection</codeblock></example>
</body>
</topic>
<topic id="topic3.5">
<title>Requesting position information from specific server</title>
<body>
<p>This use case describes following<ul>
<li>To retrieve configured servers and their properties</li>
<li>To make the location determination request using SUPL to particular server
with fallback enabled</li>
<li>Retrieving server address that was used for position determination</li>
<li>Retrieving the position determined using SUPL Terminal Initiation API</li>
</ul></p>
<p>The following diagram illustrates the steps involved in executing the use
case.</p>
<p><fig>
<title>Requesting position information from specific server</title>
<image href="html\images\SUPL_Terminal_Initiation_API_UseCase5.PNG"></image>
</fig></p>
<p>The following code snippets illustrate how to use the make position determination
request using an asynchronous method and how to cancel the request.</p>
<example><codeblock>RSuplTerminalServer	server;
RSuplTerminalSubSession subSession;
    
TInt ret = server.Connect();   // Connect to server
if (ret != KErrNone)
  {
  	// Handle error
  }
ret = subSession.Open(server);			// Open sub-session to server
if (ret != KErrNone)
  {
  	// Handle error
  }
// Get list of SLPs configured and retrieve parameters
RPointerArray&lt;CServerParams> aParamValues;
HBufC* serverAddress = HBufC::New(255);
HBufC* iapName = HBufC::New(255);
TBool serverEnabled;
TBool simChangeRemove;
TBool usageInHomeNw;
TBool editable;
subSession.GetSlpList(aParamValues);
// Retrieve first server properties in the list
aParamValues[0]->Get(slpId,serverAddress->Des(),iapName->Des(),serverEnabled,simChangeRemove,usageInHomeNw,editable);

// Set terminal capabilities
TInt 	setCaps=EGpsSETAssisted|EGpsSETBased;
TRequestStatus status = KErrNone;
// Make asynchronous position determination request
TBool fallBack = ETrue;
subSession.RunSession(status, *serverAddress, fallBack, setCaps);
User::WaitForRequest(status);
if (ret != KErrCancel)
	{
  // Handle error
  }
aParamValues.ResetAndDestroy();
// Retrieve server address used for SUPL session
RBuf hslpAddr;
RBuf hslpAddr.Create(KMaxHslpAddressLength);
subSession.GetServerAddress(hslpAddr)
hslpAddr.Close();

subSession.Close();			// Close sub-session
server.Close();			// Close connection</codeblock></example>
</body>
</topic>
<topic id="topic3.6">
<title>Error handling</title>
<body>
<p> SUPL Terminal Initiation API uses the standard Symbian OS error reporting
mechanism. In case of an irrecoverable error, panics are used. Otherwise,
functions return error codes as their return values. SUPL Terminal Initiation
API uses standard system error codes and certain panic codes defined in SUPL
Terminal Initiation API. Those can be found in the files <i>epos_suplterminalerrors.h</i> and <i>epos_suplterminalconstants.h</i>.</p>
</body>
</topic>
<topic id="topic3.7">
<title>Memory overhead</title>
<body>
<p>When using SUPL Terminal Initiation API, the memory overhead is dependent
on the amount of instantiated classes but there are also some cases when extra
memory usage can be involved. Nevertheless, the memory usage is always controlled
by the client application and there are never any uncontrolled al<?Pub Caret?>locations
of large amounts of memory that the client cannot prevent or avoid. Also the <codeph>HPositionGenericInfo</codeph> class
uses a heap to store location data. However, in all cases, the amount of memory
is defined by the client and thus cannot be exactly predicted. After use,
the needed additional buffers (if any) are unallocated automatically. The
number of simultaneous sessions and subsessions also has an impact on the
overall memory usage. For this reason, unnecessary sessions and subsessions
should be avoided.</p>
</body>
</topic>
</topic>
<topic id="topic4">
<title>Glossary</title>
<body></body>
<topic id="topic4.1">
<title>Abbreviations</title>
<body>
<table frame="all">
<title>Abbreviations</title>
<tgroup cols="2"><colspec colname="col1" colwidth="0.60*"/><colspec colname="col2"
colwidth="1.40*"/>
<thead>
<row>
<entry colsep="1" rowsep="1" valign="top"><b>Abbreviation</b></entry>
<entry rowsep="1" valign="top"><b>Description</b></entry>
</row>
</thead>
<tbody>
<row>
<entry colsep="1" rowsep="1">API	</entry>
<entry rowsep="1">Application Programming Interface</entry>
</row>
<row>
<entry colsep="1">FW</entry>
<entry>Framework</entry>
</row>
<row>
<entry>HW</entry>
<entry>Hardware</entry>
</row>
<row>
<entry>IPC</entry>
<entry>Inter process communication</entry>
</row>
<row>
<entry>QoP</entry>
<entry>Quality of Position</entry>
</row>
<row>
<entry>SET</entry>
<entry>SUPL Enabled Terminal</entry>
</row>
<row>
<entry>SLP</entry>
<entry>SUPL Location Platform</entry>
</row>
<row>
<entry>SUPL</entry>
<entry>Secure User Plane Location Protocol</entry>
</row>
<row>
<entry>UI</entry>
<entry>User Interface</entry>
</row>
</tbody>
</tgroup>
</table>
</body>
</topic>
<topic id="topic4.2">
<title>Definitions</title>
<body>
<table frame="all">
<title>Definitions</title>
<tgroup cols="2"><colspec colname="col1" colwidth="0.60*"/><colspec colname="col2"
colwidth="1.40*"/>
<tbody>
<row>
<entry colsep="1" rowsep="1"><b>Definition</b></entry>
<entry rowsep="1"><b>Description</b></entry>
</row>
<row>
<entry colsep="1" rowsep="1">Framework</entry>
<entry rowsep="1">Usually denotes the collection of an engine and associated
programming interfaces. This document mentions SUPL Framework. </entry>
</row>
<row>
<entry colsep="1">Terminal Initiated Location Request</entry>
<entry>Location request is issued by the mobile terminal to find out current
location of the terminal.</entry>
</row>
<row>
<entry>SUPL Enabled Terminal</entry>
<entry>A device that is capable of communicating with a SUPL Network. Examples
of this could be UE in UMTS, MS in GSM or IS95.</entry>
</row>
<row>
<entry>SUPL Location Platform (SLP)</entry>
<entry>Network entity responsible for Service management and Position determination.</entry>
</row>
<row>
<entry>SUPL Server</entry>
<entry>Server application running in the terminal.</entry>
</row>
</tbody>
</tgroup>
</table>
</body>
</topic>
</topic>
<topic id="topic5">
<title>References</title>
<body>
<table>
<title>References</title>
<tgroup cols="2"><colspec colname="col1"/><colspec colname="col2"/>
<tbody>
<row>
<entry>1. S60 3.2 SUPL Subsystem Architecture Description</entry>
<entry></entry>
</row>
<row>
<entry>2. S60 SUPL Subsystem Design Document</entry>
<entry></entry>
</row>
<row>
<entry>3. S60 SUPL Terminal Initiation Library Design Document</entry>
<entry></entry>
</row>
<row>
<entry>4. S60 Location Acquisition API Specification Document</entry>
<entry></entry>
</row>
<row>
<entry>5. OMA Secure User Plane Location Architecture</entry>
<entry><xref format="html" href="http://member.openmobilealliance.org/ftp/public_documents/loc/Permanent_documents/">http://member.openmobilealliance.org/ftp/public_documents/loc/Permanent_documents/</xref
></entry>
</row>
<row>
<entry>6. OMA UserPlane Location Protocol</entry>
<entry><xref format="html" href="http://member.openmobilealliance.org/ftp/public_documents/loc/Permanent_documents/">http://member.openmobilealliance.org/ftp/public_documents/loc/Permanent_documents/</xref
></entry>
</row>
</tbody>
</tgroup>
</table>
</body>
</topic>
</dita>
<?Pub *0000031274 0?>
