﻿<?xml version="1.0" encoding="utf-8"?>
<!--Arbortext, Inc., 1988-2004, v.4002-->
<!DOCTYPE dita PUBLIC "-//IBM//DTD DITA Composite//EN"
 "ditabase.dtd">
<?Pub UDT instructions _comment FontColor="red"?>
<?Pub UDT template _font?>
<dita>
<topic id="mainTopic" otherprops="" product="documentTitle" rev="DN0623643">
<title>S60 SUPL Network Initiation API</title>
<prolog>
<copyright><copyryear year="2006"/><copyrholder>Nokia Corporation and/or its
subsidiaries</copyrholder></copyright>
<metadata>
<category>SDK</category>
</metadata></prolog>
<body>
<table audience="S60 licensees" platform="3.1" rev="S603.1licensee">
<title>Changes in S60 SUPL Network Initiation API</title>
<tgroup cols="4"><colspec colname="COLSPEC0" colwidth="0.67*"/><colspec colname="col1"
colwidth="0.67*"/><colspec colname="COLSPEC1" colwidth="0.67*"/><colspec colname="col2"
colwidth="1.33*"/>
<thead>
<row>
<entry>Version</entry>
<entry>Date</entry>
<entry>Status</entry>
<entry>Description</entry>
</row>
</thead>
<tbody>
<row>
<entry>2.0</entry>
<entry>24.11.2006</entry>
<entry>Approved</entry>
<entry>Changes for dynamic variation of the SUPL feature.</entry>
</row>
<row>
<entry>1.0</entry>
<entry>23.03.2006</entry>
<entry>Approved</entry>
<entry></entry>
</row>
</tbody>
</tgroup>
</table>
<table audience="S60 SDK" platform="3.1" rev="S603.1SDK">
<title>Changes in S60 SUPL Network Initiation API</title>
<tgroup cols="1"><colspec colname="col1"/>
<thead>
<row>
<entry>Description</entry>
</row>
</thead>
<tbody>
<row>
<entry></entry>
</row>
<row>
<entry></entry>
</row>
</tbody>
</tgroup>
</table>
</body>
</topic>
<topic id="topic1">
<title>Purpose</title>
<body>
<p>Secure User Plane Location (SUPL) defines how the location related information
is transferred and how already existing control plane positioning protocols
can be tunneled over the user plane between terminal and network server. The
network sends SUPL initiation message to the terminal to start the SUPL Session
either as SMS or as WAP push message. The purpose of SUPL Network Initiation
API is to enable client running in the terminal to forward these SUPL initiation
messages received from the network to the SUPL server. SUPL Network Initiation
API is valid for S60 release 3.1 and onwards. </p>
</body>
<topic id="topic1.1">
<title>S60 or Symbian OS exceptions</title>
<body>
<p> SUPL Network Initiation API is valid for S60 release 3.1 and onwards.</p>
</body>
</topic>
</topic>
<topic id="topic2">
<title>API description</title>
<body>
<p>The client uses SUPL Network Initiation API to forward the SUPL initiation
messages received from the network.</p>
<p>SUPL Network Initiation API is a Virtual Machine API abstracting the client-server
communication from the client. SUPL Network Initiation API belongs to domain
API category.</p>
<p>The only class of SUPL Network Initiation API is server class. The server
class is used by client applications for connecting to SUPL server, to forward
message to SUPL server and to close connection to SUPL server.</p>
</body>
<topic id="topic2.1">
<title>Use cases</title>
<body>
<p>The main use case of SUPL Network Initiation API is as follows:</p>
<p><ul>
<li>Forwarding SUPL initiation message to SUPL server</li>
</ul></p>
<p>All methods in SUPL Network Initiation API are synchronous calls.</p>
</body>
</topic>
<topic id="topic2.2">
<title>API class structure</title>
<body>
<p>The only class of SUPL Network Initiation API is <codeph>RSuplNetworkServer</codeph>. <codeph>RSuplNetworkServer</codeph> is
used to establish connection and to close the connection to SUPL Server and
to forward message received from the network to SUPL Server. During connection
establishment, SUPL Server checks whether SUPL is enabled or not in the terminal.
If SUPL is not enabled, SUPL Server returns error and exits.</p>
<p>Following diagram presents the class hierarchy and methods in <codeph>RSuplNetworkServer</codeph>.</p>
<p><fig>
<title>Client-server communication classes</title>
<image href="images\SUPL_Network_Initiation_API_ClassDiagram.PNG"><?Pub Caret1?>
</image></fig></p>
</body>
</topic>
</topic>
<topic id="topic3">
<title>Using SUPL Network Initiation API</title>
<body>
<p>Client application using SUPL Network Initiation API must have CommDD capability
to use all methods.</p>
<p>Using SUPL Network Initiation API always contains the following steps:</p>
<p><ol>
<li>Connect to SUPL Server using the <codeph>RSuplNetworkServer::Connect()</codeph> method.</li>
<li>Forward message using the <codeph>RSuplNetworkServer::ForwardMessage</codeph> method.</li>
<li>Close connection using the <codeph>RSuplNetworkServer::Close()</codeph> method.</li>
</ol></p>
<p>It is recommended that the client should close the connection to SUPL Server
when it is no longer required.</p>
</body>
<topic id="topic3.1">
<title> Forwarding SUPL initiation message to SUPL Server</title>
<body>
<p>SUPL Network Initiation client establishes a connection to SUPL Server
before forwarding SUPL initiation message. After forwarding message is completed,
the client can close the connection to SUPL Server.</p>
<p>The following diagram illustrates the steps involved in forwarding a message
using SUPL Network Initiation API.</p>
<p><fig>
<title>Forwarding a message to SUPL Server</title>
<image href="images\SUPL_Network_Initiation_API_UseCase1.PNG"></image></fig></p>
<p>The following code snippets illustrates how to forward the message to SUPL
Server.</p>
<example><codeblock>RSuplNetworkServer	server;
    
TInt ret = server.Connect();   // Connect to server
if (ret != KErrNone)
  {
  	// Handle error
  }

//Create dummy string to pass as parameter
_LIT8(KConstStr, "ForwardMessage test message");
// Forward message to SUPL server
ret = server.ForwardMessage(KConstStr);
if (ret != KErrNone)
	{
  // Handler error
  }

server.Close();			// Close connection</codeblock></example>
</body>
</topic>
<topic id="topic3.3">
<title>Error handling</title>
<body>
<p>SUPL Network Initiation API uses the standard Symbian error reporting mechanism.
In case of an irrecoverable error, panics are used. Otherwise, functions return
error codes as their return values. SUPL Network Initiation API uses standard
system error codes and certain panic codes defined in SUPL Network Initiation
API. These can be found in the <i>epos_suplnetworkerrors.h</i> file.</p>
</body>
</topic>
<topic id="topic3.4">
<title>Memory overhead</title>
<body>
<p>When using SUPL Network Initiation API, the memory overhead is dependent
on the amount of instantiated classes but there are also some cases when extra
memory usage can be involved. Nevertheless, the memory usage is always controlled
by the client application and there are never any uncontrolled allocations
of large amounts of memory that the client cannot prevent or avoid. In all
cases the amount of memory is defined by the client and thus cannot be exactly
predicted. The number of simultaneous connections also has an impact on the
overall memory usage. For this reason, unnecessary connections should be avoided.</p>
</body>
</topic>
</topic>
<topic id="topic4">
<title>Glossary</title>
<body></body>
<topic id="topic4.1">
<title>Abbreviations</title>
<body>
<table frame="all">
<title>Abbreviations</title>
<tgroup cols="2"><colspec colname="col1" colwidth="0.72*"/><colspec colname="col2"
colwidth="1.28*"/>
<thead>
<row>
<entry colsep="1" rowsep="1" valign="top"><b>Abbreviation</b></entry>
<entry rowsep="1" valign="top"><b>Description</b></entry>
</row>
</thead>
<tbody>
<row>
<entry colsep="1" rowsep="1">API	</entry>
<entry rowsep="1">Application Programming Interface</entry>
</row>
<row>
<entry colsep="1">FW</entry>
<entry>Framework</entry>
</row>
<row>
<entry>HW</entry>
<entry>Hardware</entry>
</row>
<row>
<entry>IPC</entry>
<entry>Inter process communication</entry>
</row>
<row>
<entry>SET</entry>
<entry>SUPL Enabled Terminal</entry>
</row>
<row>
<entry>SLP</entry>
<entry>SUPL Location Platform</entry>
</row>
<row>
<entry>SUPL</entry>
<entry>Secure User Plane Location Protocol</entry>
</row>
</tbody>
</tgroup>
</table>
</body>
</topic>
<topic id="topic4.2">
<title>Definitions</title>
<body>
<table frame="all">
<title>Definitions</title>
<tgroup cols="2"><colspec colname="col1" colwidth="0.72*"/><colspec colname="col2"
colwidth="1.28*"/>
<tbody>
<row>
<entry colsep="1" rowsep="1"><b>Definition</b></entry>
<entry rowsep="1"><b>Description</b></entry>
</row>
<row>
<entry colsep="1" rowsep="1">Framework</entry>
<entry rowsep="1">Usually denotes the collection of an engine and associated
programming interfaces. This document mentions the SUPL Framework. </entry>
</row>
<row>
<entry colsep="1">Network Initiated Location Request</entry>
<entry>A Location request that originates in the network</entry>
</row>
<row>
<entry>SUPL Enabled Terminal (SET)</entry>
<entry>A device that is capable of communicating with a SUPL Network. Examples
of this could be UE in UMTS, MS in GSM or IS95.</entry>
</row>
<row>
<entry>SUPL Location Platform (SLP)</entry>
<entry>Network entity responsible for Service management and Position determination.</entry>
</row>
<row>
<entry>SUPL Server</entry>
<entry>Server application running in the terminal.</entry>
</row>
</tbody>
</tgroup>
</table>
</body>
</topic>
</topic>
<topic id="topic">
<title>References</title>
<body>
<table>
<title>References</title>
<tgroup cols="2"><colspec colname="col1" colwidth="0.90*"/><colspec colname="col2"
colwidth="1.10*"/>
<tbody>
<row>
<entry>1. S60 SUPL Subsystem Architecture Description</entry>
<entry></entry>
</row>
<row>
<entry>2. S60 SUPL Subsystem Design Document</entry>
<entry></entry>
</row>
<row>
<entry>3. S60 SUPL Network Initiation Library Design Document</entry>
<entry></entry>
</row>
<row>
<entry>4. OMA Secure User Plane Location Architecture</entry>
<entry><xref format="html" href="http://member.openmobilealliance.org/ftp/public_documents/loc/Permanent_documents/">http://member.openmobilealliance.org/ftp/public_documents/loc/Permanent_documents/</xref
></entry>
</row>
<row>
<entry>5. OMA UserPlane Location Protocol</entry>
<entry><xref format="html" href="http://member.openmobilealliance.org/ftp/public_documents/loc/Permanent_documents/">http://member.openmobilealliance.org/ftp/public_documents/loc/Permanent_documents/</xref
></entry>
</row>
</tbody>
</tgroup>
</table>
</body>
</topic>
</dita>
<?Pub *0000010372 0?>
