﻿<?xml version="1.0" encoding="utf-8"?>
<!--Arbortext, Inc., 1988-2004, v.4002-->
<!DOCTYPE dita PUBLIC "-//IBM//DTD DITA Composite//EN"
 "ditabase.dtd">
<?Pub UDT instructions _comment FontColor="red"?>
<?Pub UDT template _font?>
<dita xmlns:atict="http://www.arbortext.com/namespace/atict"><atict:info tracking="off"
ref="0"/><atict:user user="laleskin" fullname="Leskinen Lauri (EXT-Kudos-MSW/Helsinki)"/>
<atict:user user="petuomin" fullname="Tuominen Petteri (Nokia-TP-MSW/Helsinki)"/>
<topic id="mainTopic" otherprops="" product="documentTitle" rev="DN0734846">
<title>S60 Map Image API</title>
<prolog>
<copyright><copyryear year="2007"/><copyrholder>Nokia Corporation and/or its
subsidiaries<?Pub Caret?></copyrholder></copyright>
<metadata>
<category>SDK</category>
</metadata></prolog>
<body>
<table audience="S60 licensees" platform="5.0" rev="S605.0licensee">
<title>Changes in S60 5.0 Map Image API documentation</title>
<tgroup cols="4">
<?PubTbl tgroup rth="1.00pt"?>
<colspec colname="col1" colwidth="0.67*"/><colspec colname="col2" colwidth="0.67*"/>
<colspec colname="col3" colwidth="1.33*"/><colspec colname="col4" colwidth="1.33*"/>
<thead>
<row>
<entry>Version</entry>
<entry>Date</entry>
<entry>Status</entry>
<entry>Description</entry>
</row>
</thead>
<tbody>
<row>
<entry>1.0</entry>
<entry>21.02.2007</entry>
<entry>Approved</entry>
<entry></entry>
</row>
</tbody>
</tgroup>
</table>
<table audience="S60 SDK" platform="5.0" rev="S605.0SDK">
<title>Changes in S60 5.0 Map Image API </title>
<tgroup cols="2"><colspec colname="COLSPEC0" colwidth="0.33*"/><colspec colname="col1"
colwidth="1.67*"/>
<thead>
<row>
<entry>Version</entry>
<entry>Description</entry>
</row>
</thead>
<tbody>
<row>
<entry>1.0</entry>
<entry>First version</entry>
</row>
</tbody>
</tgroup>
</table>
</body>
</topic>
<topic id="topic1">
<title>Purpose</title>
<body>
<p></p>
<p>Map Image API allows clients to obtain map of a specified area of the world
in bitmap form.</p>
</body>
<topic id="topic1.1">
<title>API availability</title>
<body>
<p> This API is available since S60 release 5.0.</p>
</body>
</topic>
</topic>
<topic id="topic2">
<title>API description</title>
<body>
<p>This API is intended for end-user applications, which desire to draw world
maps in their views. This is a Client-Server type of Library API. </p>
<p>This API does not implement these features itself but instead serves as
a gateway between client applications and provider applications, which implement
actual rendering. Provider applications are application servers and perform
in their own processes.</p>
</body>
<topic id="topic2.1">
<title>Use cases</title>
<body>
<p>The main use cases provided by the API are the following:<ul>
<li>Obtaining bitmap of specified world area</li>
<li>Converting between image and world coordinates </li>
</ul></p>
</body>
</topic>
<topic id="topic2.2">
<title>API class structure</title>
<body>
<p><?Pub Dtl?><!--Inheritance from Symbian OS base classes if API class is part of some Symbian OS Framework. List interface classes, their purpose, and their relationships. Identify main interface classes, helper classes, and the M-interfaces (callback hooks) that the client must implement.

Explain from the client’s perspective how a client connects to the interface (client creates objects from interface classes, interface code installs active objects to client thread and invokes callback methods in client). What are the semantics of the M-interfaces that the client must implement?

Include a UML diagram to describe the class structure.

Keep the description at a general level and defer detailed explanations to the class level documentation--><?Pub (instructions)?></p>
<p>This API provides a single interface to map image features via the <apiname>CMnMapImage</apiname> class.
It exposes methods for issuing map image rendering request, specifying related
parameters and converting world coordinates to offsets in image and vice versa.
Map image parameters are defined by <apiname>TMnMapImageParams</apiname>.
Rendering is performed as an asynchronous request, which client can handle
itself, or register to be notified about completion via <apiname>MMnMapImageRenderCallback</apiname>.</p>
<fig>
<title>Map Image API class structure</title>
<image href="images\Map_Image_API_Class_Structure.png"></image></fig>
</body>
</topic>
</topic>
<topic id="topic3">
<title>Using Map Image API</title>
<body>
<p></p>
<p>This API relies on functionality provided by external applications, Provider
Applications, which are executed in a separate process from client. Rendering
services are accessed through the <apiname>CMnMapImage</apiname> class. Client
creates it using the <codeph>NewL</codeph> method. The provider application
is always executed in standalone mode.</p>
<p>Some methods of <apiname>CMnMapImage</apiname> are asynchronous (see <apiname>CMnMapImage::RenderL</apiname>),
and they must be completed or cancelled before any other asynchronous requests
are made. If an asynchronous method can leave, and it leaves, then no asynchronous
request is outstanding.</p>
<p>The connection to the provider application is closed when this class is
destroyed, but it does not necessarily mean that the provider application
is closed too. This depends on user actions and/or provider application behavior.</p>
</body>
<topic id="topicParams">
<title>Map image parameters</title>
<body>
<p>Map image parameters determine behavior of all use cases of this API: image
rendering, as well as coordinate conversions. The parameters are collected
within the <apiname>TMnMapImageParams</apiname> class and described below.</p>
<p><table>
<tgroup cols="2"><colspec colname="col1"/><colspec colname="col3"/>
<thead>
<row>
<entry>Parameter</entry>
<entry>Description</entry>
</row>
</thead>
<tbody>
<row>
<entry>Center Point</entry>
<entry>The world coordinate in WGS-84, which should be positioned in the center
of the rendered map image.</entry>
</row>
<row>
<entry>Size</entry>
<entry>Width and height of needed image in pixels.</entry>
</row>
<row>
<entry>Area</entry>
<entry>Width and height of the visible world area in meters. See more info
below.</entry>
</row>
<row>
<entry>Direction</entry>
<entry>"Heading" of the image. See more info below.</entry>
</row>
<row>
<entry>Image Type</entry>
<entry>Type of the image: scalable vector map or satellite images.</entry>
</row>
</tbody>
</tgroup>
</table></p>
<p><b>Direction</b></p>
<p>Map image is by default directed to North (except if center point is at
North Pole) but client can specify any other direction via <apiname>TMnMapImageParams::SetDirection()</apiname>.</p>
<p>Image direction is defined as clockwise angle between two vectors:<ul>
<li>vector from center point towards North Pole parallel to center’s longitude.
If center is positioned at North Pole, then this vector is directed towards
South Pole parallel to center’s longitude.</li>
<li>vector from center point towards center of image’s top side (vertical
axis of the image).</li>
</ul>This direction parameter can be thought of as "true heading" of the image.</p>
<p><b>Area</b></p>
<p>Area parameter describes the size of world area visible in the map image.
It is defined via two arguments: width and height. Height is the length in
meters of the line, parallel to the image direction and going through the
center point. Width is the length of the line, orthogonal to the image direction
and going through center point. These two parameters define an ellipse, covering
the world area, which is required to be visible on the map.</p>
<p>Note, that the actual visible area may be larger than that specified by
width and height, if the given image size and visible area have different
aspect ratios. The actual aspect ratio of the map is determined by the projection
algorithms used by the provider application. </p>
<p>The picture below describes the definition of center point, direction and
area parameters. "Latitude" and "Longitude" are respectively center point's
meridian and parallel.</p>
<fig>
<title>Map area and direction description</title>
<image href="images\Map_Image_API_Area_Direction.png"></image></fig>
<p><b>Scale</b></p>
<p>There is no globe to plane projection that could preserve distances between
any two points in the whole map extent. Therefore, the scale of a map cannot
be constant on the whole map and will vary from place to place. (Printed maps
almost always have a scale indicator, but it is only a so called principal
scale, or "nominal" scale, which is the ratio of the Earth scale to the radius
of the sphere, used for map generation. This scale matches the actual map
image scale only at some points or lines.)</p>
<p>Therefore, it is not possible to reliably measure real world distances
based on distance on map image. Instead, use the <apiname>TCoordinate::Distance()</apiname> method
to calculate distances between world coordinates and <apiname>CMnMapImage::GetWorldCoordinate()</apiname> to
find world coordinates corresponding to a given image point.</p>
</body>
</topic>
<topic id="topicGetBitmap">
<title> Obtaining bitmap of specified world area</title>
<body>
<p>The client application uses <apiname>CMnMapImage</apiname> to specify various
parameters of map image it wants to receive and to issue rendering request.
Rendering request is asynchronous and the client handles it itself or registers
a listener, which will be informed about request completion. The listener
must be derived from <apiname>MMnMapImageRenderCallback</apiname>.</p>
<p>The main steps of that use case are:<ol>
<li>Find Provider Application, which supports Map Image service, by using <apiname>MnProviderFinder::FindProvidersL()</apiname> from
Map and Navigation Provider Discovery API.</li>
<li>Create the <codeph>CMnMapImage</codeph> class with instance of <codeph>CMnProvider</codeph>,
selected on step 1.</li>
<li>Define map image parameters in <codeph>CMnMapImage::MapImageParams()</codeph>.
It is recommended to explicitly define all the parameters without relying
on default values.</li>
<li>Optionally, set options, which are desired to be shown on map via <codeph>SetShowOptions</codeph>.</li>
<li>Create a new instance of <codeph>CFbsBitmap</codeph>, size in pixels,
sufficient to fit the image of size defined in <apiname>TMnMapImageParams::SetSize()</apiname> (taken <apiname>CMnMapImage::SetTargetOrigin()</apiname
> into account as well). Or, reuse another instance, which meets these requirements.</li>
<li>Issue rendering request by one of <codeph>RenderL</codeph> overloads with
parameter selected on Step 5.</li>
<li>When the asynchronous request is successfully completed, the resulting
image is contained in the bitmap provided on Step 6.</li>
</ol></p>
<p>This sequence (with slight changes) is described on the diagram below.</p>
<fig>
<title>Obtaining bitmap image of an area</title>
<image href="images\Map_Image_API_Render_Sequence.png"></image></fig>
<p>Note the <codeph>callback</codeph> object, it is one of client's classes,
which implements the <apiname>MMnMapImageRenderCallback</apiname> interface.
This object is notified when the rendering process is finished. This API uses
an active object internally to realize that feature, and hence that callback
is called only when client's thread is idle (i.e. its Active Scheduler is
processing its active objects).</p>
<p>Alternatively, the client can define its own active object and use its <codeph>iStatus</codeph> member
variable as parameter to the <apiname>CMnMapImage::RenderL</apiname> method.</p>
<p>The following example shows how to code the sequence described below. For
simplicity, asynchronous rendering request is handled synchronously, though
it is not recommended in real applications: either a callback class should
be used, or client's own active object.</p>
<example><codeblock>#include &lt;fbs.h>
#include &lt;gdi.h>
#include &lt;mnmapimage.h>

CFbsBitmap* GetBitmapLC(
  TCoordinate&amp; aCenter,
  TSize&amp; aSize,
  TReal32 aVisibleArea, // in meters
  CMnProvider&amp; aProvider )
{
// Create target bitmap
CFbsBitmap* bitmap = new (ELeave) CFbsBitmap;
CleanupStack::PushL( bitmap );
User::LeaveIfError( bitmap->Create( aSize, EColor16M ) );

// Create renderer
CMnMapImage* image = CMnMapImage::NewL( aProvider );
CleanupStack::PushL( image );

// Define map image parameters
TMnMapImageParams params;
params.SetCenterPoint( aCenter );
params.SetSize( aSize );
params.SetVisibleArea( aVisibleArea, aVisibleArea );
params.SetDirection( 0 ); // directly towards North
params.SetImageType( TMnMapImageParams::ETypeSatelliteImage );

image->SetMapImageParams( params );

// Optional settings
image->SetShowOptions(
  CMnMapImage::EShowOptionPois | CMnMapImage::EShowOptionText );

// Now render!

TRequestStatus status;
image->RenderL( *bitmap, status );
User::WaitForRequest( status );
User::LeaveIfError( status.Int() );

// Cleanup and return
CleanupStack::PopAndDestroy( image );
return bitmap; // left in cleanup stack
}</codeblock></example>
</body>
</topic>
<topic id="topicConvert">
<title>Converting between image and world coordinates</title>
<body>
<p>The actual rendering engine of the provider application can utilize any
projection algorithms, which affect how world locations and areas are represented
by the map image. Also, as said before, the client cannot calculate distances
in the world, based on distances in the map image. To resolve such problems
there is a coordinate conversion functionality, which converts world coordinates
to map image offsets and vice versa.</p>
<p>In case the client application needs to draw something on top of map image,
it must know how world coordinates are mapped to pixels of image. <codeph>CMnMapImage</codeph> provides
the <codeph>GetImageCoordinate()</codeph> method to achieve that. It accepts
world coordinate in WGS-84 as parameter an returns offset in pixels from the
top left corner of the map image. (Note that this is <i>not</i> the top left
corner of the bitmap image if <codeph>CMnMapImage::TargetOrigin()</codeph> is
not <codeph>TPoint(0,0)</codeph>. ) </p>
<p>The given coordinate may even be outside of the area drawn on the map image,
in which case negative values in the result value will denote a point to the
left of the left border and/or above the top border of the image, and values
bigger than width or height denote a point to the right of the right image
border or below its bottom border. This can be used to estimate the relative
position of a location, which is not visible on the map image. However, such
estimation is not always possible, especially if that location is much far
away from the image area borders. This function returns <codeph>KErrUnknown</codeph> in
such cases.</p>
<p>If the client wants to identify a real world location, which corresponds
to a given pixel in the map image, it can do so by calling <codeph>CMnMapImage::GetWorldCoordinate()</codeph>.
The output is a WGS-84 coordinate. In this case it is required that the input
image coordinate fits to the image borders, otherwise <codeph>KErrArgument</codeph> is
returned.</p>
<p>It is also possible that a given image coordinate has no corresponding
coordinate, as in the case when a semisphere of the globe is drawn and image
corners contain no map data. In that case <codeph>KErrUnknown</codeph> is
returned.</p>
<p>These methods are not asynchronous as they do not require IPC communication
with server side of the provider application and are expected to be fast enough
so that the client can call them quite often without big performance penalty.</p>
<p>In practice, the client application uses these two methods after an image
has been rendered. Therefore, instead of a sequence diagram, only a code example
is given for this use case.</p>
<example><codeblock>void FindRealDiagonalLengthL(
  const CMnMapImage&amp; image, TReal32 aDiagonal )
{
// Find coordinate of left top corner
TCoordinate leftTop;
User::LeaveIfError(
  image.GetWorldCoordinate( TPoint( 0, 0 ), leftTop ) );

// Find coordinate of right bottom corner
TCoordinate rightBottom;
User::LeaveIfError(
  image.GetWorldCoordinate(
    image.MapImageParameters().Size().AsPoint(),
    rightBottom ) );

// Calculate distance
TReal32 distance;
User::LeaveIfError( rightBottom.Distance( leftTop, distance ) );
aDiagonal = distance;
}</codeblock></example>
<p>The usage of <apiname>CMnMapImage::GetImageCoordinate()</apiname> is very
similar and is not shown here.</p>
</body>
</topic>
<topic id="topicSecurity">
<title>Security</title>
<body>
<p>This API itself does not require any capabilities from the client (except
for the <codeph>Location</codeph> capability, when the current location option
is required to be drawn, see <apiname>CMnMapImage::SetShowOptions()</apiname>). </p>
<p>However, the client must be aware that, as was mentioned above, the API
utilizes provider applications for serving clients' requests. Provider applications
run in their own process and might require some capabilities. For example,
a provider application, which needs to access network in order to retrieve
map content, might require <codeph>NetworkServices</codeph> capability. If
the client does not have it, then the provider application refuses serving
the client's request (or select a workaround, e.g. remain in offline mode).
If the service is refused due to lack of capabilities, the error code is <codeph>KErrPermissionDenied</codeph>.</p>
</body>
</topic>
<topic id="topic3.2">
<title>Error handling</title>
<body>
<p></p>
<p>This API uses only standard Symbian OS error and leave codes. Panic codes
are defined in the <i>mnerrors.h</i> header file.</p>
<p><table>
<tgroup cols="2"><colspec colname="col1" colwidth="0.66*"/><colspec colname="col2"
colwidth="1.34*"/>
<tbody>
<row>
<entry><b>Panic code</b></entry>
<entry><b>Reason</b></entry>
</row>
<row>
<entry><codeph>KMnPanicDuplicateRequest</codeph></entry>
<entry>Raised if the client issues a new asynchronous request before the previous
one is completed or cancelled. For this API it happens if the client calls <apiname>CMnMapImage::RenderL</apiname> before
the previous request is completed or cancelled.</entry>
</row>
</tbody>
</tgroup>
</table></p>
</body>
</topic>
<topic id="topic3.3">
<title>Memory overhead</title>
<body>
<p></p>
<p>The biggest memory consumption, which can be caused by using this API is
determined by two factors:<ol>
<li>Rendering is implemented by the provider application, which is loaded,
when the <codeph>CMnMapImage</codeph> class is created and remains in memory
until it is destroyed. However, in client's heap only a small amount of memory
is allocated, to maintain the session with the renderer, while most of the
memory is allocated by the renderer itself from global memory.</li>
<li>Bitmap size. Again, the main amount of memory is allocated in the heap
of Font and Bitmap Server and not in the client's heap.</li>
</ol>Despite the fact that largest portions of memory are allocated not in
client's heap, the client still has to take responsibility of memory usage.
The following practices can help overall system performance a lot:<ul>
<li>Destroy CMnMapImage instances, when not needed. This will allow the provider
application to exit and free some memory for other applications. Note: starting
the provider application may take some time, so it is still not recommended
to construct and destroy this class too frequently.</li>
<li>Do not keep too many bitmap objects allocated. Usually, the application
needs only two: one for rendering purposes and another one for drawing on
the screen, whenever <codeph>CCoeControl::Draw()</codeph> is called.</li>
</ul></p>
</body>
</topic>
<topic id="topic3.4">
<title>Extensions to the API</title>
<body>
<p>This API does not allow extending.</p>
</body>
</topic>
<topic id="topicSeeAlso">
<title>See also</title>
<body>
<p>See also related APIs:<ul>
<li>Map and Navigation Provider Discovery API</li>
<li>Map and Navigation API</li>
<li>Map and Navigation AIW API</li>
<li>Geocoding API</li>
</ul></p>
</body>
</topic>
</topic>
<topic id="topic4">
<title>Glossary</title>
<body></body>
<topic id="topic4.1">
<title>Abbreviations</title>
<body>
<p></p>
<table frame="all">
<title></title>
<tgroup cols="2"><colspec colname="col1"/><colspec colname="col2"/>
<tbody>
<row>
<entry colsep="1">None</entry>
<entry></entry>
</row>
</tbody>
</tgroup>
</table>
</body>
</topic>
<topic id="topic4.2">
<title>Definitions</title>
<body>
<p></p>
<table frame="all">
<title></title>
<tgroup cols="2"><colspec colname="col1"/><colspec colname="col2"/>
<tbody>
<row>
<entry colsep="1" rowsep="1">None</entry>
<entry rowsep="1"></entry>
</row>
</tbody>
</tgroup>
</table>
</body>
</topic>
</topic>
<topic id="topic5">
<title>References</title>
<body>
<p></p>
<table>
<tgroup cols="2"><colspec colname="col1"/><colspec colname="col2"/>
<tbody>
<row>
<entry>None</entry>
<entry></entry>
</row>
</tbody>
</tgroup>
</table>
</body>
</topic>
</dita>
<?Pub *0000020970 0?>
