﻿<?xml version="1.0" encoding="utf-8"?>
<!--Arbortext, Inc., 1988-2004, v.4002-->
<!DOCTYPE dita PUBLIC "-//IBM//DTD DITA Composite//EN"
 "ditabase.dtd">
<?Pub UDT instructions _comment FontColor="red"?>
<?Pub UDT template _font?>
<dita xmlns:atict="http://www.arbortext.com/namespace/atict"><atict:info tracking="off"
ref="0"/><atict:user user="laleskin" fullname="Leskinen Lauri (EXT-Kudos-MSW/Helsinki)"/>
<atict:user user="petuomin" fullname="Tuominen Petteri (Nokia-TP-MSW/Helsinki)"/>
<topic id="mainTopic" otherprops="" product="documentTitle" rev="DN0667577">
<title>S60 Map and Navigation AIW API</title>
<prolog>
<copyright><copyryear year="2006"/><copyrholder>Nokia Corporation and/or its
subsidiaries<?Pub Caret?></copyrholder></copyright>
<metadata>
<category>Domain</category>
</metadata></prolog>
<body>
<table audience="S60 licensees" platform="3.2" rev="S603.2licensee">
<title>Changes in S60 3.2 Map and Navigation AIW API documentation</title>
<tgroup cols="4">
<?PubTbl tgroup rth="1.00pt"?>
<colspec colname="col1" colwidth="0.67*"/><colspec colname="col2" colwidth="0.67*"/>
<colspec colname="col3" colwidth="1.33*"/><colspec colname="col4" colwidth="1.33*"/>
<thead>
<row>
<entry>Version</entry>
<entry>Date</entry>
<entry>Status</entry>
<entry>Description</entry>
</row>
</thead>
<tbody>
<row>
<entry>1.0</entry>
<entry>12.09.2006</entry>
<entry>Approved</entry>
<entry></entry>
</row>
</tbody>
</tgroup>
</table>
<table audience="S60 SDK" platform="3.2" rev="S603.2SDK">
<title>Changes in S60 3.2 Map and Navigation AIW API </title>
<tgroup cols="2"><colspec colname="COLSPEC0" colwidth="0.33*"/><colspec colname="col1"
colwidth="1.67*"/>
<thead>
<row>
<entry>Version</entry>
<entry>Description</entry>
</row>
</thead>
<tbody>
<row>
<entry>1.0</entry>
<entry>First release</entry>
</row>
</tbody>
</tgroup>
</table>
</body>
</topic>
<topic id="topic1">
<title>Purpose</title>
<body>
<p>This API enables the client to access map and navigation features of the
provider application via AIW (Application Interworking). Following are the
most important use cases: showing map (optionally with landmarks), selecting
a location from map, engaging navigation, fetching address by coordinates
and coordinates for address information.</p>
</body>
<topic id="topic1.1">
<title>S60 or Symbian OS exceptions</title>
<body>
<p>This API is available on S60 release 3.2 and later.</p>
</body>
</topic>
</topic>
<topic id="topic2">
<title>API Description</title>
<body>
<p></p>
<p>This API is intended for end-user applications, which possess any location-related
information and wish to use it with map and navigation features. This is an
AIW extension API. </p>
<p>This API does not implement these features itself but instead serves as
a gateway between client applications and provider applications, which actually
implement map views, navigation and geocoding. Provider applications are application
servers and perform in their own processes and utilize their own views. Client
applications only request certain services via this API and they are executed
in a separate application.</p>
<p>As an AIW extension API, this API allows application access map and navigation
features, same as provided by Map and Navigation API and Geocoding API, without
statically linking to corresponding libraries. Client applications only needs
to link against AIW FW libraries (<i>servicehandler.lib</i>) and Landmarks
API libraries in order to utilize data types defined by that API and used
in protocol defined by this API (Map and Navigation AIW API).</p>
</body>
<topic id="topic2.1">
<title>Use cases</title>
<body>
<p>The main use cases provided by the API are the following:</p>
<ul>
<li>Show map</li>
<li>Select a location from map</li>
<li>Start navigation</li>
<li>Resolve street address by coordinates</li>
<li>Resolve coordinates by street address</li>
</ul>
</body>
</topic>
<topic id="topic2.2">
<title>API class structure</title>
<body>
<p>This API does not provide any methods a client could call. Instead it defines
a communication protocol, with which a client can invoke map and navigation
services, provided by external applications (Provider Applications) via AIW
Service Handler API. AIW Criteria API defines map and navigation AIW commands
(in <i>aiwcommon.hrh</i>) and AIW Generic Parameter API defines parameter
types (in <i>aiwgenericparam.hrh</i>). Following AIW commands for map and
navigation services are defined by AIW Criteria API :<ul>
<li><codeph>KAiwCmdMnShowMap</codeph> - shows map view</li>
<li><codeph>KAiwCmdMnNavigateTo</codeph> - starts navigation</li>
<li><codeph>KAiwCmdMnSelectFromMap</codeph> - starts location selection (from
map) request for user</li>
<li><codeph>KAiwCmdMnAddrByCoord</codeph> - resolves street address for a
given coordinate</li>
<li><codeph>KAiwCmdMnCoordByAddr</codeph> - resolves coordinate for a given
street address</li>
</ul>This API defines several data structures, which are used as AIW parameters:<ul>
<li><codeph>TMnAiwCommonOptionsParam</codeph> - common options for all services</li>
<li><codeph>TMnAiwMapViewOptionsParam</codeph> - options for map view service</li>
<li><codeph>TMnAiwGeocodingOptionsParam</codeph> - options for geocoding service</li>
</ul></p>
<fig>
<title>Map and Navigation AIW API Class Structure</title>
<image href="images\MapNavAIW_API_Class_Structure.PNG"></image></fig>
<p>This API uses landmark objects as location-related data container. The <apiname>CPosLandmark</apiname> class
from Landmarks API defines runtime landmark object data type. The client has
to convert it to a plain buffer for transmission to provider applications
by using the <apiname>PosLandmarkSerialization</apiname> class. The same class
allows the client to reconstruct the <apiname>CPosLandmark</apiname> class
from the buffer sent back from the provider application as a result of a requested
operation. The following chapters contain more details on this.</p>
</body>
</topic>
</topic>
<topic id="topic3">
<title>Using the Map and Navigation AIW API</title>
<body>
<p>The client uses this API via AIW FW, AIW Service Handler API. That API
provides methods to invoke specific map view, navigation and geocoding services.
AIW FW allows services to be invoked directly by service command ID, or as
a menu command. This API supports both types of invocation.</p>
<p>The client shall use <codeph>CAiwServiceHandler</codeph> methods to issue
commands. See <codeph>ExecuteServiceCmdL</codeph> and <codeph>ExecuteMenuCmdL</codeph> methods
for details. Some services are asynchronous, they require the <codeph>MAiwNotifyCallback</codeph> parameter.
If it is NULL, then Execute methods leave with <codeph>KErrArgument</codeph>.</p>
<p>At the initialization phase (<codeph>InitializeMenuPaneL</codeph> and <codeph>InitialiseL</codeph>)
any input and output parameters are ignored.</p>
<p>Parameters, which are defined as structures and with Semantic Id <codeph>EVariantTypeDesC8</codeph>,
can be passed as <codeph>TPckg</codeph> or <codeph>TPtr8</codeph>.</p>
<p>Result of asynchronous operations is reported by <codeph>KAiwEventCompleted</codeph> event
via <codeph>MAiwNotifyCallback</codeph>.</p>
<p>Wherever an address or coordinates are needed from a passed landmark, and
they are missing, the result is <codeph>KErrArgument</codeph>.</p>
<p>Service command parameters may be:</p>
<ul>
<li>Optional - this parameter may or may not be specified. If omitted, then
default values are used.</li>
<li> Mandatory - this parameter must be specified, otherwise service command
leaves with <codeph>KErrArgument</codeph>.</li>
</ul>
<p> They also may be: </p>
<ul>
<li>Multiple - can be specified multiple times in <codeph>CAiwGenericParamList</codeph></li>
<li>Single - only single parameter of that type is expected in <codeph>CAiwGenericParamList</codeph>.
If specified more than once, then only the first occurrence is used and any
other ones are ignored</li>
</ul>
<p>The order of parameters is not defined if not specified otherwise.</p>
<p>This API relies on functionality provided by external applications, Provider
Applications, which are executed in a separate process from the client. The
client can specify in which mode those applications should be executed for
each issued command.</p>
<p>There are two execution modes available: standalone (the user can switch
between the client application and the provider application), and "chained"
(when provider application's main window group is made child of client's window
group thus hiding the client application from the user and making it impossible
to switch back until the provider application is closed). The client specifies
the required mode using the <apiname>TMnAiwCommonOptionsParam</apiname> parameter.
For each command the client invokes, a provider application is selected (by
asking the user if many are found for this particular command), started, command
executed and provider application disconnected. This means that issuing two
commands (same or different) creates two different instances of the provider
application.</p>
<p>The client application shall create AIW criteria for MIME datatype "application/x-landmark"
to register AIW interest for map and navigation services. All service commands
are independent and only a single menu item is created for a single service
ID. Not all provider applications support all service commands. If the command
is not supported by any provider application, then no menu item is available
for this command and the result of direct command execution is <codeph>KErrNotSupported</codeph>.
 </p>
<p>The next chapters contain a detailed description of available commands
and their parameters.</p>
</body>
<topic id="topicShowMap">
<title>Show map</title>
<body>
<p>This is a basic AIW command related to landmarks. The client can request
that the map should be displayed on screen and supply a set of landmarks to
be shown on the map; specify the desired map area and whether the current
location is to be drawn. Without any parameters, the last shown map is shown.
See more details in the <xref format="html" href="#topicParams">Parameters</xref> section.</p>
<p><b>Command ID:</b></p>
<p><codeph>KAiwCmdMnShowMap</codeph></p>
<p><b>Input parameters:</b></p>
<table>
<tgroup cols="3">
<thead>
<row>
<entry>Parameter semantic id</entry>
<entry>Occurrence</entry>
<entry>Description</entry>
</row>
</thead>
<tbody>
<row>
<entry><codeph>EGenericParamLandmark</codeph> </entry>
<entry>Optional, Multiple</entry>
<entry>Landmarks to be shown on map.</entry>
</row>
<row>
<entry><codeph>EGenericParamLandmarkDatabase</codeph> <b>followed by one or
more</b> <?Pub _newline?><codeph>EGenericParamLandmarkId</codeph> <?Pub _newline?><b>or</b> <?Pub _newline?><codeph>EGenericParamLandmarkIdList</codeph
></entry>
<entry>Optional, Multiple</entry>
<entry>Linked landmarks to be shown on map.</entry>
</row>
<row>
<entry><codeph>EGenericParamMnMapViewOptions</codeph></entry>
<entry>Optional, Single</entry>
<entry>Various additional parameters, with detail on how the map should be
shown.</entry>
</row>
<row>
<entry><codeph>EGenericParamMnCommonOptions</codeph></entry>
<entry>Optional, Single</entry>
<entry>Common options.</entry>
</row>
</tbody>
</tgroup>
</table>
<p>An area covering all specified landmarks is visible on the screen, unless
the area radius is also specified in options parameter.</p>
<p><b>Output parameters:</b></p>
<p>None</p>
</body>
<topic id="topicShowMapArea">
<title>Show map of an area</title>
<body>
<p>The simplest case is showing the map of some area. The area is defined
by central point and radius. The central point is the coordinate of the location
on the globe and radius (in meters) defines what minimal area around this
location must be visible in the map view. These and other options are specified
by the client as the input parameter <codeph>EGenericParamMnMapViewOptions</codeph> in
the <apiname>TMnAiwMapViewCommonOptions</apiname> structure. The options have
the same meaning as defined in <apiname>CMnMapView</apiname> from Map and
Navigation API.</p>
<p><codeblock>void CClientClass::ShowSimpleMapL( const TCoordinate&amp; aCenter, TReal aRadius )
{
CAiwGenericParamList* inList = CAiwGenericParamList::NewL();
CleanupStack::PushL( inList );
CAiwGenericParamList* outList = CAiwGenericParamList::NewL();
CleanupStack::PushL( outList );

TMnAiwMapViewCommonOptions mapOptions;
mapOptions.iCenterPoint = aCenter;
mapOptions.iRadius = aRadius;
// to see current location mark, if visible in this area
mapOptions.iCurrentLocationOption = CMnMapView::ECurrentLocationEnabled;

TPckg&lt;TMnAiwMapViewCommonOptions> mapOptionsPack( mapOptions );
TAiwGenericParam mapOptParam( EGenericParamMnMapViewOptions, TAiwVariant( mapOptionsPack ) );
inList->AppendL( mapOptParam );

// to run provider application chained
TMnAiwCommonOptionsParam options;
options.iRunChained = ETrue;

TPckg&lt;TMnAiwCommonOptionsParam> optionsPack( options );
TAiwGenericParam optParam( EGenericParamMnCommonOptions, TAiwVariant( optionsPack ) );
inList->AppendL( optParam );

// Execute command
// (assuming iAiwServiceHandler is initialized member variable of type CAiwServiceHandler* )
iAiwServiceHandler->ExecuteServiceCmdL( KAiwCmdMnShowMap, *inList, *outList, 0, NULL );

// out list is ignored
CleanupStack::PopAndDestroy( outList );
CleanupStack::PopAndDestroy( inList );
}</codeblock></p>
</body>
</topic>
<topic id="topic3.1.2">
<title>Show landmarks on map</title>
<body>
<p>This case is very similar to showing the map of an area. Here the client
additionally specifies what landmarks should be shown on the map.</p>
<p>There are several ways of how the client can deliver data of landmarks,
which are to be shown:</p>
<ul>
<li>"Linked landmarks" - the client specifies a list or array of IDs of landmarks
and URI of the landmark database, where those landmarks exist. Landmarks IDs
should be preceded by database URI. This is the most efficient way in terms
of memory consumption and is recommended to use whenever applicable. </li>
<li>Packed landmarks - the client specifies an array of instances of the <apiname>CPosLandmark</apiname> class,
packed with <apiname>PosLandmarkSerialization</apiname>. Use it for landmarks,
which are not stored in the landmark database. Note that due to the fact that
database information is not available for the provider application, the category
data from these landmarks cannot be used in the map view. As the packed landmark
is essentially a copy of all landmark data, it is recommended to avoid this
approach whenever possible, because it is very memory-hungry.</li>
</ul>
<p>Any mix of landmark parameters can be used, but it is necessary that the
list of landmark IDs (whether specified as a single array or as separate parameters)
is immediately preceded by a database URI parameter of the database these
landmarks belong to.</p>
<p>If the map area is specified by the client, this area is visible in the
map view, otherwise the provider application automatically selects the area,
which covers all specified landmarks.</p>
<p>Here are some examples of how a client can specify what landmarks should
be shown on the map view, before the command is invoked.</p>
<codeblock>// This method adds linked landmarks to the parameter list, 
// i.e. those residing in a database
void CClientClass::AddLinkedLandmarksToParamListL(
    const TDesC&amp; aDatabaseUri, 
    RArray&lt;TPosLmItemId>&amp; aItemIds,
    CAiwGenericParamList&amp; aParamList )
{
// first, add database URI
TAiwGenericParam param( EGenericParamLandmarkDatabase, TAiwVariant( aDatabaseUri ) );
aParamList.AppendL( param );

// then add landmark IDs, which belong to this database
for ( TInt i = 0; i &lt; aItemIds.Count(); i++ )
    {
    TAiwGenericParam param( EGenericParamLandmarkId, TAiwVariant( aItemIds[i] ) );
    aParamList.AppendL( param );
    }
}
</codeblock>
<codeblock>// This method adds landmarks, which are not in any database yet
void CClientClass::AddLandmarkToParamListL( 
    const CPosLandmark&amp; aLandmark,
    CAiwGenericParamList&amp; aParamList )
{
// pack landmark to a buffer
HBufC8* lmBuf = PosLandmarkSerialization::PackL( aLandmark );
CleanupStack::PushL( lmBuf );

// create parameter and add it to the parameter list
TAiwGenericParam param( EGenericParamLandmark, TAiwVariant( *lmBuf ) );
aParamList.AppendL( param );

CleanupStack::PopAndDestroy( lmBuf );
}
</codeblock>
</body>
</topic>
</topic>
<topic id="topicSelectFromMap">
<title>Select from map</title>
<body>
<p>This command allows the client to request that the user shall select a
location from map. A map view with request text (e.g. "Select From Map") is
shown to the user.</p>
<p>All options are applicable in the same way as they are for the <xref format="html"
href="#topicShowMap">Show Map</xref> command, but two additional settings
exist for this case:<ul>
<li>Restricted selection - specifies that the user cannot select any location
from the map but must be restricted to select one of landmarks specified by
the client (or refuse selection). Set <apiname>CMnMapView::EOptionRestrictSelection</apiname> to <apiname>TMnAiwMapViewOptionsParam::iOptions</apiname
> and add it to the input parameter list.</li>
<li>Request text - the client specifies that the user can see specific request
text, such as "Select destination", when asked to select a location. If not
set, the default localized text is shown. Add the <codeph>EGenericParamRequestText</codeph> parameter
to the input parameter list to override default text.</li>
</ul>This is an asynchronous request. Completion is reported via <codeph>MAiwNotifyCallback</codeph> by <codeph>KAiwEventCompleted</codeph>.
It is not possible to cancel the request explicitly, but it is automatically
cancelled if the instance of <codeph>CAiwServiceHandler</codeph>, which was
used to issue the request, is destroyed.</p>
<p>The selection result is returned in the form of a landmark ID and database
URI (if one of linked landmarks has been selected) or as landmark instance
(if any other location has been selected by the user). The user can select
only one location and only one landmark is returned as result.</p>
<p><b>Command ID:</b></p>
<p><codeph>KAiwCmdMnSelectFromMap</codeph></p>
<p><b>Input parameters:</b></p>
<table>
<tgroup cols="3">
<thead>
<row>
<entry>Parameter semantic id</entry>
<entry>Occurrence</entry>
<entry>Description</entry>
</row>
</thead>
<tbody>
<row>
<entry><codeph>EGenericParamLandmark</codeph></entry>
<entry>Optional, Multiple</entry>
<entry>Landmarks to be shown on map.</entry>
</row>
<row>
<?PubTbl row rht="2.15in"?>
<entry><codeph>EGenericParamLandmarkDatabase</codeph> <b>followed by one or
more</b> <?Pub _newline?><codeph>EGenericParamLandmarkId</codeph> <?Pub _newline?><b>or</b> <?Pub _newline?><codeph>EGenericParamLandmarkIdList</codeph
></entry>
<entry>Optional, Multiple</entry>
<entry>Linked landmarks to be shown on map.</entry>
</row>
<row>
<entry><codeph>EGenericParamMnMapViewOptions</codeph></entry>
<entry>Optional, Single</entry>
<entry>Various additional parameters, with detail on how the map should be
shown.</entry>
</row>
<row>
<entry><codeph>EGenericParamMnCommonOptions</codeph></entry>
<entry>Optional, Single</entry>
<entry>Common options.</entry>
</row>
<row>
<entry><codeph>EGenericParamRequestText</codeph> </entry>
<entry>Optional, Single</entry>
<entry>Custom request text for selection query. If missing or empty, then
default text is used.</entry>
</row>
</tbody>
</tgroup>
</table>
<p>An area covering all specified landmarks is visible on screen, unless the
area radius is also specified in options.</p>
<p><b>Output parameters:</b></p>
<table>
<tgroup cols="3">
<thead>
<row>
<entry>Parameter semantic id</entry>
<entry>Occurrence</entry>
<entry>Description</entry>
</row>
</thead>
<tbody>
<row>
<entry><codeph>EGenericParamLandmark</codeph></entry>
<entry>Optional, Single</entry>
<entry>This is returned if one of given non-linked landmarks or a free location
is selected.</entry>
</row>
<row>
<entry><codeph>EGenericParamLandmarkDatabase</codeph> <?Pub _newline?><b>followed
by</b> <?Pub _newline?><codeph>EGenericParamLandmarkId</codeph></entry>
<entry>Optional, Single</entry>
<entry>These two parameters are returned if the selected landmark belongs
to a database. This is always one of the landmarks specified for input. </entry>
</row>
</tbody>
</tgroup>
</table>
<p> </p>
<p>The client can override default request text, before the command is invoked,
as follows:<codeblock>_LIT( KRequestText, "Select some location" );
TAiwGenericParam param( EGenericParamRequestText, TAiwVariant( KRequestText ) );
aParamList.AppendL( param );
</codeblock></p>
<p>The client application inherits from <codeph>MAiwNotifyCallback</codeph> and
overrides <codeph>HandleNotifyL</codeph> in order to retrieve the result of
this asynchronous request.<codeblock>TInt CClientClass::HandleNotifyL(
    TInt /*aCmdId*/, TInt /*aEventId*/,
    CAiwGenericParamList&amp; aEventParamList,
    const CAiwGenericParamList&amp; /*aInParamList*/)
{
if ( aEventParamList.Count() &amp;&amp; aEventParamList[0].SemanticId() == EGenericParamError )
    {
    // request failed, retrieve error code
    TInt error = aEventParamList[0].Value().AsTInt32();
    }
else if ( iOutList->Count() )
    {
    const TAiwGenericParam&amp; param1 = (*iOutList)[0];
    if ( EGenericParamLandmark == param1.SemanticId() )
        {
        TPtrC8 landmarkData( param1.Value().AsData() );
        CPosLandmark* landmark = PosLandmarkSerialization::UnpackL( landmarkData );
        ...
        delete landmark;
        }
    else if ( EGenericParamLandmarkDatabase == param1.SemanticId() &amp;&amp; 
              iOutList->Count() > 1 )
        {
        // EGenericParamLandmarkDatabase is defined as EVariantTypeDesC 
        TPtrC dbUri( param1.Value().AsDes() );

        // next param must be EGenericParamLandmarkId
        const TAiwGenericParam&amp; param2 = (*iOutList)[1];
        if ( EGenericParamLandmarkId == param2.SemanticId() )
            {
            // EGenericParamLandmarkId is defined as EVariantTypeTInt32
            TPosLmItemId landmarkId = param2.Value().AsTInt32();
            }
        }
    else
        {
        // unknown parameter, ignore
        }
    }
else
    {
    // unexpected event, ignore
    }
return KErrNone;
}
    </codeblock></p>
</body>
</topic>
<topic id="topicNavigate">
<title>Start navigation</title>
<body>
<p>Allows to start navigation to a desired destination. The starting point
is the current location and the destination is described by a landmark, which
must contain either coordinates or address information. The provider application
may implement navigation in different ways, not specified by this API (for
example, it can be voice-guided navigation or just displaying route on map
or as a list of turns, etc.). It is not possible to control navigation from
the client side, only the user controls it by means of UI elements provided
by the navigation application. This command is completed as soon as the navigation
is started in the provider application. There is no notification when the
user reaches the destination.</p>
<p><b>Command ID:</b></p>
<p><codeph>KAiwCmdMnNavigateTo</codeph></p>
<p><b>Input parameters:</b></p>
<table>
<tgroup cols="3">
<thead>
<row>
<entry>Parameter semantic id</entry>
<entry>Occurrence</entry>
<entry>Description</entry>
</row>
</thead>
<tbody>
<row>
<entry><codeph>EGenericParamLandmark</codeph> </entry>
<entry>Mandatory, Single</entry>
<entry>A landmark, which defines the destination point of navigation.</entry>
</row>
<row>
<entry><codeph>EGenericParamMnCommonOptions</codeph></entry>
<entry>Optional, Single</entry>
<entry>Common options.</entry>
</row>
</tbody>
</tgroup>
</table>
<p><b>Output parameters:</b></p>
<p>None.</p>
<p>The client invokes this command in the same way as shown in the code example
in the <xref format="html" href="#topicShowMapArea">Show map of an area</xref> section.</p>
</body>
</topic>
<topic id="topicCoordByAddr">
<title>Resolve coordinates by address</title>
<body>
<p>Starts the geocoding request: finding coordinate by a given address. The
address is specified as landmark, whose address information fields are used
as address. The result container is specified as a landmark, whose coordinates
are set as the result of conversion. The address can alternatively be specified
as plain string.</p>
<p>This is an asynchronous request. Completion is reported via <codeph>MAiwNotifyCallback</codeph> by <codeph>KAiwEventCompleted</codeph>.
It is not possible to cancel the request explicitly, but it is automatically
cancelled if the instance of <codeph>CAiwServiceHandler</codeph>, which was
used to issue the request, is destroyed.</p>
<p><b>Command ID:</b></p>
<p><codeph>KAiwCmdMnCoordByAddr</codeph></p>
<p><b>Input parameters:</b></p>
<table>
<tgroup cols="3">
<thead>
<row>
<entry>Parameter semantic id</entry>
<entry>Occurrence</entry>
<entry>Description</entry>
</row>
</thead>
<tbody>
<row>
<entry><codeph>EGenericParamLandmark</codeph> <?Pub _newline?><b>or</b> <?Pub _newline?>Plain
string </entry>
<entry>Mandatory, Single</entry>
<entry>A landmark or a string, which defines the address. In the latter case
Variant Type of the <codeph>TAiwVariant</codeph> parameter must be set as <codeph>EVariantTypeDesC</codeph> and
Semantic ID is <codeph>EGenericParamUnspecified</codeph>. </entry>
</row>
<row>
<entry><codeph>EGenericParamMnGeocodingOptions</codeph></entry>
<entry>Optional, Single</entry>
<entry>Defines additional parameters of geocoding operation.</entry>
</row>
<row>
<entry><codeph>EGenericParamMnCommonOptions</codeph></entry>
<entry>Optional, Single</entry>
<entry>Common options.</entry>
</row>
</tbody>
</tgroup>
</table>
<p><b>Output parameters:</b></p>
<table>
<tgroup cols="3">
<thead>
<row>
<entry>Parameter semantic id</entry>
<entry>Occurrence</entry>
<entry>Description</entry>
</row>
</thead>
<tbody>
<row>
<entry><codeph>EGenericParamLandmark</codeph> </entry>
<entry>Single</entry>
<entry>A landmark, containing conversion result.</entry>
</row>
</tbody>
</tgroup>
</table>
<p>The client invokes this command and retrieves the result in the same way
as shown in the code example in the <xref format="html" href="#topicSelectFromMap">Select
From Map</xref> section.</p>
</body>
</topic>
<topic id="topicAddrByCoord">
<title>Resolve address by coordinates</title>
<body>
<p>Starts the reverse geocoding request: finding address for a given coordinate.
The coordinate is specified as a landmark, whose coordinate is used as input.
The result container is specified as a landmark, whose address information
fields is set as the result of the conversion.</p>
<p>This is an asynchronous request. Completion is reported via <codeph>MAiwNotifyCallback</codeph> by <codeph>KAiwEventCompleted</codeph>.
It is not possible to cancel the request explicitly, but it is automatically
cancelled if the instance of <codeph>CAiwServiceHandler</codeph>, which was
used to issue the request, is destroyed.</p>
<p><b>Command ID:</b></p>
<p><codeph>KAiwCmdMnAddrByCoord</codeph></p>
<p><b>Input parameters:</b></p>
<table>
<tgroup cols="3">
<thead>
<row>
<?PubTbl row rht="0.35in"?>
<entry>Parameter semantic id</entry>
<entry>Occurrence</entry>
<entry>Description</entry>
</row>
</thead>
<tbody>
<row>
<entry><codeph>EGenericParamLandmark</codeph> </entry>
<entry>Mandatory, Single</entry>
<entry>A landmark, which defines the coordinate.</entry>
</row>
<row>
<entry><codeph>EGenericParamMnGeocodingOptions</codeph></entry>
<entry>Optional, Single</entry>
<entry>Defines additional parameters of geocoding operation.</entry>
</row>
<row>
<entry><codeph>EGenericParamMnCommonOptions</codeph></entry>
<entry>Optional, Single</entry>
<entry>Common options.</entry>
</row>
</tbody>
</tgroup>
</table>
<p><b>Output parameters:</b></p>
<table>
<tgroup cols="3">
<thead>
<row>
<entry>Parameter semantic id</entry>
<entry>Occurrence</entry>
<entry>Description</entry>
</row>
</thead>
<tbody>
<row>
<entry><codeph>EGenericParamLandmark</codeph> </entry>
<entry>Single</entry>
<entry>A landmark, containing conversion result.</entry>
</row>
</tbody>
</tgroup>
</table>
<p>The client invokes this command and retrieves the result in the same way
as shown in the code example in the <xref format="html" href="#topicSelectFromMap">Select
From Map</xref> section.</p>
</body>
</topic>
<topic id="topicParams">
<title>Parameters</title>
<body>
<p>This section describes parameters used for Map and Navigation AIW services.
For every parameter its semantics and datatype are shown.</p>
<table>
<tgroup cols="4">
<thead>
<row>
<entry valign="top">Meaning</entry>
<entry valign="top">Semantic ID</entry>
<entry valign="top">Type ID</entry>
<entry valign="top">Description</entry>
</row>
</thead>
<tbody>
<row>
<entry>Landmark </entry>
<entry>EGenericParamLandmark</entry>
<entry>EVariantTypeDesC8</entry>
<entry>Used to send a landmark instance to provider. The landmark is sent
as a buffer, which contains landmark data and considered as not linked to
any database. Thus its category information is unavailable for the provider
application. Landmark can be packed into buffer using <apiname>PosLandmarkSerialization::PackL</apiname> from
Landmarks API. Landmark can be unpacked from buffer using <apiname>PosLandmarkSerialization::UnpackL</apiname> from
Landmarks API.</entry>
</row>
<row>
<entry>Landmark Database</entry>
<entry>EGenericParamLandmarkDatabase</entry>
<entry>EVariantTypeDesC</entry>
<entry>In case the consumer wants to send a linked landmark, the database
URI (as defined in Landmarks API, see <apiname>CPosLandmarkDatabase::OpenL(const
TDesC&amp; aDatabaseUri)</apiname><codeph>)</codeph> shall be supplied by
this parameter. It must be followed by the series of <codeph>EGenericParamLandmarkId</codeph> or <codeph>EGenericParamLandmarkIdList</codeph>.
All landmark IDs found in the following parameter are considered from the
database, specified in this parameter. Any landmark IDs not preceded with
database URI are ignored.</entry>
</row>
<row>
<entry>Landmark ID </entry>
<entry>EGenericParamLandmarkId</entry>
<entry>EVariantTypeTInt32</entry>
<entry>In case the user wants to send a linked landmark, the landmark ID shall
be supplied by this parameter. Its content is a single <codeph>TPosLmItemId</codeph> (defined
in Landmarks API).</entry>
</row>
<row>
<entry>Landmark ID List </entry>
<entry>EGenericParamLandmarkIdList</entry>
<entry>EVariantTypeDesC8</entry>
<entry>In order to improve the performance in case the user wants to send
a set of linked landmarks, landmark IDs shall be supplied by this parameter.
Its content is a list of <codeph>TPosLmItemId</codeph> items (defined in Landmarks
API) packed into flat buffer (see <codeph>CBufFlat</codeph>). </entry>
</row>
<row>
<entry>Common options parameter</entry>
<entry>EGenericParamMnCommonOptions</entry>
<entry>EVariantTypeDesC8</entry>
<entry>Common options for all Map and Navigation AIW commands. The content
is a pointer descriptor of the structure <apiname>TMnAiwCommonOptionsParam</apiname>. </entry>
</row>
<row>
<entry>Map View command options </entry>
<entry>EGenericParamMnMapViewOptions</entry>
<entry>EVariantTypeDesC8</entry>
<entry>Options for services launching map views. The content is a pointer
descriptor of the structure <apiname>TMnAiwMapViewOptionsParam</apiname>. </entry>
</row>
<row>
<entry>Geocoding common options </entry>
<entry>EGenericParamMnGeocodingOptions</entry>
<entry>EVariantTypeDesC8</entry>
<entry>Common options for geocoding services. The content is a pointer descriptor
of the structure <apiname>TMnAiwGeocodingOptionsParam</apiname>. </entry>
</row>
<row>
<entry>Request text </entry>
<entry>EGenericParamRequestText<p></p></entry>
<entry>EVariantTypeDesC</entry>
<entry>Specifies the custom request text for commands, where the request to
the user is shown. (E.g. the <xref format="html" href="#topicSelectFromMap">Select
From Map</xref> command) </entry>
</row>
</tbody>
</tgroup>
</table>
</body>
</topic>
<topic id="topic3.4">
<title>Error handling</title>
<body>
<p>The client is informed about command execution failure in two different
ways, depending on the command nature. For synchronous commands, <codeph>CAiwServiceHandler::ExecuteServiceCmdL</codeph> or <codeph>CAiwServiceHandler::ExecuteMenuCmdL</codeph
> leave in error case. For asynchronous operations, errors are reported as
the first parameter in the event parameter list argument of <codeph>MAiwNotifyCallback::HandleNotifyL</codeph> as
shown in the code example in Section <xref format="html" href="#topicSelectFromMap">Select
From Map</xref>. </p>
<p>Error codes are standard Symbian OS error codes defined in <i>e32err.h</i>.</p>
</body>
</topic>
<topic id="topic3.5">
<title>Memory overhead</title>
<body>
<p>The memory usage of this API does not exceed usual overhead related to
object creation.</p>
</body>
</topic>
<topic id="topic3.6">
<title>Extensions to the API</title>
<body>
<p>This API does not allow extending.</p>
</body>
</topic>
<topic id="topicSeeAlso">
<title>See also</title>
<body>
<p>See also related APIs:<ul>
<li>Map and Navigation Provider Discovery API</li>
<li>Geocoding API</li>
<li>Map and Navigation AIW API</li>
<li>Landmarks API</li>
<li>Location Acquisition API</li>
</ul></p>
</body>
</topic>
</topic>
<topic id="topic4">
<title>Glossary</title>
<body></body>
<topic id="topic4.1">
<title>Abbreviations</title>
<body>
<p></p>
<table frame="all">
<title>Abbreviations</title>
<tgroup cols="2"><colspec colname="col1"/><colspec colname="col2"/>
<tbody>
<row>
<entry>AIW</entry>
<entry>Application Interworking</entry>
</row>
<row>
<entry>FW</entry>
<entry>Framework</entry>
</row>
</tbody>
</tgroup>
</table>
</body>
</topic>
<topic id="topic4.2">
<title>Definitions</title>
<body>
<p></p>
<table frame="all">
<title>Definitions</title>
<tgroup cols="2"><colspec colname="col1"/><colspec colname="col2"/>
<tbody>
<row>
<entry colsep="1" rowsep="1"><p>Landmark</p></entry>
<entry rowsep="1"><p>A landmark is principally a location with a name.</p></entry>
</row>
<row>
<entry>Provider application</entry>
<entry>An application, which implements map, navigation and geocoding services
and provides access to this features for clients of Map and Navigation API
and Geocoding API.</entry>
</row>
</tbody>
</tgroup>
</table>
</body>
</topic>
</topic>
<topic id="topic">
<title>References</title>
<body>
<p></p>
<table>
<tgroup cols="2"><colspec colname="col1"/><colspec colname="col2"/>
<tbody>
<row>
<entry><p>None</p></entry>
<entry></entry>
</row>
</tbody>
</tgroup>
</table>
</body>
</topic>
</dita>
<?Pub *0000034681 0?>
