﻿<?xml version="1.0" encoding="utf-8"?>
<!--Arbortext, Inc., 1988-2004, v.4002-->
<!DOCTYPE dita PUBLIC "-//IBM//DTD DITA Composite//EN"
 "ditabase.dtd">
<?Pub UDT instructions _comment FontColor="red"?>
<?Pub UDT template _font?>
<?Pub Inc?>
<dita xmlns:atict="http://www.arbortext.com/namespace/atict"><atict:info tracking="off"
ref="0"/><atict:user user="laleskin" fullname="Leskinen Lauri (EXT-Kudos-MSW/Helsinki)"/>
<atict:user user="petuomin" fullname="Tuominen Petteri (Nokia-TP-MSW/Helsinki)"/>
<topic id="mainTopic" otherprops="" product="documentTitle" rev="DN0667838">
<title>S60 Map and Navigation API</title>
<prolog>
<copyright><copyryear year="2006"/><copyrholder>Nokia Corporation and/or its
subsidiaries<?Pub Caret?></copyrholder></copyright>
<metadata>
<category>Domain</category>
</metadata></prolog>
<body>
<table audience="S60 licensees" platform="3.2" rev="S603.2licensee">
<title>Changes in S60 3.2 Map and Navigation API documentation</title>
<tgroup cols="4">
<?PubTbl tgroup rth="1.00pt"?>
<colspec colname="col1" colwidth="0.67*"/><colspec colname="col2" colwidth="0.67*"/>
<colspec colname="col3" colwidth="1.33*"/><colspec colname="col4" colwidth="1.33*"/>
<thead>
<row>
<entry>Version</entry>
<entry>Date</entry>
<entry>Status</entry>
<entry>Description</entry>
</row>
</thead>
<tbody>
<row>
<entry>1.0</entry>
<entry>16.10.2006</entry>
<entry>Approved</entry>
<entry></entry>
</row>
</tbody>
</tgroup>
</table>
<table audience="S60 SDK" platform="3.2" rev="S603.2SDK">
<title>Changes in S60 3.2 Map and Navigation API </title>
<tgroup cols="2"><colspec colname="COLSPEC0" colwidth="0.33*"/><colspec colname="col1"
colwidth="1.67*"/>
<thead>
<row>
<entry>Version</entry>
<entry>Description</entry>
</row>
</thead>
<tbody>
<row>
<entry>1.0</entry>
<entry>First release</entry>
</row>
</tbody>
</tgroup>
</table>
</body>
</topic>
<topic id="topic1">
<title>Purpose</title>
<body>
<p>This API enables client to access map and navigation features of the provider
application. Following are the most important use cases: showing map (optionally
with landmarks), selecting a location from map, engaging navigation.</p>
</body>
<topic id="topic1.1">
<title>S60 or Symbian OS exceptions</title>
<body>
<p>This API is available from S60 release 3.2 onwards.</p>
</body>
</topic>
</topic>
<topic id="topic2">
<title>API Description</title>
<body>
<p>This API is intended for end-user applications, which possess any location-related
information and wish to use it with map and/or navigation features. This is
Client-Server type of Library API. </p>
<p>This API does not implement these features itself but instead serves as
a gateway between client applications and provider applications, which actually
implement map views and navigation. Provider applications are application
servers and perform in their own processes and utilize their own views. Client
applications only request certain services via this API and these are executed
in a separate application.</p>
</body>
<topic id="topic2.1">
<title>Use cases</title>
<body>
<p>The main use cases provided by the API are following:</p>
<ul>
<li>Show map<ul>
<li>Show map of an area</li>
<li>Show landmarks on map</li>
<li>Show map from current location</li>
</ul></li>
<li>Select a location from map</li>
<li>Start navigation</li>
</ul>
</body>
</topic>
<topic id="topic2.2">
<title>API class structure</title>
<body>
<p>This API provides two main interfaces to map and navigation features: <ul>
<li><apiname>CMnMapView</apiname> - for displaying map on screen</li>
<li><apiname>CMnNavigator</apiname> - for starting navigation</li>
</ul></p>
<p>Each of these classes represent a connection to the provider application.
In order to instantiate them, it is needed to supply an instance of <apiname>CMnProvider</apiname>,
defined in <apiname>Map and Navigation Provider Discovery API</apiname>, to
either <codeph>NewL</codeph> or <codeph>NewChainedL</codeph> methods.</p>
<p><fig>
<title>Map and Navigation API Class Structure</title>
<image href="images\MapNav_API_Class_Structure.PNG"></image></fig></p>
</body>
</topic>
</topic>
<topic id="topic3">
<title>Using the Map and Navigation API</title>
<body>
<p>This API relies on functionality provided by external applications, Provider
applications, which are executed in a separate process from client. Access
to map views is provided by the <apiname>CMnMapView</apiname> class and navigation
service is available through the <apiname>CMnNavigator</apiname> class. The
client creates these classes using either <codeph>NewL</codeph> or <codeph>NewChainedL</codeph> methods,
which differ in the way how the provider application is executed.</p>
<p>There are two execution modes available: standalone (the user can switch
between the client application and the provider application), initiated by
the <codeph>NewL</codeph> method, and "chained" (when provider application's
main window group is made child of client's window group thus hiding the client
application from the user and making it impossible to switch back until the
provider application is closed), initiated by the <codeph>NewChainedL</codeph> method.
The chained mode is similar to the embedded mode with the exception that the
child application is running in its own process.</p>
<p><apiname>CMnMapView</apiname> has one asynchronous method, <codeph>SelectFromMapL</codeph>,
which must be completed or cancelled before next asynchronous request is made.
If this methods, then no asynchronous request is outstanding.</p>
<p>When these classes are destroyed, the connection to the provider application
is closed. The further behavior of the provider application depends on the
mode it was started:<ul>
<li>The provider application closes too, if started in chained (embedded)
mode.</li>
<li>If started standalone:<ul>
<li>if no views are open (e.g. map view or navigation view), the provider
application closes.</li>
<li>if any view is open, the provider application remains running until closed
by the user.</li>
</ul></li>
</ul>Client can also set up observer object to be informed when provider application
exits, if it happens during the time <apiname>CMnMapView</apiname> or <apiname>CMnNavigator</apiname> object
is still in use. This may be caused, for example, if provider application
crashes or user closes it. Observer can be set up by calling <codeph>SetObserverL</codeph> method
and removed by <codeph>RemoveObserverL</codeph>, provided by both classes.
If such event is received, client has to destroy appropriate <apiname>CMnMapView</apiname> or <apiname>CMnNavigator</apiname> objects.</p>
<p>Client can use <codeph>MAknServerAppExitObserver</codeph>-derived class
as observer. Handler function of this class provides default implementation,
which closes client application if provider application has been closed by
user by "Exit" menu option. This behavior is only valid for the case when
provider application is executed in chained mode. In standalone mode, provider
application is treated as "independent" on client application and hence client
does not need to be closed if provider application is closed.</p>
<p>General use of this API is described by following sequence:</p>
<p><ul>
<li>Client creates object of needed service: <apiname>CMnMapView</apiname> or <apiname>CMnNavigator</apiname>.
By using <codeph>NewL</codeph> or <codeph>NewChainedL</codeph> constructors,
client selects standalone or chained execution mode, respectively.</li>
<li>Client sets provider application exit observer by calling <codeph>SetObserverL</codeph>. </li>
<li>Client specifies optional data, which is required to be taken into account,
when service is executed. For example, center point and radius of the map
area to be shown.</li>
<li>Client executes service by calling <apiname>CMnMapView::ShowMapL</apiname>, <apiname>CMnMapView::ShowCurrentLocationL</apiname>, <apiname>CMnMapView::SelectFromMapL</apiname
> or <apiname>CMnNavigator::NavigateToL</apiname>. User will be shown with
appropriate view.</li>
<li>In case of asynchronous operation, such as <apiname>CMnMapView::SelectFromMapL</apiname>,
completion will be reported via <codeph>TRequestStatus</codeph> parameter,
passed to this function. Result can be retrieved after that.</li>
<li>Sequence can be completed by client, if it destroys <codeph>CMnMapView</codeph> or <codeph>CMnNavigator</codeph> object,
or by user, if she closes provider application. In the latter case, completion
will be reported to exit observer, specified by <codeph>SetObserverL</codeph>.</li>
</ul>Following diagram depicts typical sequence when provider is executed
in chained mode.</p>
<fig>
<title>Typical sequence for chained mode</title>
<image href="images\MapNav_API_Chained_Sequence.PNG"></image></fig>
<p>Following diagram depicts typical sequence when provider is executed in
standalone mode.</p>
<fig>
<title>Typical sequence for standalone mode</title>
<image href="images\MapNav_API_Standalone_Sequence.PNG"></image></fig>
</body>
<topic id="topic3.1">
<title>Show map</title>
<body id="ucShowMap">
<p>One of the main uses of this API is to show the map view on the screen.
The map is not drawn in any of client's views, but instead in provider application's
own views. The client can specify:<ul>
<li>The area of the map to be drawn</li>
<li>Client's landmarks to be shown on the map</li>
<li>Whether current location should be marked on the map</li>
</ul>If the client does not specify any of those, the provider application
shows the default map view (or last shown map, if any).</p>
<p>The client uses the <apiname>CMnMapView</apiname> class in order to use
map features and the <apiname>CMnMapView::ShowMapL</apiname> method in order
to request the map view display. Whatever options are required they must be
set before <codeph>ShowMapL</codeph> is called as they only affect the next
call to this function and do not affect the currently displayed map.</p>
</body>
<topic id="topic3.1.1">
<title>Show map of an area</title>
<body>
<p>The simplest case is showing the map of some area. The area is defined
by central point and radius. Central point is the coordinate of the location
on the globe and the radius (in meters) defines what minimal area around this
location must be visible in the map view.</p>
<fig>
<title>Show Map of an Area sequence diagram</title>
<image href="images\MapNav_API_ShowMapArea_Sequence.PNG"></image></fig>
</body>
</topic>
<topic id="topic3.1.2">
<title>Show landmarks on map</title>
<body>
<p>This subcase is very similar to showing map of an area. Here the client
additionally specifies what landmarks should be shown on the map.</p>
<p>There are several ways of how the client can deliver data of landmarks,
which are to be shown:<ul>
<li>"Linked landmarks" - the client specifies an array of IDs of landmarks
and URI of the landmark database, where those landmarks exist. This is the
most efficient way in terms of memory consumption and is recommended to be
used whenever applicable.</li>
<li>Landmark instances - the client specifies an array of instances of the <apiname>CPosLandmark</apiname> class.
Use it for landmarks, which are not stored in landmark database. Note that
due to the fact that database information is not available for provider application,
category data from these landmarks cannot be used in map view. A big amount
of data may be needed to sent over to the provider application for every landmark
and all landmark data needs to be copied before being sent to the provider
application. It is recommended to avoid this approach whenever possible, as
it is the most memory-hungry method.</li>
<li>Packed landmarks - the client specifies an array of pointer descriptors
of buffers containing landmark data. See the <apiname>PosLandmarkSerialization</apiname> class
description on how to pack a landmark to a buffer. This approach is similar
to sending landmark instances, but is slightly more efficient from the memory
consumption point of view, because data can be sent to the provider application
without copying. However this is only useful for those clients, which already
possess landmarks in packed form.</li>
</ul></p>
<p>Use <apiname>CMnMapView::AddLandmarksToShowL</apiname> overloads to specify
landmarks to show on map. These methods can be called any number of times
and all landmarks are added to the common list of landmarks, which is shown
when ShowMap is called next time. Use <apiname>CMnMapView::ResetLandmarksToShow</apiname> to
clear the list of landmarks.</p>
<p>If the map area is specified by the client, this area is visible in the
map view, otherwise the provider application automatically selects the area,
which covers all specified landmarks.<fig>
<title>Show Landmarks on Map sequence diagram</title>
<image href="images\MapNav_API_ShowLandmarks_Sequence.PNG"></image></fig></p>
</body>
</topic>
<topic id="topic3.1.3">
<title>Show map from current location</title>
<body>
<p>Another extension to the showing map use case is to specify that the map
should be shown with the current location in the center. This is done by calling <apiname>CMnMapView::ShowCurrentLocationL</apiname> instead
of <codeph>ShowMapL</codeph>. The map is centered at the current location
point and the central point setting of map area is ignored (but the radius
part of area settings is used). All other options are applicable in the same
way as they are for the <codeph>ShowMapL</codeph> call.</p>
<p>The map is only required to be drawn the first time centered to the current
location. If the current location moves, the map does not move automatically.
However, if the <apiname>CMnMapView::ECurrentLocationShowAlways</apiname> option
is set, then map is updated if the current location goes beyond the visible
area.</p>
</body>
</topic>
<topic id="exShowMap">
<title>Show landmarks on map code example</title>
<body>
<p>The following is the example of a function, which invokes map views. Its
input parameter is reference to the <apiname>CMnProvider</apiname> class,
which the caller must obtain from <apiname>Map and Navigation Provider Discovery
API</apiname>. See documentation on this API for code examples on how to find
available provider applications.</p>
<example><codeblock>void ShowMapL( CMnProvider&amp; aProvider )
{
// 1. Connect to map provider
CMnMapView* mapview = CMnMapView::NewL( aProvider );
CleanupStack::PushL( mapview );

// 2a. Add some landmark instances to show
CPosLandmark* landmark = CPosLandmark::NewLC();
_LIT( KDummyLandmarkName, "DummyLandmark" );
landmark->SetLandmarkNameL( KDummyLandmarkName );
TLocality loc(TCoordinate( 0, 0, 3 ), 4, 5);  
landmark->SetPositionL(loc);

RPointerArray&lt;CPosLandmark> landmarks;
CleanupClosePushL( landmarks );
landmarks.AppendL( landmark );

// send it to provider application
mapview->AddLandmarksToShowL( landmarks );

// array and landmark can be destroyed now
CleanupStack::PopAndDestroy( &amp;landmarks );
CleanupStack::PopAndDestroy( landmark );

// 2b. Add some "linked" landmarks to show
_LIT( KDatabaseUri, "file://c:testlandmarks.ldb" ); // must be URI of an existing database
const TPosLmItemId KTestLandmarkId = 12345; // must be valid ID of a landmark in the database

RArray&lt;TPosLmItemId> landmarkIds;
CleanupClosePushL( landmarkIds );
landmarkIds.AppendL( KTestLandmarkId );

mapview->AddLandmarksToShowL( KDatabaseUri, landmarkIds );

// id array can be destroyed now
CleanupStack::PopAndDestroy( &amp;landmarkIds );

// 3. Invoke map view
// both landmarks will be drawn on the map
mapview->ShowMapL();

// it is ok to disconnect now. Provider will not close
// until user closes the view
CleanupStack::PopAndDestroy( mapview );
}
</codeblock></example>
</body>
</topic>
</topic>
<topic id="topic3.2">
<title>Select location from map</title>
<body id="ucSelect">
<p>A client may request a location selection service from the provider application.
All options are applicable in the same way as they are for the <codeph>ShowMapL</codeph> call,
but two additional settings exist for this case:<ul>
<li>Restricted selection - specifies that the user cannot select any location
from the map but must be restricted to select one of the landmarks specified
by the client (or refuse selection). Use the <apiname>CMnMapView::EOptionRestrictSelection</apiname> option
with the <apiname>CMnMapView::SetOptions</apiname> method.</li>
<li>Request text - the client specifies that, when asked to select a location,
the user will see a specific request text, such as "Select destination". If
not set, the default localized text will be shown. Use <apiname>CMnMapView::SetCustomRequestTextL</apiname> to
override the default text. Use <apiname>CMnMapView::SetUseDefaultRequestText</apiname> to
return to the default text.</li>
</ul></p>
<p>Use <apiname>CMnMapView::SelectFromMapL</apiname> to start user's selection
of a location from the map. This is an asynchronous request, when it is completed,
use <apiname>CMnMapView::SelectionResultType</apiname> to identify what type
of location has been selected and then one of the CMnMapView::RetrieveSelectionResult
overloads in order to retrieve actual data. Use <apiname>CMnMapView::Cancel</apiname> to
cancel selection.</p>
<p><fig>
<title>Select From Map sequence diagram</title>
<image href="images\MapNav_API_Select_Sequence.PNG"></image></fig></p>
<p>The following code example demonstrates how clients call an asynchronous
selection from the map service, using active objects.</p>
<p>In this example, the application defines a class derived from <codeph>CActive</codeph>,
which handles asynchronous selection operation. It also defines an observer
class with a callback method, which is called once the selection operation
is completed.</p>
<example><codeblock>// The observer class
class MSelectionObserver 
    {
    public:
				// client of CActiveSelector must implement it
        virtual void HandleSelectionCompletedL( CMnMapView&amp; aMapView, TInt aError ) = 0;
    };

// The asynchronous operation handler class
class CActiveSelector : public CActive
    {
    public:
        CActiveSelector( MSelectionObserver&amp; aObserver );
        ~CActiveSelector();

        // CActive-related methods
        void RunL();
        void DoCancel();
        TInt RunError( TInt aError );

        // Initiates selection operation
        void SelectL( CMnProvider&amp; aProvider );

    private:
        // disconnects from provider, when operation is completed
        void Reset();

    private:
        MSelectionObserver&amp;   iObserver;
        CMnMapView*           iMapView;
    };

CActiveSelector::CActiveSelector( MSelectionObserver&amp; aObserver ) 
:   CActive( CActive::EPriorityStandard ),
    iObserver( aObserver )
    {
    CActiveScheduler::Add( this );
    }

CActiveSelector::~CActiveSelector()
    {
    Cancel();
    }

void CActiveSelector::SelectL( CMnProvider&amp; aProvider )
    {
    if ( IsActive() )
        {
        // avoid two simultaneous selection requests
        User::Leave( KErrInUse );
        }
        
    // create connection
    iMapView = CMnMapView::NewChainedL( aProvider );
    
    // start request
    iMapView->SelectFromMapL( iStatus );
    SetActive();
    }
    
void CActiveSelector::RunL()
    {
    // request is completed, inform observer
    iObserver.HandleSelectionCompletedL( *iMapView, iStatus.Int() );
    Reset();  // disconnect once observer has retrieved result
    }
    
TInt CActiveSelector::RunError( TInt /*aError*/ )
    {
    Reset();
    return KErrNone;
    }

void CActiveSelector::DoCancel()
    {
    if ( IsActive() &amp;&amp; iMapView )
        {
        iMapView->Cancel();
        }
    Reset();
    }

void CActiveSelector::Reset()
    {
    delete iMapView;
    iMapView = NULL;
    }
    </codeblock></example>
<p>The application can use this helper class as shown below. The client's
class overrides <codeph>MSelectionObserver::HandleSelectionCompletedL</codeph> in
order to be informed when the selection operation is completed and retrieve
the selection result.</p>
<example><codeblock>// Some client's class
class CClient : public CBase, public MSelectionObserver
    {
    ...
    public:
        // this method starts selection
        void SelectFromMapL();

    protected: 
        void ConstructL();
    
    protected: // from MSelectionObserver
        // this is called by CActiveSelector when selection is done
        void HandleSelectionCompletedL( CMnMapView&amp; aMapView, TInt aError );

    private:
        CActiveSelector* iSelector;
        CMnProvider*     iProvider;
    ...
    };
    
void CClient::ConstructL()
    {
    ...
    iSelector = new (ELeave) CActiveSelector( *this );
    }

void CClient::SelectFromMapL()
    {
    // start selection using pre-chosen provider application
    // iProvider must be initialized to some provider application, 
    // which supports CMnProvider::EServiceMapView
    iSelector->SelectL( *iProvider );
    }
    
void CClient::HandleSelectionCompletedL( CMnMapView&amp; aMapView, TInt aError )
    {
    // selection is done, analyze error code first...
    if ( aError )
        {
        // selection failed or cancelled ( aError == KErrCancel )
        }
    else
        {
        // ... and retrieve result
        switch ( aMapView.SelectionResultType() )
            {
            case CMnMapView::ESelectionFreeLandmark:
                {
                // retrieve result landmark as free-location landmark
                CPosLandmark* landmark = aMapView.RetrieveSelectionResultL();
                ...
                delete landmark;
                }
                break;
                
            case CMnMapView::ESelectionLandmarkIndex:
                {
                // retrieve result as index of one of non-linked landmarks,
                // passed to CMnMapView::AddLandmarksToShowL
                
                TInt index = KErrNotFound; 
                aMapView.RetrieveSelectionResultL( index );
                }
                break;
                
            case CMnMapView::ESelectionLinkedLandmark:
                {
                // retrieve result landmark as one of linked landmark

                TPosLmItemId id = KPosLmNullItemId;
                HBufC* uri = NULL;
                aMapView.RetrieveSelectionResultL( id, uri );
                ...
                delete uri;
                }
                break;
            default:
                break;
            }
        }
    }    </codeblock></example>
</body>
</topic>
<topic id="topic3.3">
<title>Start navigation</title>
<body id="ucNavigate">
<p>This API also provides basic access to navigation services. Using the class <apiname>CMnNavigator</apiname> the
client can engage navigation to a specified destination point. The starting
point is the current location and the destination is described by a landmark,
which must contain either coordinates or address information. The provider
application may implement navigation in different ways, not specified by this
API.<fig>
<title>Start Navigation sequence diagram</title>
<image href="images\MapNav_API_Navigate_Sequence.PNG"></image></fig></p>
</body>
</topic>
<topic id="topic3.4">
<title>Error handling</title>
<body>
<p>This API uses only standard Symbian OS leave codes. Panic codes are defined
in the <i>mnerrors.h</i> header file.<table>
<tgroup cols="2"><colspec colname="col1" colwidth="0.66*"/><colspec colname="col2"
colwidth="1.34*"/>
<tbody>
<row>
<entry><b>Panic code</b></entry>
<entry><b>Reason</b></entry>
</row>
<row>
<entry>KMnPanicDuplicateRequest</entry>
<entry>Raised if client issues a new asynchronous request before the previous
one is completed or cancelled. For this API it happens if the client calls <apiname>CMnMapView::SelectFromMapL</apiname> before
the previous request is completed or cancelled.</entry>
</row>
</tbody>
</tgroup>
</table></p>
</body>
</topic>
<topic id="topic3.5">
<title>Memory overhead</title>
<body>
<p>The main concern about RAM usage is related to specifying landmarks to
be shown on the map. In order to reduce memory consumption it is recommended
to use overloads that accept landmarks database URI and set of landmark IDs,
if possible. Otherwise, all landmark data is copied when the landmark is prepared
to be sent to the provider application and thus more memory is required.</p>
</body>
</topic>
<topic id="topic3.6">
<title>Extensions to the API</title>
<body>
<p>This API does not allow extending.</p>
</body>
</topic>
<topic id="topicSeeAlso">
<title>See also</title>
<body>
<p>See also related APIs:<ul>
<li><apiname>Map and Navigation Provider Discovery API</apiname></li>
<li><apiname>Geocoding API</apiname></li>
<li><apiname>Map and Navigation AIW API</apiname></li>
<li><apiname>Landmarks API</apiname></li>
<li><apiname>Location Acquisition API</apiname></li>
</ul></p>
</body>
</topic>
</topic>
<topic id="topic4">
<title>Glossary</title>
<body></body>
<topic id="topic4.1">
<title>Abbreviations</title>
<body>
<p></p>
<table frame="all">
<title>Abbreviations</title>
<tgroup cols="2"><colspec colname="col1"/><colspec colname="col2"/>
<tbody>
<row>
<entry colsep="1">None</entry>
<entry></entry>
</row>
</tbody>
</tgroup>
</table>
</body>
</topic>
<topic id="topic4.2">
<title>Definitions</title>
<body>
<p></p>
<table frame="all">
<title>Definitions</title>
<tgroup cols="2"><colspec colname="col1"/><colspec colname="col2"/>
<tbody>
<row>
<entry colsep="1" rowsep="1"><p>Landmark</p></entry>
<entry rowsep="1"><p>A landmark is principally a location with a name.</p></entry>
</row>
<row>
<entry>Provider application</entry>
<entry>An application, which implements map, navigation and geocoding services
and provides access to this features for clients of Map and Navigation API
and Geocoding API.</entry>
</row>
</tbody>
</tgroup>
</table>
</body>
</topic>
</topic>
<topic id="topic">
<title>References</title>
<body>
<p></p>
<table>
<tgroup cols="2"><colspec colname="col1"/><colspec colname="col2"/>
<tbody>
<row>
<entry><p>None</p></entry>
<entry></entry>
</row>
</tbody>
</tgroup>
</table>
</body>
</topic>
</dita>
<?Pub *0000026101 0?>
