﻿<?xml version="1.0" encoding="utf-8"?>
<!--Arbortext, Inc., 1988-2004, v.4002-->
<!DOCTYPE dita PUBLIC "-//IBM//DTD DITA Composite//EN"
 "ditabase.dtd">
<?Pub UDT instructions _comment FontColor="red"?>
<?Pub UDT template _font?>
<dita xmlns:atict="http://www.arbortext.com/namespace/atict"><atict:info tracking="off"
ref="0"/><atict:user user="laleskin" fullname="Leskinen Lauri (EXT-Kudos-MSW/Helsinki)"/>
<atict:user user="petuomin" fullname="Tuominen Petteri (Nokia-TP-MSW/Helsinki)"/>
<topic id="mainTopic" otherprops="" product="documentTitle" rev="DN0735015">
<title>S60 Map Image Conversion Plug-In API</title>
<prolog>
<copyright><copyryear year="2007"/><copyrholder>Nokia Corporation and/or its
subsidiaries<?Pub Caret?></copyrholder></copyright>
<metadata>
<category>SDK</category>
</metadata></prolog>
<body>
<table audience="S60 licensees" platform="5.0" rev="S605.0licensee">
<title>Changes in S60 5.0 Map Image Conversion Plug-In API documentation</title>
<tgroup cols="4">
<?PubTbl tgroup rth="1.00pt"?>
<colspec colname="col1" colwidth="0.67*"/><colspec colname="col2" colwidth="0.67*"/>
<colspec colname="col3" colwidth="1.33*"/><colspec colname="col4" colwidth="1.33*"/>
<thead>
<row>
<entry>Version</entry>
<entry>Date</entry>
<entry>Status</entry>
<entry>Description</entry>
</row>
</thead>
<tbody>
<row>
<entry>1.0</entry>
<entry>23.02.2007</entry>
<entry>Approved</entry>
<entry></entry>
</row>
</tbody>
</tgroup>
</table>
<table audience="S60 SDK" platform="5.0" rev="S605.0SDK">
<title>Changes in S60 5.0 Map Image Conversion Plug-In API </title>
<tgroup cols="2"><colspec colname="COLSPEC0" colwidth="0.33*"/><colspec colname="col1"
colwidth="1.67*"/>
<thead>
<row>
<entry>Version</entry>
<entry>Description</entry>
</row>
</thead>
<tbody>
<row>
<entry>1.0</entry>
<entry>First version</entry>
</row>
</tbody>
</tgroup>
</table>
</body>
</topic>
<topic id="topic1">
<title>Purpose</title>
<body>
<p>This API is intended for implementation by Map and Navigation provider
applications, which support MapImage service. This API declares ECom interface,
which exposes two functions for converting world coordinates to image coordinates
and vice versa. This functionality is used by Map Image API implementation.</p>
<p>This document is intended for developers of Map and Navigation provider
applications, which are going to support MapImage service.</p>
</body>
<topic id="topic1.1">
<title>API availability</title>
<body>
<p>This API is available since S60 release 5.0.</p>
</body>
</topic>
</topic>
<topic id="topic2">
<title>API description</title>
<body>
<p>This API is a method call Framework API.</p>
<p>The implementation of this API is the second part of Map and Navigation
Provider application's support for the MapImage service. Service itself implements
map rendering and is part of the provider application server. Rendering engines
can use various projections and the client needs a way to calculate world
coordinates corresponding to a particular point on map image and vice versa.
Such functionality is exposed by provider applications by implementing this
API.</p>
<p>The implementation of this API is loaded as ECom plug-in into the process
of the client of Map Image API.</p>
</body>
<topic id="topic2.1">
<title>Use cases</title>
<body>
<p>The main use case of this API is:<ul>
<li>Implementing coordinate conversions.</li>
</ul></p>
</body>
</topic>
<topic id="topic2.2">
<title>API class structure</title>
<body>
<p></p>
<p><apiname>CMnCoordinateConverterBase</apiname> is the base class for implementation.
It declares two virtual methods, which give access to actual coordinate conversions:<ul>
<li><codeph>GetWorldCoordinate</codeph> - finds world coordinate corresponding
to an offset on map image</li>
<li><codeph>GetImageCoordinate</codeph> - finds offset in map image corresponding
to given world coordinate </li>
</ul>Such calculation requires additional information used during image rendering
and implementations access it via the <codeph>MapImageParams()</codeph> method.</p>
<fig>
<title>Map Image Conversion plug-In API class structure</title>
<image href="images\Map_Image_Conversion_Plug-In_API_Class_Structure.png">
</image></fig>
</body>
</topic>
</topic>
<topic id="topic3">
<title>Using Map Image Conversion Plug-In API</title>
<body>
<p>In order to complete support for MapImage service and implement coordinate
conversion plug-in, the Map and Navigation Provider application has to:<ol>
<li>Create a class derived from <apiname>CMnCoordinateConverter</apiname> and
implement its abstract methods.</li>
<li>Create an ECom plug-in DLL and export a factory function, which returns
pointer to the new instance of that class.</li>
</ol></p>
</body>
<topic id="topicImplement">
<title> Implementing coordinate converter</title>
<body>
<p>Coordinate converter should create a class derived from <apiname>CMnCoordinateConverter</apiname> and
implement its two abstract functions. These two functions together should
allow the client to perform image-to-world and world-to-image type of coordinate
conversion an infinite amount of time.</p>
<p>The image itself is not provided for calculations, but instead the all
input given to rendering engine is accessible via <codeph>MapImageParams()</codeph> (which
returns reference to the <apiname>TMnMapImageParams</apiname> class, defined
in Map Image API). In addition to client-defined parameters, it also contains
projection ID, which is the internal identifier of a projection, which has
been used during rendering of the image, described by that instance of the
class.</p>
<p>The calculation should be solely based on that information (and knowledge
of rendering engine). Implementation must not make any IPC calls to rendering
engine process and should perform as if it does not exist at all. In other
words, the converter should be usable, even if no image has been actually
rendered.</p>
</body>
<topic id="topicImageToWorld">
<title>Image to world coordinate conversion</title>
<body>
<p>This conversion is represented by the <codeph>GetWorldCoordinate()</codeph> method.
It accepts as input a <apiname>TCoordinate</apiname> object, which contains
coordinates of some location on Earth. The output of that function is the
offset in map image, which represents that location.</p>
<p>Below is an example of the implementation of that function. <codeph>CMyCoordConverter</codeph> is
assumed to be derived from <apiname>CMnCoordinateConverterBase</apiname>.</p>
<example><codeblock>TInt CMyCoordConverter::GetWorldCoordinate(
  const TPoint&amp; aImageOffset,
  TCoordinate&amp; aCoordinate )
{
TMnMapImageParams&amp; params = MapImageParams();

// check projection, some value representing projection
// algorithm of rendering engine of MapImage service implementation
if ( params.ProjectionId() != KMyProjectionId )
  {
  return KErrArgument;
  }


// Retrieve center of image as follows
TCoordinate center;
params.GetCenterPoint( center );

TReal latitude, longitude;
// Apply projection formula to calculate latitude and longitude
// using any needed info from params.

// Return result as coordinate
aCoordinate.SetCoordinate( latitude, longitude, 0); // zero altitude
return KErrNone; // successfully found world coordinate
}</codeblock></example>
</body>
</topic>
<topic id="topicWorldToImage">
<title>World to image coordinate conversion</title>
<body>
<p> This conversion is represented by the <codeph>GetWorldCoordinate()</codeph> method.
It accepts as input a <apiname>TCoordinate</apiname> object, which contains
coordinates of some location on Earth. Output of that function shall be the
offset in map image, which represents that location.</p>
<p>Below is the example of implementation of that function. <codeph>CMyCoordConverter</codeph> is
assumed derived from <apiname>CMnCoordinateConverterBase</apiname>.</p>
<example><codeblock>TInt CMyCoordConverter::GetImageCoordinate(
  const TCoordinate&amp; aCoordinate,
  TPoint&amp; aImageOffset )
{
TMnMapImageParams&amp; params = MapImageParams();

// check projection, some value representing projection
// algorithm of rendering engine of MapImage service implementation
if ( params.ProjectionId() != KMyProjectionId )
  {
  return KErrArgument;
  }


// Retrieve center of image as follows
TCoordinate center;
params.GetCenterPoint( center );

TReal latitude = aCoordinate.Latitude();
TReal longitude = aCoordinate.Longitude();

TInt x, y;
// Apply projection formula to calculate x and y
// using any needed info from params.

// Return result as TPoint
aImageOffset = TPoint( x, y );
return KErrNone; // successfully found image coordinate
}</codeblock></example>
</body>
</topic>
</topic>
<topic id="topicEcom">
<title> Creating ECom plug-in</title>
<body>
<p>Implementation of <codeph>CMnCoordinateConverter</codeph> must be exposed
as an ECom plug-in DLL. Read more about ECom plug-ins in Symbian OS documentation
and keep in mind the following important aspects:<ol>
<li>Interface, which that ECom plug-in provides implementation for, has UID
defined by the <codeph>KMnMapImageConverterIf</codeph> value from <i>mnpluginuids.hrh</i>.</li>
<li>Data field of ECom registration file, must contain SID of appropriate
executable, which implements MapImage service.</li>
<li>ECom plug-in DLL should have capabilities ALL-Tcb in order to be usable
by system applications. If it has less capabilities, it might be unavailable
for some of those. The implementation cannot expect any capabilities from
the process it will be executed in.</li>
<li>ECom plug-in DLL must be a part of signed installation package.</li>
</ol></p>
</body>
<topic id="topicExamples">
<title>Examples</title>
<body>
<p>Let's assume that SID of the server application (which implements MapImage
service) this plug-in is supposed to be used with, is 0x10203A4B. Let's also
assume that DLL UID of the ECom plug-in is 0x10203A4C and implementation UID
is 0x10203A4D. Actual UIDs must be allocated by developer from Symbian.</p>
<p>Here is an example of MMP file for the plug-in:</p>
<example><codeblock>TARGET          mycoordconverter.dll
TARGETTYPE      PLUGIN
UID             0x10009D8D 0x10203A4C

CAPABILITY      ALL - TCB
SOURCE          mycoordconvertermain.cpp

SYSTEMINCLUDE   \epoc32\include

// ECom registration resource file
START RESOURCE  mycoordconverter.rss
TARGET          mycoordconverter.rsc
TARGETPATH      \resource\plugins
END

LIBRARY         euser.lib
LIBRARY         mnclientlib.lib
LIBRARY         lbs.lib</codeblock></example>
<p>Below is an example of ECom registration file, <i>mycoordconverterplugin.rss</i>.</p>
<example><codeblock>#include &lt;registryinfov2.rh>
#include &lt;mnpluginuids.hrh> // defines interface UID

RESOURCE REGISTRY_INFO r_mycoordconverterplugin_reginfo
{
resource_format_version = RESOURCE_FORMAT_VERSION_2;
// DLL UID of the DLL
dll_uid = 0x10203A4C;
interfaces =
    {
    INTERFACE_INFO
        {
        // UID of coordinate converter interface,
        // defined in mnpluginuids.hrh
        interface_uid = KMnMapImageConverterIf;
        implementations =
            {
            IMPLEMENTATION_INFO
                {
                // The licensee needs to allocate this UID from Symbian
                implementation_uid = 0x10203A4D;
                version_no = 1;
                display_name = "MyCoordinateConverter";
                // SID of provider application executable
                default_data = "10203A4B";
                }
            };
        }
    };
}</codeblock></example>
<p>Note that the <codeph>default_data</codeph> field, which contains SID of
the server application: the SID must be written in exactly 8 (eight) hexadecimal
digits and A-F characters must be capital.</p>
<p>And finally, the example code of exporting factory function, <i>mycoordconvertermain.cpp</i>.</p>
<example><codeblock>// Table of implementations
const TImplementationProxy ImplementationTable[] =
    {
    // Note! UID below is implementation UID, not DLL UID.
    IMPLEMENTATION_PROXY_ENTRY( 0x10203A4D, CMyCoordConverter::NewL ),
    };

// Note this function must be exported at ordinal 1
EXPORT_C const TImplementationProxy* ImplementationGroupProxy(
    TInt&amp; aTableCount)
    {
    aTableCount = 1;
    return ImplementationTable;
    }</codeblock></example>
<p> <codeph>CMyCoordConverter</codeph> is assumed derived from <apiname>CMnCoordinateConverterBase</apiname>.</p>
</body>
</topic>
</topic>
<topic id="topic3.2">
<title>Error handling</title>
<body>
<p>Implementation must not panic. All error cases must be informed via the
return value of conversion methods. See documentation of the <apiname>CMnCoordinateConverterBase</apiname> class
for allowed error codes.</p>
</body>
</topic>
<topic id="topic3.3">
<title>Memory overhead</title>
<body>
<p>Implementation must try not to use memory excessively, because it will
be loaded into the client's process. However, whenever there is not enough
memory to perform calculations, the appropriate method should inform it by
returning the <codeph>KErrNoMemory</codeph> error code.</p>
</body>
</topic>
<topic id="topic3.4">
<title>Extensions to the API</title>
<body>
<p>This API does not have extension points.</p>
</body>
</topic>
<topic id="topicSeeAlso">
<title>See also</title>
<body>
<p>See also related APIs:<ul>
<li>Map Image API</li>
<li>Map and Navigation Provider API</li>
</ul></p>
</body>
</topic>
</topic>
<topic id="topic4">
<title>Glossary</title>
<body></body>
<topic id="topic4.1">
<title>Abbreviations</title>
<body>
<table frame="all">
<title></title>
<tgroup cols="2"><colspec colname="col1"/><colspec colname="col2"/>
<tbody>
<row>
<entry colsep="1" rowsep="1">None</entry>
<entry rowsep="1"></entry>
</row>
</tbody>
</tgroup>
</table>
</body>
</topic>
<topic id="topic4.2">
<title>Definitions</title>
<body>
<table frame="all">
<title></title>
<tgroup cols="2"><colspec colname="col1"/><colspec colname="col2"/>
<tbody>
<row>
<entry colsep="1" rowsep="1">None</entry>
<entry rowsep="1"></entry>
</row>
</tbody>
</tgroup>
</table>
</body>
</topic>
</topic>
<topic id="topic">
<title>References</title>
<body>
<table>
<tgroup cols="2"><colspec colname="col1"/><colspec colname="col2"/>
<tbody>
<row>
<entry>None</entry>
<entry></entry>
</row>
</tbody>
</tgroup>
</table>
</body>
</topic>
</dita>
<?Pub *0000014313 0?>
