<?xml version="1.0" encoding="utf-8"?>
<!--Arbortext, Inc., 1988-2004, v.4002-->
<!DOCTYPE dita PUBLIC "-//IBM//DTD DITA Composite//EN"
 "ditabase.dtd">
<?Pub UDT _bookmark _target?>
<?Pub Inc?>
<dita>
<topic id="mainTopic" otherprops="" product="xxx API Specification" rev="DN0999999">
<!--For updating document identity: use rev attribute of the topic, DO NOT UPDATE id attribute IT MUST BE id = maintopic-->
<?Pub Caret?>
<title>S60 5.1 SUPL POS Message Plug-in API Specification</title>
<prolog>
<copyright><copyryear year="2007"/><copyrholder>Nokia</copyrholder></copyright>
<metadata>
<category>Domain<!--possible API categories: SDK, Domain, Adaptation--></category>
</metadata></prolog>
<body>
<!--Change history table for S60 licensees in S60 release. Table must have the following attributes: 
audience=S60 licensees (always this name)
platform= 'platform release number'
rev='revision number to identify the change history table' (must always have a value)
Create new Change history table for each platform release e.g. by copying the table below.
-->
<table audience="S60 licensees" platform="3.2" rev="S603.2licensee">
<title>Changes in S60 5.1 SUPL Pos Message Plug-in API documentation</title>
<tgroup cols="4"><colspec colname="COLSPEC0" colwidth="0.68*"/><colspec colname="COLSPEC1"
colwidth="0.87*"/><colspec colname="COLSPEC2" colwidth="0.80*"/><colspec colname="COLSPEC3"
colwidth="1.66*"/>
<thead>
<row>
<entry>Version</entry>
<entry>Date</entry>
<entry>Status</entry>
<entry>Description</entry>
</row>
</thead>
<tbody>
<row>
<entry>1.0</entry>
<entry>23.10.2006</entry>
<entry>Approved</entry>
<entry></entry>
</row>
<row>
<?PubTbl row rht="0.55in"?>
<entry>1.1</entry>
<entry>08.09.2008</entry>
<entry>Draft</entry>
<entry>Added support for passing Allowed Capabilities and Positioning Method
from the SUPL framework to the POS Plug-in</entry>
</row>
<row>
<?PubTbl row rht="0.55in"?>
<entry>1.2</entry>
<entry>01.12.2008</entry>
<entry>Approved</entry>
<entry>Added support for passing SLP Address to the POS Plug-in from the SUPL
framework.</entry>
</row>
</tbody>
</tgroup>
</table>
</body>
</topic>
<topic id="Changes">
<title>Changes</title>
<body>
<p><!--For each release, provide information about the header file changes to the previous release. 
NOTE: For an SDK API, list changes to the first SDK version. For example: --></p>
<p>The following header file(s) have changed between S60 releases 3.1 and
5.1</p>
<ul>
<li><i>epos_comasuplpossessionbase.h</i></li>
</ul>
<p><!----></p>
<table frame="all">
<title></title>
<tgroup cols="3"><colspec colname="col1" colwidth="0.59*"/><colspec colname="COLSPEC4"
colwidth="0.68*"/><colspec colname="col2" colwidth="2.36*"/>
<thead>
<row>
<entry>Type</entry>
<entry>Class</entry>
<entry>Change</entry>
</row>
</thead>
<tbody>
<row>
<entry>Modified Methods</entry>
<entry><codeph>COMASuplPosSessionBase</codeph></entry>
<entry>SetCurrentServerAddress() method is used to set the Server Address
being used for this session in the POS Plug-in.</entry>
</row>
</tbody>
</tgroup>
</table>
</body>
</topic>
<topic id="topic1">
<title>Purpose</title>
<body>
<p>Secure User Plane Location (SUPL) is used to exchange control plane positioning
protocol messages (also called POS Messages) over the user plane. SUPL employs
user plane data bearers for transferring location information . More details
about the SUPL Protocol can be found in document<xref href="#topic">[1]</xref>. </p>
<p>SUPL Enabled Terminal (SET) and SUPL Location Platform (SLP) are the two
important elements of the SUPL protocol. SUPL establishes a secure IP connection
between the SET and SLP. This secure IP connection is used to exchange SUPL
messages.</p>
<p>An adaptation SUPL Terminal Initiation client component initiates a SUPL
session between the SET and SLP using the Terminal Initiation API <xref href="#topic">[6]</xref>.
SUPL Session can also be initiated by WAP Push listener and SMS listener using
Network Initiation API <xref href="#topic">[7]</xref>. Once the secure IP
connection is established, the POS Message Plug-in provides and processes
the control plane positioning protocol messages. More information about the
SUPL Subsystem can be found in document <xref href="#topic">[5]</xref>. </p>
<p>SUPL POS Message Plug-in API defines classes required for licensees to
implement POS Message Plug-in. </p>
<p>SUPL subsystem makes use of the POS Message plug-in API classes to:  <ul>
<li>Load the POS Message Plug-in  </li>
<li>Retrieve POS payload from POS Message Plug-in. </li>
<li>Forward POS messages received from the network to POS Message Plug-in.
 </li>
</ul></p>
<p>SUPL Framework loads one and only one POS Message plug-in during initialization.
There shall be one and only one POS Message plug-in installed in the system.</p>
<p>The following diagram shows the interaction of the SUPL subsystem with
the POS Message Plug-in </p>
<p><fig>
<title>Interaction of SUPL subsystem and POS Message Plug-in</title>
<image href="html\images\SUPL_POS_Message_Plugin_API_SubsystemDiagram.png">
</image></fig></p>
</body>
<topic id="topic1.1">
<title>Constraints</title>
<body>
<p><!---->This API is valid for all platforms running on Symbian OS 9.3 or
later. </p>
</body>
</topic>
<topic id="topic1.2">
<title>Classification and release information</title>
<body>
<p><!----> SUPL POS Message Plug-in API is available in S60 release 3.1 and
onwards. This document is valid from S60 release 5.1 onwards. This is a domain/adaptation
API and it is intended for licensees who want use SUPL for tunneling control
plane positioning protocol messages.</p>
</body>
</topic>
<topic id="topic1.3">
<title>Emulator support</title>
<body>
<p><!----> This API is fully supported in the WINS/WINSCW emulator environment.</p>
</body>
</topic>
</topic>
<topic id="topic2">
<title>API description</title>
<body>
<p>The POS Message Plug-in implementation is an adaptation component between
the SUPL Framework and the control plane positioning component. Control plane
positioning protocol messages are given by the POS Message Plug-in to SUPL
Framework. SUPL Framework sends the control plane positioning message as payload
in SUPL POS message. SUPL Framework gives the pos payload received in SUPL
POS to POS Message plug-in for further processing. </p>
<p>SUPL POS Message Plug-in API provides the following services to the licensee
Plug-in:</p>
<ul>
<li>Provides SUPL Session state information to POS Message Plug-in 	</li>
<li>Provides the facility to terminate the SUPL Session in case of unrecoverable
errors 	</li>
<li>Data types for exchange of different SUPL parameters like SET capabilities,
Requested Assistance data, velocity, POS Payload, Position, Allowed Capabilities
and Positioning Method.</li>
</ul>
<p>POS Message Plug-in implements:<ul>
<li>Methods for providing different parameters like SET Capabilities, Requested
Assistance Data, Velocity and POS Payload  </li>
<li>Methods for receiving parameters like Allowed Capabilities and Positioning
Method, Server address</li>
<li>Methods for handling POS Payload from the network</li>
<li>Method to provide Position information to the SUPL FW for SUPL POS INIT
messages. </li>
<li>Method to retrieve SUPL State information from SUPL POS Message Plug-in
API. </li>
</ul> </p>
<p>SUPL POS Message Plug-in API is a Framework and a Method call API. It is
a Framework API because POS Message Plug-in classes derive from the base classes
provided by the SUPL POS Message Plug-in API.</p>
</body>
<topic id="topic2.1">
<title>Use cases</title>
<body>
<p>The use cases of SUPL POS Message Plug-in API are grouped as follows : </p>
</body>
<topic id="getSuplparam">
<title>Get SUPL Message parameters</title>
<body>
<p>SUPL Framework performs the following set of operations to retrieve SUPL
Message parameters from POS Message plug-in:</p>
<ul>
<li>Load POS Message plug-in </li>
<li>Create a POS Session </li>
<li>Retrieve Parameters for SUPL Message (Example: SET Capabilities)  </li>
<li>Destroy POS Session </li>
<li>Unload POS Handler. </li>
</ul>
</body>
</topic>
<topic id="generatepospayload">
<title>Generate and process POS Payload</title>
<body>
<p>SUPL Framework performs the following set of operations to generate and
process POS Payload </p>
<ul>
<li>Load POS Message plug-in  </li>
<li>Create POS Session  </li>
<li>Post an outstanding request to POS Message plug-in for POS Payload  </li>
<li>Forward POS Payload to POS Message plug-in for processing  </li>
<li>Cancel the outstanding request once POS Message plug-in provides the last
POS Payload  </li>
<li>Destroy POS Session  Unload POS Message plug-in </li>
</ul>
</body>
</topic>
<topic id="retrieveposition">
<title>Retrieve position information from POS Message plug-in</title>
<body>
<p>SUPL Framework performs the following set of operations to retrieve position
information from POS Message plug-in:</p>
<ul>
<li>Load POS Message plug-in  </li>
<li>Create a POS Session  </li>
<li>Retrieve Position from POS Message plug-in  </li>
<li>Destroy POS Session  </li>
<li>Unload POS Handler. </li>
</ul>
</body>
</topic>
<topic id="allowedCap">
<title>Pass allowed capabilities from the SUPL framework to the POS Message
plug-in</title>
<body><?Pub Dtl?>
<p>SUPL framework performs the following set of operations to pass the allowed
capabilities as requested from the client to the POS Message Plug-in. This
parameter is typically passed to the POS Plugin at the beginning of a SUPL
Session. </p>
<ul>
<li>Load POS Message plug-in </li>
<li>Create a POS Session </li>
<li>Pass allowed capabilities to POS Message Plug-in</li>
<li>Destroy POS Session</li>
<li>Unload POS Handler</li>
</ul>
</body>
</topic>
<topic id="posMethod">
<title>Pass desired positioning method from the SUPL Framework to the POS
Message Plug-in</title>
<body><?Pub Dtl?>
<p>SUPL framework performs the following set of operations to pass the positioning
method as desired from the client to the POS Message Plug-in. This parameter
is typically passed to the POS Plugin while a SUPL Session is in progress. </p>
<ul>
<li>Load POS Message plug-in </li>
<li>Create a POS Session </li>
<li>Pass desired positioning method to POS Message Plug-in</li>
<li>Destroy POS Session</li>
<li>Unload POS Handler</li>
</ul>
</body>
</topic>
<topic id="posMethod">
<title>Pass Server Address from the SUPL Framework to the POS Message Plug-in</title>
<body>
<p>SUPL framework performs the following set of operations to pass the positioning
method as desired from the client to the POS Message Plug-in. This parameter
is typically passed to the POS Plugin while a SUPL Session is in progress. </p>
<ul>
<li>Load POS Message plug-in </li>
<li>Create a POS Session </li>
<li>Pass current Server Address to POS Message Plug-in</li>
<li>Destroy POS Session</li>
<li>Unload POS Handler</li>
</ul>
</body>
</topic>
</topic>
<topic id="topic2.2">
<title>API class structure</title>
<body>
<p>SUPL POS Message Plug In API Class Structure<fig><image href="html\images\SUPL_POS_Message_Plugin_API_InterfaceClass.PNG">
</image></fig>SUPL POS Message Plug-in API classes that have to be sub-classed
by POS Message plug-in are <codeph>COMASuplPosHandlerBase</codeph> and <codeph>COMASuplPosSessionBase</codeph>.
  </p>
<p><codeph>COMASuplPosHandlerBase</codeph> is a class that provides methods
for creating POS message plug-in. The Implementation UID required for the
creation of POS Message plug is provided as a parameter to <codeph>NewL</codeph> by
the SUPL Framework. <codeph>COMASuplPosHandlerBase</codeph> also provides
a factory method to create POS sessions. SUPL Framework is responsible for
managing all the POS Sessions created by <codeph>COMASuplPosHandlerBase</codeph> subclass.
 </p>
<p>The important methods of <codeph>COMASuplPosHandlerBase</codeph> are <codeph>NewL</codeph> and <codeph>CreateNewSessionL</codeph>. <codeph>NewL</codeph
> loads the POS Message plug-in. CreateNewSessionL creates a new POS Session
to generate and handle POS Payload for a SUPL Session. POS Message plug-in
allocates memory for the POS Session. SUPL Framework releases the memory allocated
for POS Sessions created by invoking the destructor of the subclass of <codeph>COMASuplPosSessionBase</codeph>.</p>
<p> <codeph>COMASuplPosSessionBase</codeph> is the base class that must be
sub-classed in order to create POS sessions. SUPL Framework creates a POS
Session for every SUPL Session. The sub-class of <codeph>COMASuplPosSessionBase</codeph>,
which is implemented by the POS Message Plug-in is responsible for processing
and generating POS messages.  </p>
<p>The important methods of <codeph>COMASuplPosSessionBase</codeph> are <codeph>GetSuplInfoL,SetPosMethodAndAllowedCapabilities,SetCurrentServerAddress,</codeph
><codeph>HandleSuplPosMessageL</codeph> and <codeph>GetPositionL</codeph><codeph>GetSuplInfoL</codeph> is
invoked by SUPL Framework to retrieve parameters like SET capabilities and
POS Payload from POS Message plug-in. <codeph>SetPosMethodAndAllowedCapabilties</codeph> is
invoked by SUPL Framework just before invoking <codeph>GetSuplInfoL</codeph> to
set the Allowed capabilities and POS method required by the POS Message plug-in.
 <codeph>HandleSuplPosMessageL</codeph> is invoked by SUPL Framework to forward
the POS Payload received from SLP to POS Message plug-in. <codeph>GetPositionL</codeph> is
invoked by SUPL Framework to retrieve Position information provided if it
has not received it from SLP.<codeph>SetCurrentServerAddress</codeph> is used
by the SUPL Framework to set the server address of the server currently being
used for the session in the POS Plug-in..</p>
<p><codeph>MOMASuplObserver</codeph> is an interface that provides methods
to retrieve SUPL Version and terminate the SUPL Session. POS Message Plug-in
can terminate the SUPL Session in the event of unrecoverable error. SUPL Framework
provides the implementation for <codeph>MOMASuplObserver</codeph> </p>
</body>
<topic>
<title>SUPL POS Message Plug-in API data types</title>
<body>
<p>This section contains the details of the different data type classes that
will be used to exchange information between the SUPL framework and the POS
Message Plug-in.  </p>
<p>The following diagram describes the <codeph>COMASuplInfoRequest</codeph> class.
The other data type classes are described in the subsequent sections of this
document.</p>
<p><i>Info Request List</i></p>
<p><fig><image href="html\images\SUPL_POS_Message_Plugin_API_InfoRequest.PNG">
</image></fig></p>
<p><codeph>COMASuplInfoRequestList</codeph> is a container class for the different
data type classes that are exchanged between SUPL framework and POS Message
Plug-in. It consists of an array of <codeph>COMASuplInfoRequest</codeph> pointers. </p>
<p><codeph>COMASuplInfoRequest</codeph> is the base class for all the different
data types and holds information about the type of data that is exchanged
between SUPL Framework and POS Message Plug-in. SUPL Framework requires data
from the POS Message Plug-in for different SUPL messages. For example, to
generate SUPL START, SUPL Framework requires SET Capabilities from the POS
Message Plug-in. To retrieve information from the POS Message Plug-in, SUPL
Framework: <ul>
<li>Instantiates an object of a particular data types (Eg: <codeph>COMASuplSETCapabilities</codeph>)
 </li>
<li>Sets <codeph>COMASuplInfoRequest::iType</codeph> to an appropriate value
(Eg: <codeph>EOMASuplSETCapabilities</codeph>)  </li>
<li>Instantiates an object of type, <codeph>COMASuplInfoRequestList</codeph> 
Appends the <codeph>COMASuplInfoRequest</codeph> object pointer to <codeph>COMASuplInfoRequestList::iInfoReqList</codeph>. </li>
</ul></p>
<p>Code example for how <codeph>COMASuplInfoRequest</codeph> is used by the
SUPL Framework can be found in Section, <xref href="#usecase1">Get SUPL Message
parameters</xref>. </p>
<p>The POS Message Plug-in shall provide values for all mandatory fields <xref
href="#topic">[2]</xref> of the data type or return an error. If the <codeph>COMASuplInfoRequest::iReqStatus</codeph> is
set to any value other than <codeph>KErrNone</codeph>, SUPL Framework does
not retrieve the individual fields of the data type. Information about the
mandatory parameters can be found in <xref href="#topic">[2]</xref>.</p>
<p>To retrieve multiple values, SUPL Framework creates, populates and appends
multiple <codeph>COMASuplInfoRequest</codeph> object pointers to <codeph>COMASuplInfoRequestList</codeph>.
If the POS Message Plug-in is unable to set the values for a particular data
type in the <codeph>COMASuplInfoRequestList</codeph>, it shall set <codeph>COMASuplInfoRequest::iReqStatus</codeph> to
an appropriate error code.</p>
<p><i>SET Capabilities</i></p>
<p><fig>
<p><i></i><image href="html\images\SUPL_POS_Message_Plugin_API_SETCapabilities.PNG">
</image></p>
<p>The diagram above describes the capabilities of the SET in terms of positioning
technologies and positioning protocols. </p>
<p>Positioning Technology can be one or more of the following:  <ul>
<li>SET assisted </li>
<li>A-GPS  SET based A-GPS</li>
<li>Autonomous GPS  </li>
<li>AFLT (Advanced Forward Link Trilateration)  </li>
<li>E-OTD (Enhanced Observed Time Difference). </li>
</ul></p>
<p>Preferred modes can be one of the following:  <ul>
<li>SET-assisted preferred  </li>
<li>SET-based preferred. </li>
</ul></p>
<p>Positioning protocol can be one or more of the following: <ul>
<li>RRLP (Radio Resource LCS Protocol)  </li>
<li>RRC (Radio Resource Control)  </li>
<li>TIA-801 (Telecommunications Industry Association - 801). </li>
</ul></p>
<p><i>Requested Assistance Data</i></p>
</fig><fig><image href="html\images\SUPL_POS_Message_Plugin_API_ReqAsstData.PNG">
</image>
<p>Requested Assistance Data is applicable for A-GPS positioning methods only.
It is a bit map of the following values: <ul>
<li>Almanac indicator  </li>
<li>UTC model  </li>
<li>Ionospheric model  </li>
<li>Navigation model  </li>
<li>DGPS correction  </li>
<li>Reference Indication  </li>
<li>Reference Time  </li>
<li>Acquisition assistance  </li>
<li>Real-time integrity. </li>
</ul></p>
<p><i>POS Payload</i><fig><image href="html\images\SUPL_POS_Message_Plugin_API_PosPayload.PNG">
</image></fig></p>
<p>POS Payload is wrapped in SUPL POS message. POS Payload provides the underlying
RRLP, RRC or TIA-801 element to be sent in SUPL POS message </p>
<p><i>Velocity</i><fig><image href="html\images\SUPL_POS_Message_Plugin_API_velocity.PNG">
</image></fig></p>
<p>Velocity is the optional field of SUPL POS message. Velocity field is required
to overcome the lack of this information in RRLP.</p>
<p><i>Position</i></p>
</fig><fig><image href="html\images\SUPL_POS_Message_Plugin_API_Position.PNG">
</image></fig></p>
<p>Position contains the position of the SET expressed in terms of position
estimate along with time stamp.</p>
<p><i>SUPL Positioning Method</i><fig><image href="html\images\SUPL_POS_Message_Plugin_API_PositioningMethod_new.PNG">
</image></fig>This enumeration allows the client of the POS Message Plugin
API to inform the POS Plugin about the positioning method requested for by
the SUPL Client. This is passed as a parameter in the SetPosMethodAndAllowedCapabilities()
method.</p>
<p><i>Allowed Capabilities</i> <fig><image href="html\images\SUPL_POS_Message_Plugin_API_AllowedCapabilities.PNG">
</image></fig></p>
<p>This allows the client of the POS Message Plugin API to inform the POS
Plugin about the capabilities allowed by the SUPL Client. This is done by
passing an object of this class as a parameter to the SetPosMethodAndAllowedCapabilities()
Method.</p>
</body>
</topic>
</topic>
</topic>
<topic id="topic3">
<title>Using the SUPL Pos Message Plug-in API</title>
<body>
<p>To be able to provide a POS Message Plug-in the licensees shall be able
to provide the implementation for the API classes defined by SUPL POS Message
Plug-in API. Using the POS Message Plug-in involves the following steps : <ul>
<li>Implement a subclass to <codeph>COMASuplPosHandlerBase</codeph>  </li>
<li>Implement a subclass to <codeph>COMASuplPosSessionBase</codeph>  </li>
<li>Provide ECom registry information for the POS Message Plug-in  </li>
<li>Export an ECom style factory function at ordinal 1  </li>
<li>The MMP file must specify that the module shall be built as an ECom Plug-in. </li>
</ul></p>
</body>
<topic id="topic3.1">
<title> Implementation Details</title>
<body></body>
<topic id="usecase1">
<title>Get SUPL Message Parameters</title>
<body>
<p>SUPL Framework retrieves parameters like SET Capabilities and Requested
Assistance data from POS Message plug-in for SUPL Messages. Additionally,
SUPL framework sends parameters like Allowed Capabilities and Positioning
Method to the POS Plug-in for further processing.</p>
<fig>
<title><?Pub Dtl?>Get SUPL Message parameters</title>
<image href="html\images\SUPL_POS_Message_Plugin_API_completegetsuplinfo.PNG">
</image></fig>
<p>The following code sample demonstrates how SUPL Framework creates instances
of <codeph>COMASuplInfoRequest</codeph> and <codeph>COMASuplInfoRequestList</codeph> classes
to retrieve SET Capabilities from POS Message Plug-in. </p>
<p><codeblock>void COMASuplSessionRequestor::GetSetCapabilities()
{
    COMASuplInfoRequest *infoRequest = COMASuplSETCapabilities::NewL();
    COMASuplInfoRequestList *infoRequestList = COMASuplInfoRequestList::NewL();
    TOMASuplAllowedCapabilities  cap;
    cap.SetAllowedCapabilities(ETrue,EFalse,EFalse,EFalse,EFalse,EFalse,EFalse,EFalse);
    TOMASuplPositioningMethod posMethod = EGpsSETAssisted;
    infoRequestList->Append(infoRequest);
    SetPosMethodAndAllowedCapabilities(cap,posmethod);
    GetSuplInfo(infoRequestList, iStatus);
    SetActive();
}

</codeblock></p>
<p>The following sample code block demonstrates how the Pos Message Plug-in
implements the GetSuplInfoL() Method.<codeblock>EXPORT_C void COMASuplPosSession::GetSuplInfoL(COMASuplInfoRequestList *aInfoRequestList , TRequestStatus &amp; aStatus)
{
	// Retrieve every element in the aInfoRequestList.
  TInt count = aInfoRequestList->GetCount();
  for (TInt index = 0; index &lt; count; index ++)
  {
      	// Determine the type of the element
       COMASuplInfoRequest *reqElement = aInfoRequestList->GetElement(index);
			COMASuplInfoRequest::TOMASuplInfoType infoReqType = reqElement->Type();

       // Fill up the element with appropriate values
       switch(infoReqType)
       {
       case COMASuplInfoRequest::EOMASuplReqAsstData:
         FillUpRequestedAsstData(reqElement);
         break;
       case COMASuplInfoRequest::EOMASuplVelocity:
         FillUpVelocity(reqElement);
         break;
       case COMASuplInfoRequest::EOMASuplSETCapabilities:
          FillUpSetCapabilities(reqElement);
          break;
       case COMASuplInfoRequest::EOMASuplPosPayload:
          FillUpPosPayload(reqElement);
          break;
       case COMASuplInfoRequest::EOMASuplPosition:
          FillUpPosition(reqElement);
          break;
       default:
          reqElement->SetStatus(KErrOMASuplParamNotSet);
          break;
       }
  }
  User::RequestComplete (&amp;aStatus,KErrNone);
}
</codeblock></p>
</body>
</topic>
<topic id="usecase2">
<title>Generate and Process POS Payload</title>
<body>
<p>When SUPL Framework is ready to send SUPL POS Message to the network, it
requests the POS Message plug-in for POS payload using the <codeph>GetSuplInfoL</codeph> method.
SUPL FW creates the data object for POS Payload (<codeph>CSuplPosPayload</codeph>)
and performs the <codeph>GetSuplInfoL</codeph> request. When the POS Message
plug-in has the POS Payload ready to be sent, it completes the operation with <codeph>KErrNone</codeph>.
Once the SUPL Framework reads the POS payload, it re-posts the <codeph>GetSuplInfoL</codeph> request
to the POS Message plug-in. When the POS message plug-in sends out the last
POS payload, SUPL Framework stops posting the <codeph>GetSuplInfoL</codeph> request </p>
<fig>
<title><?Pub Dtl?>Generate and Process POS Payload</title>
<image href="html\images\SUPL_POS_Message_Plugin_API_posgenandhandle.PNG">
</image></fig>
<p>The following sample code demonstrates how the Pos Message Plug-in implements
the HandleSuplPosMessageL() Method.<codeblock>EXPORT_C void COMASuplPosSession::HandleSuplPosMessageL(const CSuplPosPayLoad * aPosPayload)
{
	// Clone the pos payload
  // Delete any existing memory
  delete iPosPayload;
  iPosPayload = NULL;

  iPosPayload = aPosPayload->ClonePosPayloadL ()	

  // Pass the POS Paylod to the active object
  iPosProcessor->ProcessPayload(iPosPayload);

  // Return control to SUPL FW as soon as possible
}
</codeblock></p>
</body>
</topic>
<topic id="usecase3">
<title>Get Position</title>
<body>
<p>In case of Terminal Initiated Location request, Position information is
provided by the SLP to SET in SUPL END message. if Position information is
not present in SUPL END, SUPL Framework requests the POS Message plug-in for
Position once the SUPL Session is completed. The position received from POS
Message plug-in is maintained by SUPL Framework till the SUPL Session is destroyed
by the SUPL Client.  </p>
<p><fig>
<title>Get Position</title>
<image href="html\images\SUPL_POS_Message_Plugin_API_completegetposition.PNG">
</image></fig></p>
<p>The following code sample demonstrates how the Pos Message Plug-in implements
the GetPosition method.<codeblock>EXPORT_C void COMASuplPosSession:: GetPositionL(TRequestStatus &amp; aStatus, CSuplPosition*  aPosition)
{
	// Fill up aPosition with Position information
  TDateTime dateTime(1996,EJanuary,5,00,00,00,000000);
  TOMASuplUtcTime utcTime;
  TInt zoneCode = 0;
  TInt zone = 23;

  utcTime.SetUtcTime(dateTime, zoneCode, zone);

  TOMASuplPositionEstimate posEstimate;

  TInt latitude = 100;
  TInt longitude = 100;

  posEstimate.SetPositionEstimate(TOMASuplPositionEstimate::ENorth, latitude, longitude);

  aPosition->SetPosition(utcTime, posEstimate);
  
  // Complete User request
	User::RequestComplete (&amp;aStatus ,KErrNone)
}
   
</codeblock></p>
</body>
</topic>
<topic id="reginfo">
<title>Providing Registry Information</title>
<body>
<p>SUPL POS Message Plug-in must provide registry information about itself.
The information is stored in a registry and cannot be accessed by the user. </p>
<p>Registry information is provided by creating a resource file. The resource
file must define a <codeph>REGISTRY_INFO</codeph> resource at the beginning
of the file. The resource file shall not contain anything else. The <codeph>REGISTRY_INFO</codeph> struct
and some useful constant declarations are defined in <i>registryinfo.rh</i>.
 </p>
<p>The registry information consists of the following:<ul>
<li>SUPL POS Message Plug-in Interface UID (0x102073D4) </li>
<li>SUPL POS Message Plug-in implementation UID.  </li>
<li>SUPL POS Message Plug-in version.  </li>
<li>Display name for the SUPL POS Message Plug-in. </li>
</ul></p>
<p>Note: The POS Message Plug-in developer must allocate two UIDs from Symbian: <ul>
<li>Implementation UID  </li>
<li>DLL UID.</li>
</ul> </p>
<example><codeblock>#include &lt;registryinfo.rh>#include "examplepos.hrh" // Defines KExamplePosImplUid

RESOURCE REGISTRY_INFO r_examplepos_reginfo
{
dll_uid = 0x10001234; 
interfaces =
    {
    INTERFACE_INFO
        {
        interface_uid = 0x102073D4;
        implementations =
            {
            IMPLEMENTATION_INFO
                {
                implementation_uid = KExamplePosImplUid;
                version_no = 2;
                display_name = "Example POS Plug-in";
                }
            };
        }
    };
}
</codeblock></example>
</body>
</topic>
<topic id="methodexport">
<title>Exporting a factory function</title>
<body>
<p>SUPL POS Message Plug-in is an ECom Plug-in and it must follow certain
rules in order to be loaded by the SUPL framework. To enable loading, the
POS Message Plug-in must define the following function at ordinal 1. </p>
<example><codeblock>const TImplementationProxy* ImplementationGroupProxy(TInt&amp; aTableCount)
</codeblock></example>
<p> <codeph>TImplementationProxy</codeph> is defined by ECom and it contains
information about the available factory functions. The POS Message Plug-in
must set <codeph>aTableCount</codeph> to 1 and return <codeph>TImplementationProxy</codeph>,
which points to the SUPL POS Message Plug-in factory function, i.e. NewL in
the <codeph>COMASuplPosProtocolHandler</codeph> subclass. For more information
about ECom, see reference document <xref href="#topic5">[3]</xref>.</p>
<example><codeblock>// Note! UID below is implementation UID, not DLL UID.
const TImplementationProxy KFactoryPtr =
    {{KExamplePosImplUid}, (TProxyNewLPtr) CExamplePosHandler::NewL};
 

EXPORT_C const TImplementationProxy* ImplementationGroupProxy(
    TInt&amp; aTableCount)
    {
    aTableCount = 1;
    return 
    }
</codeblock></example>
</body>
</topic>
<topic id="MMP">
<title>Defining the MMP file</title>
<body>
<p>The project file (MMP) must specify that the module is an ECom Plug-in.
For more information about ECom, see reference document <xref href="#topic5">[3]</xref>.
The second UID must be 0x10009D8D and the third UID is the POS Message Plug-in
DLL UID (allocated from Symbian).  </p>
<p>The MMP file shall at least specify <i>\epoc32\include</i>, <i>\epoc32\include\oem</i> and <i>\epoc32\include\ecom</i> as
system includes and <i>euser.lib</i> and <i>eposomasuplposmessageplugin.dll</i> as
libraries. </p>
<example><codeblock>TARGET          examplepos.dll 
TARGETTYPE      Plug-in
UID             0x10009d8d 0x10001234

CAPABILITY      CAP_ECOM_Plug-in
SOURCEPATH      ..\src
SOURCE          OMASuplPosSession.cpp
SOURCE 				OMASUPLPosHandler.cpp
USERINCLUDE     ..\src
USERINCLUDE     ..\resource

SYSTEMINCLUDE   \Epoc32\Include
SYSTEMINCLUDE   \Epoc32\Include\oem
SYSTEMINCLUDE   \Epoc32\Include\ecom

SOURCEPATH      ..\resource

START RESOURCE  exampleresource.rss   // uid of dll
TARGET 	       examplepos.rsc
TARGETPATH      \resource
END

LIBRARY         euser.lib
LIBRARY         eposomasuplposmessageplugin.lib
</codeblock></example>
<p>The following must be followed in all POS Plug-in MMP files: <ul>
<li>The target name has the file name extension DLL  </li>
<li>The target type is Plug-in (see reference document <xref href="#topic5">[3]</xref> for
details) since POS Handlers are implemented as ECom Plug-ins.  </li>
<li>The second UID is 0x10009d8d to identify the DLL as an ECom Plug-in.  </li>
<li>Resource file name is the same as the DLL file name. </li>
</ul> </p>
</body>
</topic>
</topic>
<topic id="ErrorHandling">
<title>Error handling</title>
<body>
<p>The SUPL POS Message Plug-in shall not contain any blocking calls. This
is because, the POS Message Plug-in is executed in the same thread as the
SUPL framework and the whole thread is blocked if there is a blocking call
in the POS Message Plug-in. The suggestion is to use active objects and asynchronous
calls wherever applicable. </p>
<p>SUPL Framework traps <codeph>COMASuplPosHandlerBase::CreateNewSessionL()</codeph>, <codeph>COMASuplPosSessionBase::InitializeL()</codeph>, <codeph
>COMASuplPosSessionBase::GetSuplInfoL()</codeph> , <codeph>COMASuplPosSessionBase::GetPositionL()</codeph> and <codeph>COMASuplPosSessionBase::HandleSuplPosMessageL()</codeph
>. POS Message Plug-in shall not leave from any other method in SUPL POS Message
Plug-in API. All Symbian system leaves shall be appropriately trapped in POS
Message Plug-in and the methods shall complete with appropriate Error codes.
 </p>
<p>Following tables lists the set of error codes exchanged between POS Message
Plug-in and SUPL Framework. In addition to these errors, the POS Message Plug-in
can return any of the standard errors defined by Symbian. The new error codes
are defined in <i>epos_omasuplposerrors.h</i>. </p>
<table>
<tgroup cols="2"><colspec colname="col1"/><colspec colname="col2"/>
<tbody>
<row>
<entry><b>Error</b>	</entry>
<entry><b>Purpose</b></entry>
</row>
<row>
<entry><codeph>KErrOMASuplPosInfo</codeph></entry>
<entry>SUPL Framework requests for information from POS Message using <codeph>COMASuplPosSessionBase::GetSuplInfoL</codeph>.
If the POS Message Plug-in does not have the information requested for, POS
Message Plug-in returns <codeph>KErrOMASuplPosInfo</codeph>. POS Message Plug-in
returns <codeph>KErrOMASuplPosInfo</codeph> for the <codeph>COMASuplPosSessionBase::GetPositionL()</codeph> when
the POS Message Plug-in does not have the position information.</entry>
</row>
<row>
<entry><codeph>KErrOMASuplPosInActive</codeph></entry>
<entry>Soon after creation of SUPL POS Session, SUPL Framework has to invoke <codeph>COMASuplPosSessionBase::InitializeL()</codeph>.
If SUPL Framework performs any operation before invoking <codeph>COMASuplPosSessionBase::InitializeL()</codeph>,
then, the POS Message Plug-in will return an error code, <codeph>KErrOMASuplPosInActive</codeph>.
Similarly, when the SUPL Framework is performing any operation after having
terminated the POS Session by invoking, <codeph>COMASuplPosSessionBase::SessionEnd()</codeph>,
POS Message Plug-in will return <codeph>KErrOMASuplPosInactive</codeph>.</entry>
</row>
<row>
<entry><codeph>KErrOMASuplLastPosMsg</codeph></entry>
<entry>SUPL Framework requests for information from POS Message using <codeph>COMASuplPosSessionBase::GetSuplInfoL</codeph>.
If the POS Message Plug-in does not have the more POS messages, POS Plug-in
sets <codeph>KErrOMASuplLastPosMsg</codeph> to <codeph>iReqStatus</codeph> of <codeph>COMASuplInfoRequest</codeph> .</entry>
</row>
<row>
<entry><codeph>KErrOMASuplParamNotSet</codeph></entry>
<entry>SUPL POS Message Plug-in may or may not set the optional parameters
in the SUPL POS Message plug-in API data types. If SUPL Framework makes an
attempt to retrieve an optional parameter that is not set by POS Message Plug-in,
the Get method of the data type returns <codeph>KErrOMASuplParamNetSet</codeph>.</entry>
</row>
</tbody>
</tgroup>
</table>
<p>Additional errors may be defined by the SUPL POS Message plug-in API. The
licensee implementation shall provide implementation for default handling
so that there is no functionality break in case more errors are defined in
the SUPL POS Message Plug-in API. </p>
</body>
</topic>
<topic id="MemoryOverhead">
<title>Memory overhead</title>
<body>
<p>SUPL POS Message Plug-in API does not add any additional memory to the
SUPL Framework process. The POS Handler object and POS Session object created
for every SUPL Session adds an additional memory. Objects of different data
types like SET Capabilities, Velocity, Position and Requested Assistance data
do not consume much memory. However, POS Payload received or generated can
be big based on the underlying control plane positioning protocol. As a guideline,
the licensee implementation of POS Message plug-in shall release the memory
held by POS Payload after processing is complete.</p>
</body>
</topic>
<topic id="Extensions">
<title>Extensions to the API</title>
<body>
<p>SUPL POS Message Plug-in API can be extended by defining new classes for
data types. These new classes shall not break the functionality of the existing
API. The licensee implementation of the POS Message plug-in shall provide
default handling for nonexistent data types so that any extension to the API
does not lead to a functionality break. </p>
</body>
</topic>
<topic id="topic3.5"></topic>
</topic>
<topic id="topic4">
<title>Glossary</title>
<!---->
<body>
<p> </p>
</body>
<topic id="topic4.1">
<title>Abbreviations</title>
<body>
<table frame="all">
<tgroup cols="2">
<?PubTbl tgroup rth="1.00pt"?>
<colspec colname="col1" colwidth="0.65*"/><colspec colname="col2" colwidth="1.35*"/>
<thead>
<row>
<entry valign="top"><b>Abbreviation</b></entry>
<entry valign="top"><b>Description</b></entry>
</row>
</thead>
<tbody>
<row>
<?PubTbl row rht="0.36in"?>
<entry>AFLT</entry>
<entry>Advanced Forward Link Trilateration</entry>
</row>
<row>
<entry>API</entry>
<entry>Application Programming Interface</entry>
</row>
<row>
<entry>CID</entry>
<entry>Cell IDentifier</entry>
</row>
<row>
<entry>DGPS</entry>
<entry>Differential Global Positioning System</entry>
</row>
<row>
<entry>DOS</entry>
<entry>Domestic Operating System</entry>
</row>
<row>
<entry>E-CID</entry>
<entry>Enhanced Cell IDentifiers</entry>
</row>
<row>
<entry>GSM</entry>
<entry>Internet Protocol</entry>
</row>
<row>
<entry>IP</entry>
<entry>SUPL Enabled Terminal</entry>
</row>
<row>
<entry>IS95</entry>
<entry>Interim Standard 95</entry>
</row>
<row>
<entry>LCS</entry>
<entry>Location Services</entry>
</row>
<row>
<entry>OMA</entry>
<entry>Open Mobile Alliance</entry>
</row>
<row>
<entry>OS</entry>
<entry>Operating System</entry>
</row>
<row>
<entry>RRC</entry>
<entry>Radio Resource Control</entry>
</row>
<row>
<entry>RRLP</entry>
<entry>Radio Resource LCS Protocol </entry>
</row>
<row>
<entry>SET</entry>
<entry>SUPL Enabled Terminal</entry>
</row>
<row>
<entry>SLP</entry>
<entry>SUPL Location Platform</entry>
</row>
<row>
<entry>SMS</entry>
<entry>Short Messaging Service</entry>
</row>
<row>
<entry>TIA</entry>
<entry>Telecommunications Industry Association, standardization body in the
United States</entry>
</row>
<row>
<entry>UTC</entry>
<entry>Coordinated Universal Time</entry>
</row>
<row>
<?PubTbl row rht="0.36in"?>
<entry>WAP</entry>
<entry>Wireless Application Protocol</entry>
</row>
</tbody>
</tgroup>
</table>
</body>
</topic>
<topic id="topic4.2">
<title>Definitions</title>
<body>
<table frame="all">
<tgroup cols="2">
<?PubTbl tgroup rth="1.00pt"?>
<colspec colname="col1" colwidth="0.65*"/><colspec colname="col2" colwidth="1.35*"/>
<tbody>
<row>
<entry><b>Definition</b></entry>
<entry><b>Description</b></entry>
</row>
<row>
<entry>Allowed Capabilities</entry>
<entry>These are the positioning capabilities set by the SUPL Client.</entry>
</row>
<row>
<entry>Control Plane</entry>
<entry>The control plane oversees the operation of the data plane, allocating
resources, providing information, and handling errors to allow data plane
operations to be continuous and efficient.</entry>
</row>
<row>
<entry>ECom</entry>
<entry>A system support that allows the loading of interface implementations</entry>
</row>
<row>
<entry>MMP file</entry>
<entry>A project definition file. Specifies the properties of a project in
a platform and compiler independent way.</entry>
</row>
<row>
<entry>POS Module</entry>
<entry>The licensee component that interacts with SUPL Framework as well as
control plane positioning protocol that resides in the Domestic Operating
System</entry>
</row>
<row>
<entry>Positioning Method</entry>
<entry>The type of positioning desired by the SUPL Client</entry>
</row>
<row>
<entry>SUPL Subsystem</entry>
<entry>S60 subsystems that handles exchange of SUPL messages between the hand
set and the network</entry>
</row>
<row>
<entry>Network Initiated Location Request</entry>
<entry>A Location Request that originates in the network</entry>
</row>
<row>
<entry>Terminal Initiated Location Request</entry>
<entry>A Location Request that originates in the SET</entry>
</row>
<row>
<entry>SUPL Enabled Terminal (SET)</entry>
<entry>A device that is capable of communicating with a SUPL network. Examples
of this could be Mobile Terminal in GSM or IS95.</entry>
</row>
<row>
<entry>SUPL Location Platform (SLP)</entry>
<entry>Entity responsible for Service management and Position determination.
SUPL Location Platform contains the SUPL Location Center and SUPL Positioning
Center functions.</entry>
</row>
<row>
<entry>UID</entry>
<entry>Unique Identifier number in Symbian OS.</entry>
</row>
<row>
<entry>User plane</entry>
<entry>Packet or Circuit Switched Data Channels</entry>
</row>
</tbody>
</tgroup>
</table>
</body>
</topic>
</topic>
<topic id="topic">
<title>References</title>
<body>
<table frame="all">
<tgroup cols="2">
<?PubTbl tgroup rth="1.00pt"?>
<colspec colname="col1" colwidth="1.00*"/><colspec colname="col2" colwidth="1.00*"/>
<tbody>
<row>
<entry><?Pub _bookmark Command="[1]"?>1. OMA-AD-SUPL-V1_0</entry>
<entry>SUPL Architecture Description by OMA <xref href="http://member.openmobilealliance.org/">http://member.openmobilealliance.org/</xref></entry>
</row>
<row>
<entry>2. OMA-TS-ULP-V1</entry>
<entry>SUPL Technical Specification by OMA <xref href="http://member.openmobilealliance.org/">http://member.openmobilealliance.org/</xref></entry>
</row>
<row>
<entry>3. Plug-in Architecture 6.2 – ECom Architecture Overview</entry>
<entry><xref href="http://www.symbian.com/">http://www.symbian.com/</xref></entry>
</row>
<row>
<entry>4. S60 Location Acquisition API Specification</entry>
<entry></entry>
</row>
<row>
<entry>5. S60 SUPL Subsystem Design Document</entry>
<entry></entry>
</row>
<row>
<entry>6. S60 SUPL Terminal Initiation API Specification</entry>
<entry></entry>
</row>
<row>
<entry>7. S60 SUPL Network Initiation API Specification</entry>
<entry></entry>
</row>
</tbody>
</tgroup>
</table>
</body>
</topic>
</dita>
<?Pub *0000040985?>
